입출항구분,국가명,연도,물동량
입항,가나,2020,774.0
입항,가봉,2020,9.0
입항,가이아나,2020,79.0
입항,감비아,2020,98.0
입항,과들루프,2020,0.0
입항,과테말라,2020,6007.0
입항,괌,2020,10166.0
입항,그리스,2020,13427.0
입항,기니,2020,886.0
입항,기니비사우,2020,32.0
입항,나미비아,2020,218.0
입항,나이지리아,2020,1352.0
입항,남아프리카,2020,8135.0
입항,네덜란드,2020,84814.0
입항,노르웨이,2020,5475.5
입항,뉴질랜드,2020,32450.0
입항,뉴칼레도니아,2020,1915.0
입항,니카라과,2020,653.0
입항,대만,2020,70045.0
입항,대한민국,2020,60265.25
입항,덴마크,2020,10980.0
입항,도미니카 공화국,2020,1874.0
입항,도미니카 연방,2020,2.0
입항,독일,2020,109214.75
입항,동티모르,2020,2.0
입항,라이베리아,2020,55.0
입항,라트비아,2020,11132.0
입항,러시아,2020,84461.0
입항,레바논,2020,1797.0
입항,레위니옹,2020,32.0
입항,루마니아,2020,8623.5
입항,리비아,2020,705.0
입항,리투아니아,2020,3127.25
입항,마다가스카르,2020,223.0
입항,마르티니크,2020,2.0
입항,마샬 제도,2020,5311.0
입항,말레이시아,2020,84039.0
입항,말리,2020,2.0
입항,멕시코,2020,81323.5
입항,모로코,2020,2169.0
입항,모리셔스,2020,191.0
입항,모리타니,2020,323.0
입항,모잠비크,2020,1180.0
입항,몬테네그로,2020,643.0
입항,몰타,2020,1264.0
입항,미국,2020,687154.5
입항,미얀마,2020,7844.0
입항,미크로네시아,2020,140.0
입항,바누아투,2020,1111.0
입항,바레인,2020,1325.0
입항,바베이도스,2020,20.0
입항,바하마,2020,12.0
입항,방글라데시,2020,7472.0
입항,베냉,2020,8.0
입항,베네수엘라,2020,532.0
입항,베트남,2020,150785.0
입항,벨기에,2020,39833.25
입항,벨리즈,2020,1.0
입항,북마리아나 제도,2020,6515.25
입항,불가리아,2020,885.0
입항,브라질,2020,34496.0
입항,브루나이,2020,59.0
입항,사모아,2020,3968.0
입항,사우디아라비아,2020,22907.0
입항,세네갈,2020,1130.0
입항,세르비아,2020,8.0
입항,세이셸,2020,34.0
입항,세인트 빈센트 그레나딘,2020,10.0
입항,세인트루시아,2020,12.0
입항,소말리아,2020,48.0
입항,솔로몬제도,2020,13.0
입항,수단,2020,205.0
입항,수리남,2020,1037.0
입항,스리랑카,2020,4074.0
입항,스웨덴,2020,14622.0
입항,스위스,2020,8.0
입항,스페인,2020,36748.75
입항,슬로베니아,2020,14726.5
입항,시리아,2020,1.0
입항,시에라 리온,2020,776.0
입항,싱가포르,2020,44875.75
입항,아랍에미리트연합국,2020,52722.75
입항,아루바,2020,0.0
입항,아르헨티나,2020,7597.0
입항,아메리칸사모아,2020,1644.0
입항,아이슬란드,2020,84.0
입항,아이티,2020,59.0
입항,아일랜드,2020,1824.0
입항,알바니아,2020,36.0
입항,알제리,2020,219.0
입항,앙골라,2020,1045.0
입항,앤틸리스제도,2020,33.0
입항,에스토니아,2020,4877.0
입항,에콰도르,2020,10407.5
입항,엘살바도르,2020,868.0
입항,영국,2020,21389.25
입항,예멘,2020,1731.0
입항,오만,2020,8443.0
입항,오스트리아,2020,0.0
입항,온두라스,2020,2527.75
입항,요르단,2020,3333.0
입항,우루과이,2020,2210.0
입항,우크라이나,2020,4802.0
입항,원양어획지역,2020,22.0
입항,이라크,2020,1649.0
입항,이란,2020,118.0
입항,이스라엘,2020,8466.0
입항,이집트,2020,16039.5
입항,이탈리아,2020,54858.5
입항,인도,2020,110664.25
입항,인도네시아,2020,76765.75
입항,일본,2020,833983.75
입항,자메이카,2020,10370.25
입항,적도 기니,2020,19.0
입항,조지아,2020,221.0
입항,중국,2020,1126398.5
입항,지부티,2020,1071.0
입항,지브롤터,2020,29.0
입항,체코,2020,40.0
입항,칠레,2020,67051.0
입항,카메룬,2020,15.0
입항,카보 베르데,2020,0.0
입항,카타르,2020,5475.0
입항,캄보디아,2020,1644.0
입항,캐나다,2020,90616.5
입항,케냐,2020,373.0
입항,코모로,2020,3.0
입항,코스타리카,2020,1105.0
입항,코트디부아르,2020,78.0
입항,콜롬비아,2020,14837.0
입항,콩고,2020,140.0
입항,콩고 민주 공화국,2020,37.0
입항,쿠바,2020,8.0
입항,쿠웨이트,2020,644.0
입항,퀴라소,2020,0.0
입항,크로아티아,2020,1468.0
입항,키리바시,2020,839.0
입항,키프로스,2020,144.0
입항,탄자니아,2020,2612.0
입항,태국,2020,78970.25
입항,토고,2020,1240.0
입항,통가,2020,1454.0
입항,튀니지,2020,671.0
입항,튀르키예,2020,27303.75
입항,트리니다드 토바고,2020,662.0
입항,파나마,2020,47218.75
입항,파라과이,2020,317.0
입항,파키스탄,2020,15437.5
입항,파푸아 뉴기니,2020,347.0
입항,팔라우,2020,56.0
입항,페로 제도,2020,2.0
입항,페루,2020,27227.0
입항,포르투갈,2020,3082.0
입항,폴란드,2020,12822.0
입항,푸에르토리코,2020,1914.0
입항,프랑스,2020,29817.25
입항,프랑스령 기아나,2020,9.0
입항,프랑스령 폴리네시아,2020,3425.0
입항,피지,2020,1433.0
입항,핀란드,2020,12626.0
입항,필리핀,2020,57216.75
입항,헝가리,2020,115.0
입항,호주,2020,146466.5
입항,홍콩,2020,40253.0
출항,가나,2020,3203.0
출항,가봉,2020,16.0
출항,가이아나,2020,73.0
출항,감비아,2020,6.0
출항,과들루프,2020,21.0
출항,과테말라,2020,2702.0
출항,괌,2020,2785.0
출항,그레나다,2020,32.0
출항,그리스,2020,16723.0
출항,기니,2020,170.0
출항,나미비아,2020,55.0
출항,나우루,2020,0.0
출항,나이지리아,2020,2756.0
출항,남아프리카,2020,4869.0
출항,네덜란드,2020,68338.75
출항,노르웨이,2020,306.0
출항,뉴질랜드,2020,16432.0
출항,뉴칼레도니아,2020,273.0
출항,니카라과,2020,803.5
출항,대만,2020,125381.5
출항,대한민국,2020,94203.5
출항,덴마크,2020,2137.0
출항,도미니카 공화국,2020,2240.0
출항,도미니카 연방,2020,5.0
출항,독일,2020,85075.0
출항,동티모르,2020,10.0
출항,라이베리아,2020,66.0
출항,라트비아,2020,462.25
출항,러시아,2020,134270.5
출항,레바논,2020,1061.0
출항,레위니옹,2020,51.0
출항,루마니아,2020,3180.0
출항,리비아,2020,1387.0
출항,리투아니아,2020,2491.0
출항,마다가스카르,2020,90.0
출항,마르티니크,2020,37.0
출항,마샬 제도,2020,773.0
출항,마요트,2020,84.0
출항,마카오,2020,1.0
출항,말레이시아,2020,93544.25
출항,멕시코,2020,149003.5
출항,모로코,2020,2635.0
출항,모리셔스,2020,150.0
출항,모리타니,2020,84.0
출항,모잠비크,2020,1309.0
출항,몬테네그로,2020,38.0
출항,몰디브,2020,23.0
출항,몰타,2020,635.0
출항,미국,2020,801271.5
출항,미국령 버진아일랜드,2020,1.0
출항,미얀마,2020,1517.25
출항,미크로네시아,2020,333.0
출항,바누아투,2020,483.0
출항,바레인,2020,451.0
출항,바베이도스,2020,38.0
출항,바하마,2020,25976.0
출항,방글라데시,2020,565.0
출항,베냉,2020,58.0
출항,베네수엘라,2020,376.0
출항,베트남,2020,232100.0
출항,벨기에,2020,21883.0
출항,벨리즈,2020,32.0
출항,북마리아나 제도,2020,924.0
출항,불가리아,2020,674.0
출항,브라질,2020,50219.0
출항,브루나이,2020,0.0
출항,사모아,2020,94.0
출항,사우디아라비아,2020,44105.5
출항,세네갈,2020,735.0
출항,세이셸,2020,123.0
출항,세인트루시아,2020,16.0
출항,세인트키츠 네비스,2020,12.0
출항,소말리아,2020,153.0
출항,솔로몬제도,2020,450.0
출항,수단,2020,1227.0
출항,수리남,2020,32.0
출항,스리랑카,2020,13572.0
출항,스웨덴,2020,4732.0
출항,스페인,2020,34634.75
출항,슬로베니아,2020,93265.75
출항,시리아,2020,1716.0
출항,시에라 리온,2020,34.0
출항,싱가포르,2020,77908.25
출항,아랍에미리트연합국,2020,68517.5
출항,아루바,2020,1.0
출항,아르헨티나,2020,6418.0
출항,아메리칸사모아,2020,820.0
출항,아이티,2020,208.0
출항,아일랜드,2020,427.0
출항,알바니아,2020,122.0
출항,알제리,2020,2674.0
출항,앙골라,2020,713.0
출항,앤티가 바부다,2020,2.0
출항,앤틸리스제도,2020,46.0
출항,에스토니아,2020,714.25
출항,에콰도르,2020,20467.0
출항,엘살바도르,2020,794.0
출항,영국,2020,25296.75
출항,영국령 버진아일랜드,2020,2.0
출항,예멘,2020,453.0
출항,오만,2020,4054.0
출항,온두라스,2020,496.0
출항,요르단,2020,2774.25
출항,우루과이,2020,2952.0
출항,우크라이나,2020,2294.0
출항,이라크,2020,2802.75
출항,이란,2020,12.0
출항,이스라엘,2020,12971.25
출항,이집트,2020,42384.25
출항,이탈리아,2020,48541.5
출항,인도,2020,130510.75
출항,인도네시아,2020,87049.25
출항,일본,2020,439522.0
출항,자메이카,2020,3323.0
출항,적도 기니,2020,6.0
출항,조지아,2020,404.0
출항,중국,2020,1158596.25
출항,지부티,2020,334.0
출항,지브롤터,2020,1.0
출항,칠레,2020,27715.0
출항,카메룬,2020,326.0
출항,카보 베르데,2020,0.0
출항,카타르,2020,4382.0
출항,캄보디아,2020,5260.25
출항,캐나다,2020,120916.0
출항,케냐,2020,2134.0
출항,케이맨 제도,2020,2.0
출항,코모로,2020,6.0
출항,코스타리카,2020,806.0
출항,코트디부아르,2020,691.0
출항,콜롬비아,2020,16058.0
출항,콩고,2020,263.0
출항,콩고 민주 공화국,2020,405.0
출항,쿠바,2020,273.0
출항,쿠웨이트,2020,1127.0
출항,크로아티아,2020,8577.25
출항,키리바시,2020,42.0
출항,키프로스,2020,133.0
출항,탄자니아,2020,2177.0
출항,태국,2020,101437.0
출항,토고,2020,1979.0
출항,통가,2020,75.0
출항,튀니지,2020,792.0
출항,튀르키예,2020,88383.25
출항,트리니다드 토바고,2020,627.0
출항,파나마,2020,26774.5
출항,파라과이,2020,108.0
출항,파키스탄,2020,14317.0
출항,파푸아 뉴기니,2020,940.0
출항,팔라우,2020,92.0
출항,페루,2020,15254.0
출항,포르투갈,2020,3052.0
출항,폴란드,2020,8398.0
출항,푸에르토리코,2020,328.0
출항,프랑스,2020,15623.0
출항,프랑스령 기아나,2020,11.0
출항,프랑스령 폴리네시아,2020,70.0
출항,피지,2020,504.0
출항,핀란드,2020,479.0
출항,필리핀,2020,43610.0
출항,헝가리,2020,74.0
출항,호주,2020,64256.0
출항,홍콩,2020,76334.0
입항환적,가나,2020,545.0
입항환적,가봉,2020,926.0
입항환적,가이아나,2020,2249.0
입항환적,감비아,2020,14.0
입항환적,과들루프,2020,14.0
입항환적,과테말라,2020,4807.0
입항환적,괌,2020,3349.75
입항환적,그리스,2020,4608.0
입항환적,기니,2020,2.0
입항환적,기니비사우,2020,4.0
입항환적,기타국가,2020,15.0
입항환적,나미비아,2020,58.0
입항환적,나이지리아,2020,1333.0
입항환적,남아프리카,2020,7565.0
입항환적,네덜란드,2020,31778.5
입항환적,노르웨이,2020,2047.25
입항환적,뉴질랜드,2020,29057.0
입항환적,뉴칼레도니아,2020,5716.0
입항환적,니카라과,2020,3738.0
입항환적,대만,2020,70992.75
입항환적,대한민국,2020,104171.0
입항환적,덴마크,2020,2537.0
입항환적,도미니카 공화국,2020,870.0
입항환적,도미니카 연방,2020,0.0
입항환적,독일,2020,38261.5
입항환적,동티모르,2020,38.0
입항환적,라이베리아,2020,0.0
입항환적,라트비아,2020,3410.0
입항환적,러시아,2020,175041.0
입항환적,레바논,2020,157.0
입항환적,레위니옹,2020,6.0
입항환적,루마니아,2020,8885.0
입항환적,리비아,2020,40.0
입항환적,리투아니아,2020,644.0
입항환적,마다가스카르,2020,89.0
입항환적,마르티니크,2020,22.0
입항환적,마샬 제도,2020,563.0
입항환적,마카오,2020,2.0
입항환적,말레이시아,2020,88014.0
입항환적,멕시코,2020,65110.5
입항환적,모로코,2020,971.0
입항환적,모리셔스,2020,313.0
입항환적,모리타니,2020,381.0
입항환적,모잠비크,2020,527.0
입항환적,몬테네그로,2020,25.0
입항환적,몰디브,2020,7.0
입항환적,몰타,2020,391.0
입항환적,미국,2020,646792.25
입항환적,미얀마,2020,3036.0
입항환적,미크로네시아,2020,121.0
입항환적,바누아투,2020,541.0
입항환적,바레인,2020,716.0
입항환적,바베이도스,2020,79.0
입항환적,바하마,2020,10.0
입항환적,방글라데시,2020,5572.75
입항환적,베냉,2020,0.0
입항환적,베네수엘라,2020,966.0
입항환적,베트남,2020,109505.75
입항환적,벨기에,2020,15038.5
입항환적,벨리즈,2020,170.0
입항환적,북마리아나 제도,2020,644.5
입항환적,불가리아,2020,1471.0
입항환적,브라질,2020,63502.0
입항환적,브루나이,2020,104.0
입항환적,사모아,2020,316.0
입항환적,사우디아라비아,2020,14622.0
입항환적,세네갈,2020,1580.0
입항환적,세이셸,2020,151.0
입항환적,세인트루시아,2020,78.0
입항환적,소말리아,2020,4.0
입항환적,솔로몬제도,2020,29.0
입항환적,수단,2020,4857.0
입항환적,수리남,2020,2092.0
입항환적,스리랑카,2020,4508.75
입항환적,스웨덴,2020,10199.0
입항환적,스페인,2020,23989.0
입항환적,슬로베니아,2020,8606.0
입항환적,시리아,2020,24.0
입항환적,시에라 리온,2020,83.0
입항환적,싱가포르,2020,25518.75
입항환적,아랍에미리트연합국,2020,27480.5
입항환적,아루바,2020,0.0
입항환적,아르헨티나,2020,11281.0
입항환적,아메리칸사모아,2020,104.0
입항환적,아이슬란드,2020,97.0
입항환적,아이티,2020,182.0
입항환적,아일랜드,2020,795.0
입항환적,알바니아,2020,546.0
입항환적,알제리,2020,24.0
입항환적,앙골라,2020,295.0
입항환적,앤티가 바부다,2020,0.0
입항환적,앤틸리스제도,2020,1.0
입항환적,에스토니아,2020,743.0
입항환적,에콰도르,2020,64413.25
입항환적,엘살바도르,2020,912.0
입항환적,영국,2020,6741.75
입항환적,예멘,2020,9.0
입항환적,오만,2020,8625.0
입항환적,오스트리아,2020,0.0
입항환적,온두라스,2020,643.0
입항환적,요르단,2020,2690.0
입항환적,우루과이,2020,4885.0
입항환적,우크라이나,2020,9943.5
입항환적,원양어획지역,2020,890.0
입항환적,이라크,2020,78.0
입항환적,이란,2020,0.0
입항환적,이스라엘,2020,3051.0
입항환적,이집트,2020,7866.0
입항환적,이탈리아,2020,31112.75
입항환적,인도,2020,57545.0
입항환적,인도네시아,2020,130855.75
입항환적,일본,2020,805793.25
입항환적,자메이카,2020,1667.0
입항환적,적도 기니,2020,28.0
입항환적,조지아,2020,725.0
입항환적,중국,2020,2533845.75
입항환적,지부티,2020,287.0
입항환적,지브롤터,2020,0.0
입항환적,차드,2020,1.0
입항환적,체코,2020,1.0
입항환적,칠레,2020,75856.0
입항환적,카메룬,2020,93.0
입항환적,카보 베르데,2020,18.0
입항환적,카타르,2020,2947.0
입항환적,캄보디아,2020,5242.0
입항환적,캐나다,2020,159669.25
입항환적,케냐,2020,659.0
입항환적,코모로,2020,2.0
입항환적,코스타리카,2020,4778.0
입항환적,코트디부아르,2020,137.0
입항환적,콜롬비아,2020,9236.75
입항환적,콩고,2020,3.0
입항환적,콩고 민주 공화국,2020,94.0
입항환적,쿠바,2020,867.0
입항환적,쿠웨이트,2020,473.0
입항환적,퀴라소,2020,13.0
입항환적,크로아티아,2020,1111.0
입항환적,키리바시,2020,18.0
입항환적,키프로스,2020,199.0
입항환적,탄자니아,2020,211.0
입항환적,태국,2020,99174.5
입항환적,토고,2020,50.0
입항환적,통가,2020,46.0
입항환적,튀니지,2020,114.0
입항환적,튀르키예,2020,28640.0
입항환적,트리니다드 토바고,2020,226.0
입항환적,파나마,2020,24258.75
입항환적,파라과이,2020,301.0
입항환적,파키스탄,2020,12901.5
입항환적,파푸아 뉴기니,2020,161.0
입항환적,팔라우,2020,5.0
입항환적,페로 제도,2020,4.0
입항환적,페루,2020,27772.0
입항환적,포르투갈,2020,3020.25
입항환적,폴란드,2020,1972.0
입항환적,푸에르토리코,2020,1858.0
입항환적,프랑스,2020,17877.0
입항환적,프랑스령 폴리네시아,2020,63.0
입항환적,피지,2020,461.0
입항환적,핀란드,2020,13703.0
입항환적,필리핀,2020,84358.75
입항환적,헝가리,2020,14.0
입항환적,호주,2020,100677.5
입항환적,홍콩,2020,36836.25
출항환적,가나,2020,1253.5
출항환적,가봉,2020,58.0
출항환적,가이아나,2020,2611.0
출항환적,감비아,2020,120.0
출항환적,과들루프,2020,168.0
출항환적,과테말라,2020,16396.75
출항환적,괌,2020,3908.5
출항환적,그레나다,2020,474.0
출항환적,그리스,2020,11596.25
출항환적,기니,2020,225.0
출항환적,나미비아,2020,682.0
출항환적,나우루,2020,34.0
출항환적,나이지리아,2020,1494.0
출항환적,남아프리카,2020,3289.0
출항환적,네덜란드,2020,27419.25
출항환적,노르웨이,2020,267.0
출항환적,뉴질랜드,2020,16099.0
출항환적,뉴칼레도니아,2020,4769.0
출항환적,니카라과,2020,2169.5
출항환적,대만,2020,93732.75
출항환적,대한민국,2020,195619.5
출항환적,덴마크,2020,1932.0
출항환적,도미니카 공화국,2020,18614.0
출항환적,도미니카 연방,2020,83.25
출항환적,독일,2020,27118.0
출항환적,동티모르,2020,6.0
출항환적,라이베리아,2020,43.0
출항환적,라트비아,2020,237.0
출항환적,러시아,2020,231039.75
출항환적,레바논,2020,2028.75
출항환적,레위니옹,2020,3.0
출항환적,루마니아,2020,3760.75
출항환적,리비아,2020,948.25
출항환적,리투아니아,2020,430.0
출항환적,마다가스카르,2020,196.0
출항환적,마르티니크,2020,110.0
출항환적,마샬 제도,2020,1629.0
출항환적,마요트,2020,0.0
출항환적,마카오,2020,12.0
출항환적,말레이시아,2020,51257.5
출항환적,멕시코,2020,246308.75
출항환적,모로코,2020,3160.75
출항환적,모리셔스,2020,212.0
출항환적,모리타니,2020,87.0
출항환적,모잠비크,2020,631.0
출항환적,몬테네그로,2020,93.25
출항환적,몰디브,2020,38.0
출항환적,몰타,2020,417.0
출항환적,미국,2020,1096340.75
출항환적,미국령 버진아일랜드,2020,34.0
출항환적,미얀마,2020,1235.0
출항환적,미크로네시아,2020,1723.0
출항환적,바누아투,2020,4476.0
출항환적,바레인,2020,37.0
출항환적,바베이도스,2020,1264.0
출항환적,바하마,2020,90444.25
출항환적,방글라데시,2020,410.0
출항환적,버뮤다,2020,0.0
출항환적,베냉,2020,71.0
출항환적,베네수엘라,2020,9226.5
출항환적,베트남,2020,101706.25
출항환적,벨기에,2020,11303.25
출항환적,벨리즈,2020,169.0
출항환적,볼리비아,2020,6.0
출항환적,북마리아나 제도,2020,1087.5
출항환적,불가리아,2020,602.0
출항환적,브라질,2020,47529.0
출항환적,브루나이,2020,10.0
출항환적,사모아,2020,2776.0
출항환적,사우디아라비아,2020,22463.5
출항환적,상투메 프린시페,2020,0.0
출항환적,세네갈,2020,314.0
출항환적,세이셸,2020,6.0
출항환적,세인트 빈센트 그레나딘,2020,124.0
출항환적,세인트루시아,2020,243.0
출항환적,세인트키츠 네비스,2020,40.0
출항환적,소말리아,2020,42.0
출항환적,솔로몬제도,2020,2839.0
출항환적,수단,2020,979.0
출항환적,수리남,2020,4195.0
출항환적,스리랑카,2020,571.0
출항환적,스웨덴,2020,2009.0
출항환적,스페인,2020,21080.5
출항환적,슬로베니아,2020,6040.0
출항환적,시리아,2020,3728.75
출항환적,시에라 리온,2020,149.0
출항환적,싱가포르,2020,61906.0
출항환적,아랍에미리트연합국,2020,47831.75
출항환적,아루바,2020,79.0
출항환적,아르헨티나,2020,8361.0
출항환적,아메리칸사모아,2020,1672.0
출항환적,아이티,2020,2947.0
출항환적,아일랜드,2020,392.25
출항환적,알바니아,2020,87.0
출항환적,알제리,2020,2233.0
출항환적,앙골라,2020,39.0
출항환적,앤티가 바부다,2020,167.0
출항환적,앤틸리스제도,2020,404.0
출항환적,앵귈라,2020,9.0
출항환적,에리트레아,2020,7.0
출항환적,에스토니아,2020,126.0
출항환적,에콰도르,2020,45430.0
출항환적,엘살바도르,2020,4379.5
출항환적,영국,2020,14824.75
출항환적,영국령 버진아일랜드,2020,28.0
출항환적,예멘,2020,49.0
출항환적,오만,2020,3491.0
출항환적,온두라스,2020,4781.75
출항환적,왈리스 푸투나,2020,0.0
출항환적,요르단,2020,3660.0
출항환적,우루과이,2020,1933.0
출항환적,우크라이나,2020,5536.0
출항환적,원양어획지역,2020,27.0
출항환적,이라크,2020,787.25
출항환적,이란,2020,15.0
출항환적,이스라엘,2020,11991.25
출항환적,이집트,2020,19786.75
출항환적,이탈리아,2020,18454.0
출항환적,인도,2020,32577.25
출항환적,인도네시아,2020,54461.5
출항환적,일본,2020,906754.0
출항환적,자메이카,2020,15141.25
출항환적,적도 기니,2020,2.0
출항환적,조지아,2020,1447.5
출항환적,중국,2020,1297318.0
출항환적,지부티,2020,217.0
출항환적,칠레,2020,179192.75
출항환적,카메룬,2020,245.0
출항환적,카보 베르데,2020,1.0
출항환적,카타르,2020,3313.5
출항환적,캄보디아,2020,508.0
출항환적,캐나다,2020,305485.25
출항환적,케냐,2020,918.0
출항환적,케이맨 제도,2020,94.0
출항환적,코모로,2020,0.0
출항환적,코스타리카,2020,9562.75
출항환적,코트디부아르,2020,327.0
출항환적,콜롬비아,2020,81353.5
출항환적,콩고,2020,22.0
출항환적,콩고 민주 공화국,2020,52.0
출항환적,쿠바,2020,2495.0
출항환적,쿠웨이트,2020,554.0
출항환적,쿡 제도,2020,1.0
출항환적,퀴라소,2020,13.0
출항환적,크로아티아,2020,1350.5
출항환적,키리바시,2020,1957.0
출항환적,키프로스,2020,100.0
출항환적,탄자니아,2020,497.0
출항환적,태국,2020,86984.25
출항환적,토고,2020,132.5
출항환적,통가,2020,1014.0
출항환적,투발루,2020,2.0
출항환적,튀니지,2020,1622.5
출항환적,튀르키예,2020,37092.75
출항환적,트리니다드 토바고,2020,5614.0
출항환적,파나마,2020,51707.0
출항환적,파라과이,2020,207.0
출항환적,파키스탄,2020,6212.75
출항환적,파푸아 뉴기니,2020,5367.0
출항환적,팔라우,2020,169.0
출항환적,페루,2020,61891.0
출항환적,포르투갈,2020,372.0
출항환적,폴란드,2020,2155.0
출항환적,푸에르토리코,2020,7597.0
출항환적,프랑스,2020,11960.5
출항환적,프랑스령 기아나,2020,38.0
출항환적,프랑스령 폴리네시아,2020,828.0
출항환적,피지,2020,5096.0
출항환적,핀란드,2020,429.0
출항환적,필리핀,2020,56663.0
출항환적,호주,2020,25313.25
출항환적,홍콩,2020,51704.25
입항,가나,2021,382.0
입항,가봉,2021,64.0
입항,가이아나,2021,45.0
입항,감비아,2021,58.0
입항,과들루프,2021,4.0
입항,과테말라,2021,4658.0
입항,괌,2021,6969.0
입항,그리스,2021,11364.25
입항,기니,2021,937.0
입항,기니비사우,2021,42.0
입항,나미비아,2021,140.0
입항,나이지리아,2021,689.0
입항,남아프리카,2021,9601.0
입항,네덜란드,2021,89134.75
입항,노르웨이,2021,7352.0
입항,뉴질랜드,2021,29332.0
입항,뉴칼레도니아,2021,2984.0
입항,니카라과,2021,197.0
입항,대만,2021,86778.75
입항,대한민국,2021,77131.75
입항,덴마크,2021,11970.0
입항,도미니카 공화국,2021,1502.0
입항,도미니카 연방,2021,0.0
입항,독일,2021,106528.0
입항,동티모르,2021,2.0
입항,라이베리아,2021,29.0
입항,라트비아,2021,11288.0
입항,러시아,2021,143904.75
입항,레바논,2021,1254.0
입항,레위니옹,2021,25.0
입항,루마니아,2021,6350.5
입항,리비아,2021,404.0
입항,리투아니아,2021,4620.25
입항,마다가스카르,2021,101.0
입항,마르티니크,2021,6.0
입항,마샬 제도,2021,4858.0
입항,말레이시아,2021,96223.25
입항,말리,2021,0.0
입항,멕시코,2021,100306.5
입항,모로코,2021,3379.0
입항,모리셔스,2021,118.0
입항,모리타니,2021,303.0
입항,모잠비크,2021,1139.0
입항,몬테네그로,2021,1444.0
입항,몰타,2021,1537.25
입항,미국,2021,735726.75
입항,미얀마,2021,4132.0
입항,미크로네시아,2021,131.0
입항,바누아투,2021,1879.0
입항,바레인,2021,2588.0
입항,바베이도스,2021,0.0
입항,바하마,2021,3.0
입항,방글라데시,2021,7320.0
입항,베냉,2021,27.0
입항,베네수엘라,2021,381.0
입항,베트남,2021,164976.0
입항,벨기에,2021,43211.0
입항,벨리즈,2021,0.0
입항,북마리아나 제도,2021,9795.5
입항,불가리아,2021,914.25
입항,브라질,2021,38115.0
입항,브루나이,2021,22.0
입항,사모아,2021,2644.0
입항,사우디아라비아,2021,22533.75
입항,세네갈,2021,1194.0
입항,세르비아,2021,2.0
입항,세이셸,2021,103.0
입항,세인트 빈센트 그레나딘,2021,0.0
입항,세인트루시아,2021,8.0
입항,소말리아,2021,34.0
입항,솔로몬제도,2021,56.0
입항,수단,2021,424.0
입항,수리남,2021,401.0
입항,스리랑카,2021,4812.0
입항,스웨덴,2021,15079.0
입항,스위스,2021,15.0
입항,스페인,2021,44959.25
입항,슬로베니아,2021,15925.75
입항,시리아,2021,1.0
입항,시에라 리온,2021,165.0
입항,싱가포르,2021,65197.25
입항,아랍에미리트연합국,2021,65359.0
입항,아루바,2021,10.0
입항,아르헨티나,2021,7962.0
입항,아메리칸사모아,2021,937.0
입항,아이슬란드,2021,12.0
입항,아이티,2021,93.0
입항,아일랜드,2021,2152.0
입항,알바니아,2021,2367.0
입항,알제리,2021,8.0
입항,앙골라,2021,56.0
입항,앤틸리스제도,2021,9.0
입항,에스토니아,2021,3096.25
입항,에콰도르,2021,13330.0
입항,엘살바도르,2021,2176.0
입항,영국,2021,27827.25
입항,예멘,2021,1687.75
입항,오만,2021,7804.0
입항,오스트리아,2021,2.0
입항,온두라스,2021,891.0
입항,요르단,2021,2523.0
입항,우루과이,2021,2496.0
입항,우크라이나,2021,4612.25
입항,원양어획지역,2021,4.0
입항,이라크,2021,16.0
입항,이란,2021,289.0
입항,이스라엘,2021,6730.0
입항,이집트,2021,17730.5
입항,이탈리아,2021,63326.5
입항,인도,2021,124093.75
입항,인도네시아,2021,90140.0
입항,일본,2021,775342.25
입항,자메이카,2021,7711.0
입항,적도 기니,2021,13.0
입항,조지아,2021,221.0
입항,중국,2021,1232380.75
입항,지부티,2021,1148.0
입항,지브롤터,2021,0.0
입항,체코,2021,9.0
입항,칠레,2021,63117.0
입항,카메룬,2021,26.0
입항,카보 베르데,2021,2.0
입항,카타르,2021,8405.75
입항,캄보디아,2021,1600.0
입항,캐나다,2021,103319.5
입항,케냐,2021,542.0
입항,코모로,2021,0.0
입항,코스타리카,2021,2295.0
입항,코트디부아르,2021,121.0
입항,콜롬비아,2021,14990.0
입항,콩고,2021,48.0
입항,콩고 민주 공화국,2021,68.0
입항,쿠바,2021,47.0
입항,쿠웨이트,2021,1296.0
입항,퀴라소,2021,10.0
입항,크로아티아,2021,2253.0
입항,키리바시,2021,2361.0
입항,키프로스,2021,157.0
입항,탄자니아,2021,3074.0
입항,태국,2021,84669.25
입항,토고,2021,384.0
입항,통가,2021,2540.0
입항,튀니지,2021,898.0
입항,튀르키예,2021,26007.5
입항,트리니다드 토바고,2021,440.0
입항,파나마,2021,37584.0
입항,파라과이,2021,254.0
입항,파키스탄,2021,20882.25
입항,파푸아 뉴기니,2021,606.0
입항,팔라우,2021,24.0
입항,페로 제도,2021,0.0
입항,페루,2021,19018.0
입항,포르투갈,2021,3023.0
입항,폴란드,2021,13953.75
입항,푸에르토리코,2021,1793.0
입항,프랑스,2021,38269.5
입항,프랑스령 기아나,2021,2.0
입항,프랑스령 폴리네시아,2021,2463.0
입항,피지,2021,1000.0
입항,핀란드,2021,14204.0
입항,필리핀,2021,53752.25
입항,헝가리,2021,106.0
입항,호주,2021,152347.0
입항,홍콩,2021,57540.0
출항,가나,2021,3610.0
출항,가봉,2021,37.0
출항,가이아나,2021,164.0
출항,감비아,2021,8.0
출항,과들루프,2021,20.0
출항,과테말라,2021,5016.0
출항,괌,2021,2599.75
출항,그레나다,2021,20.0
출항,그리스,2021,10463.5
출항,기니,2021,176.0
출항,나미비아,2021,58.0
출항,나우루,2021,1.0
출항,나이지리아,2021,2139.75
출항,남아프리카,2021,4084.0
출항,네덜란드,2021,92975.25
출항,노르웨이,2021,315.25
출항,뉴질랜드,2021,14432.0
출항,뉴칼레도니아,2021,653.0
출항,니카라과,2021,482.0
출항,대만,2021,135897.75
출항,대한민국,2021,111735.25
출항,덴마크,2021,1347.0
출항,도미니카 공화국,2021,2934.0
출항,도미니카 연방,2021,0.0
출항,독일,2021,86322.75
출항,동티모르,2021,2.0
출항,라이베리아,2021,132.0
출항,라트비아,2021,517.0
출항,러시아,2021,160318.5
출항,레바논,2021,970.75
출항,레위니옹,2021,125.0
출항,루마니아,2021,2901.5
출항,리비아,2021,1643.25
출항,리투아니아,2021,1682.0
출항,마다가스카르,2021,207.0
출항,마르티니크,2021,24.0
출항,마샬 제도,2021,538.0
출항,마요트,2021,76.0
출항,마카오,2021,0.0
출항,말레이시아,2021,89606.75
출항,멕시코,2021,176086.0
출항,모로코,2021,3357.75
출항,모리셔스,2021,136.0
출항,모리타니,2021,123.0
출항,모잠비크,2021,1017.0
출항,몬테네그로,2021,35.0
출항,몰디브,2021,82.0
출항,몰타,2021,1674.0
출항,미국,2021,910698.75
출항,미국령 버진아일랜드,2021,5.0
출항,미얀마,2021,224.0
출항,미크로네시아,2021,320.0
출항,바누아투,2021,319.0
출항,바레인,2021,556.0
출항,바베이도스,2021,21.0
출항,바하마,2021,14442.0
출항,방글라데시,2021,2107.0
출항,베냉,2021,80.0
출항,베네수엘라,2021,431.0
출항,베트남,2021,243607.0
출항,벨기에,2021,25361.25
출항,벨리즈,2021,34.0
출항,북마리아나 제도,2021,1090.0
출항,불가리아,2021,433.0
출항,브라질,2021,60081.0
출항,브루나이,2021,5.0
출항,사모아,2021,269.0
출항,사우디아라비아,2021,39112.0
출항,세네갈,2021,654.0
출항,세이셸,2021,134.0
출항,세인트루시아,2021,27.0
출항,세인트키츠 네비스,2021,3.0
출항,소말리아,2021,101.0
출항,솔로몬제도,2021,272.0
출항,수단,2021,24.0
출항,수리남,2021,36.0
출항,스리랑카,2021,11074.25
출항,스웨덴,2021,5055.0
출항,스페인,2021,38003.0
출항,슬로베니아,2021,109109.0
출항,시리아,2021,256.0
출항,시에라 리온,2021,54.0
출항,싱가포르,2021,74986.0
출항,아랍에미리트연합국,2021,59437.75
출항,아루바,2021,103.0
출항,아르헨티나,2021,6299.0
출항,아메리칸사모아,2021,629.0
출항,아이티,2021,181.0
출항,아일랜드,2021,366.0
출항,알바니아,2021,119.0
출항,알제리,2021,1768.25
출항,앙골라,2021,1234.0
출항,앤티가 바부다,2021,1.0
출항,앤틸리스제도,2021,52.0
출항,에스토니아,2021,389.25
출항,에콰도르,2021,19367.0
출항,엘살바도르,2021,879.0
출항,영국,2021,23200.5
출항,영국령 버진아일랜드,2021,3.0
출항,예멘,2021,254.0
출항,오만,2021,2119.25
출항,온두라스,2021,988.0
출항,요르단,2021,2838.0
출항,우루과이,2021,3647.0
출항,우크라이나,2021,1385.25
출항,이라크,2021,1869.5
출항,이란,2021,1044.0
출항,이스라엘,2021,11058.0
출항,이집트,2021,41764.25
출항,이탈리아,2021,46890.75
출항,인도,2021,163915.5
출항,인도네시아,2021,104197.75
출항,일본,2021,422874.5
출항,자메이카,2021,2615.0
출항,적도 기니,2021,9.0
출항,조지아,2021,157.0
출항,중국,2021,1173936.5
출항,지부티,2021,118.0
출항,지브롤터,2021,0.0
출항,칠레,2021,23657.0
출항,카메룬,2021,353.0
출항,카보 베르데,2021,5.0
출항,카타르,2021,5131.25
출항,캄보디아,2021,4453.0
출항,캐나다,2021,127315.0
출항,케냐,2021,1409.0
출항,케이맨 제도,2021,5.0
출항,코모로,2021,1.0
출항,코스타리카,2021,1132.0
출항,코트디부아르,2021,870.0
출항,콜롬비아,2021,19494.0
출항,콩고,2021,56.0
출항,콩고 민주 공화국,2021,172.0
출항,쿠바,2021,71.0
출항,쿠웨이트,2021,1412.0
출항,크로아티아,2021,13121.75
출항,키리바시,2021,90.0
출항,키프로스,2021,106.0
출항,탄자니아,2021,1485.0
출항,태국,2021,96899.25
출항,토고,2021,4561.0
출항,통가,2021,4.0
출항,튀니지,2021,657.0
출항,튀르키예,2021,97455.5
출항,트리니다드 토바고,2021,467.0
출항,파나마,2021,19191.0
출항,파라과이,2021,61.0
출항,파키스탄,2021,19748.5
출항,파푸아 뉴기니,2021,1429.0
출항,팔라우,2021,113.0
출항,페루,2021,16462.0
출항,포르투갈,2021,1954.0
출항,폴란드,2021,5192.75
출항,푸에르토리코,2021,362.0
출항,프랑스,2021,16409.75
출항,프랑스령 기아나,2021,16.0
출항,프랑스령 폴리네시아,2021,123.0
출항,피지,2021,482.0
출항,핀란드,2021,605.25
출항,필리핀,2021,47394.0
출항,헝가리,2021,28.0
출항,호주,2021,61421.25
출항,홍콩,2021,82646.5
입항환적,가나,2021,366.0
입항환적,가봉,2021,732.0
입항환적,가이아나,2021,1855.0
입항환적,감비아,2021,8.0
입항환적,과들루프,2021,3.0
입항환적,과테말라,2021,5125.0
입항환적,괌,2021,4163.5
입항환적,그리스,2021,5116.75
입항환적,기니,2021,24.0
입항환적,기니비사우,2021,0.0
입항환적,기타국가,2021,0.0
입항환적,나미비아,2021,177.0
입항환적,나이지리아,2021,1421.0
입항환적,남아프리카,2021,6153.0
입항환적,네덜란드,2021,34454.5
입항환적,노르웨이,2021,2522.0
입항환적,뉴질랜드,2021,20795.0
입항환적,뉴칼레도니아,2021,2217.0
입항환적,니카라과,2021,3866.0
입항환적,대만,2021,67309.75
입항환적,대한민국,2021,95450.0
입항환적,덴마크,2021,3384.0
입항환적,도미니카 공화국,2021,1925.0
입항환적,도미니카 연방,2021,1.0
입항환적,독일,2021,30707.75
입항환적,동티모르,2021,90.0
입항환적,라이베리아,2021,1.0
입항환적,라트비아,2021,3479.0
입항환적,러시아,2021,189984.0
입항환적,레바논,2021,89.0
입항환적,레위니옹,2021,6.0
입항환적,루마니아,2021,6777.75
입항환적,리비아,2021,8.0
입항환적,리투아니아,2021,1194.0
입항환적,마다가스카르,2021,162.0
입항환적,마르티니크,2021,80.0
입항환적,마샬 제도,2021,398.0
입항환적,마카오,2021,0.0
입항환적,말레이시아,2021,85228.25
입항환적,멕시코,2021,50630.75
입항환적,모로코,2021,1802.0
입항환적,모리셔스,2021,340.0
입항환적,모리타니,2021,96.0
입항환적,모잠비크,2021,1140.0
입항환적,몬테네그로,2021,46.0
입항환적,몰디브,2021,3.0
입항환적,몰타,2021,535.0
입항환적,미국,2021,577290.5
입항환적,미얀마,2021,1656.0
입항환적,미크로네시아,2021,81.0
입항환적,바누아투,2021,362.0
입항환적,바레인,2021,432.0
입항환적,바베이도스,2021,111.0
입항환적,바하마,2021,13.0
입항환적,방글라데시,2021,6970.75
입항환적,베냉,2021,96.0
입항환적,베네수엘라,2021,1768.0
입항환적,베트남,2021,110775.25
입항환적,벨기에,2021,26453.5
입항환적,벨리즈,2021,910.0
입항환적,북마리아나 제도,2021,631.0
입항환적,불가리아,2021,1309.0
입항환적,브라질,2021,74940.0
입항환적,브루나이,2021,169.0
입항환적,사모아,2021,121.0
입항환적,사우디아라비아,2021,9727.0
입항환적,세네갈,2021,631.0
입항환적,세이셸,2021,19.0
입항환적,세인트루시아,2021,32.0
입항환적,소말리아,2021,1.0
입항환적,솔로몬제도,2021,33.0
입항환적,수단,2021,1848.0
입항환적,수리남,2021,555.0
입항환적,스리랑카,2021,3549.0
입항환적,스웨덴,2021,10106.0
입항환적,스페인,2021,33848.25
입항환적,슬로베니아,2021,11032.75
입항환적,시리아,2021,6.0
입항환적,시에라 리온,2021,93.0
입항환적,싱가포르,2021,26105.25
입항환적,아랍에미리트연합국,2021,23557.5
입항환적,아루바,2021,88.0
입항환적,아르헨티나,2021,9931.0
입항환적,아메리칸사모아,2021,14.0
입항환적,아이슬란드,2021,58.0
입항환적,아이티,2021,74.0
입항환적,아일랜드,2021,1118.0
입항환적,알바니아,2021,900.0
입항환적,알제리,2021,164.25
입항환적,앙골라,2021,72.0
입항환적,앤티가 바부다,2021,6.0
입항환적,앤틸리스제도,2021,27.0
입항환적,에스토니아,2021,1040.0
입항환적,에콰도르,2021,48437.0
입항환적,엘살바도르,2021,1352.0
입항환적,영국,2021,9392.0
입항환적,예멘,2021,41.0
입항환적,오만,2021,7013.0
입항환적,오스트리아,2021,2.0
입항환적,온두라스,2021,843.0
입항환적,요르단,2021,613.25
입항환적,우루과이,2021,7332.0
입항환적,우크라이나,2021,9312.0
입항환적,원양어획지역,2021,718.0
입항환적,이라크,2021,0.0
입항환적,이란,2021,2.0
입항환적,이스라엘,2021,4030.0
입항환적,이집트,2021,11720.0
입항환적,이탈리아,2021,37476.5
입항환적,인도,2021,69242.75
입항환적,인도네시아,2021,153480.25
입항환적,일본,2021,779276.0
입항환적,자메이카,2021,260.0
입항환적,적도 기니,2021,181.0
입항환적,조지아,2021,258.0
입항환적,중국,2021,2719457.25
입항환적,지부티,2021,413.0
입항환적,지브롤터,2021,4.0
입항환적,차드,2021,0.0
입항환적,체코,2021,0.0
입항환적,칠레,2021,84753.0
입항환적,카메룬,2021,334.0
입항환적,카보 베르데,2021,0.0
입항환적,카타르,2021,2626.0
입항환적,캄보디아,2021,5419.75
입항환적,캐나다,2021,151625.25
입항환적,케냐,2021,749.0
입항환적,코모로,2021,0.0
입항환적,코스타리카,2021,5416.0
입항환적,코트디부아르,2021,341.0
입항환적,콜롬비아,2021,7983.25
입항환적,콩고,2021,60.0
입항환적,콩고 민주 공화국,2021,4.0
입항환적,쿠바,2021,612.0
입항환적,쿠웨이트,2021,409.0
입항환적,퀴라소,2021,118.0
입항환적,크로아티아,2021,2208.25
입항환적,키리바시,2021,4.0
입항환적,키프로스,2021,449.0
입항환적,탄자니아,2021,382.0
입항환적,태국,2021,109876.5
입항환적,토고,2021,163.0
입항환적,통가,2021,14.0
입항환적,튀니지,2021,205.0
입항환적,튀르키예,2021,38481.0
입항환적,트리니다드 토바고,2021,560.0
입항환적,파나마,2021,13862.75
입항환적,파라과이,2021,349.0
입항환적,파키스탄,2021,13020.75
입항환적,파푸아 뉴기니,2021,101.0
입항환적,팔라우,2021,4.0
입항환적,페로 제도,2021,4.0
입항환적,페루,2021,31800.0
입항환적,포르투갈,2021,2229.0
입항환적,폴란드,2021,2419.5
입항환적,푸에르토리코,2021,1996.0
입항환적,프랑스,2021,23614.0
입항환적,프랑스령 폴리네시아,2021,231.0
입항환적,피지,2021,268.0
입항환적,핀란드,2021,15891.0
입항환적,필리핀,2021,69782.75
입항환적,헝가리,2021,8.0
입항환적,호주,2021,92173.0
입항환적,홍콩,2021,44482.0
출항환적,가나,2021,869.25
출항환적,가봉,2021,30.0
출항환적,가이아나,2021,2271.0
출항환적,감비아,2021,15.0
출항환적,과들루프,2021,94.0
출항환적,과테말라,2021,19388.0
출항환적,괌,2021,4496.75
출항환적,그레나다,2021,161.25
출항환적,그리스,2021,7663.25
출항환적,기니,2021,96.5
출항환적,나미비아,2021,583.0
출항환적,나우루,2021,167.0
출항환적,나이지리아,2021,2289.0
출항환적,남아프리카,2021,2495.0
출항환적,네덜란드,2021,26209.25
출항환적,노르웨이,2021,370.0
출항환적,뉴질랜드,2021,14033.5
출항환적,뉴칼레도니아,2021,4305.0
출항환적,니카라과,2021,3603.0
출항환적,대만,2021,82430.75
출항환적,대한민국,2021,213275.0
출항환적,덴마크,2021,713.0
출항환적,도미니카 공화국,2021,18042.5
출항환적,도미니카 연방,2021,112.0
출항환적,독일,2021,22642.75
출항환적,동티모르,2021,53.0
출항환적,라이베리아,2021,26.0
출항환적,라트비아,2021,160.25
출항환적,러시아,2021,340406.5
출항환적,레바논,2021,3130.25
출항환적,레위니옹,2021,23.0
출항환적,루마니아,2021,2585.5
출항환적,리비아,2021,1393.25
출항환적,리투아니아,2021,334.0
출항환적,마다가스카르,2021,209.0
출항환적,마르티니크,2021,100.0
출항환적,마샬 제도,2021,1247.0
출항환적,마요트,2021,7.0
출항환적,마카오,2021,15.0
출항환적,말레이시아,2021,37749.0
출항환적,멕시코,2021,298418.25
출항환적,모로코,2021,8178.0
출항환적,모리셔스,2021,137.0
출항환적,모리타니,2021,155.0
출항환적,모잠비크,2021,544.0
출항환적,몬테네그로,2021,85.0
출항환적,몰디브,2021,95.0
출항환적,몰타,2021,202.5
출항환적,미국,2021,1072586.25
출항환적,미국령 버진아일랜드,2021,47.0
출항환적,미얀마,2021,252.0
출항환적,미크로네시아,2021,1376.0
출항환적,바누아투,2021,4160.0
출항환적,바레인,2021,109.0
출항환적,바베이도스,2021,913.0
출항환적,바하마,2021,54147.5
출항환적,방글라데시,2021,524.0
출항환적,버뮤다,2021,2.0
출항환적,베냉,2021,110.0
출항환적,베네수엘라,2021,10109.0
출항환적,베트남,2021,108308.75
출항환적,벨기에,2021,10112.5
출항환적,벨리즈,2021,358.0
출항환적,볼리비아,2021,0.0
출항환적,북마리아나 제도,2021,1099.25
출항환적,불가리아,2021,569.0
출항환적,브라질,2021,55281.0
출항환적,브루나이,2021,2.0
출항환적,사모아,2021,3062.0
출항환적,사우디아라비아,2021,18554.25
출항환적,상투메 프린시페,2021,2.0
출항환적,세네갈,2021,243.0
출항환적,세이셸,2021,8.0
출항환적,세인트 빈센트 그레나딘,2021,87.0
출항환적,세인트루시아,2021,182.0
출항환적,세인트키츠 네비스,2021,86.0
출항환적,소말리아,2021,68.0
출항환적,솔로몬제도,2021,1635.0
출항환적,수단,2021,307.0
출항환적,수리남,2021,1844.0
출항환적,스리랑카,2021,1220.0
출항환적,스웨덴,2021,1920.0
출항환적,스페인,2021,22215.0
출항환적,슬로베니아,2021,6983.75
출항환적,시리아,2021,443.0
출항환적,시에라 리온,2021,52.0
출항환적,싱가포르,2021,67208.25
출항환적,아랍에미리트연합국,2021,36328.0
출항환적,아루바,2021,137.75
출항환적,아르헨티나,2021,11969.0
출항환적,아메리칸사모아,2021,1334.0
출항환적,아이티,2021,1731.0
출항환적,아일랜드,2021,545.0
출항환적,알바니아,2021,49.0
출항환적,알제리,2021,2376.25
출항환적,앙골라,2021,36.0
출항환적,앤티가 바부다,2021,164.0
출항환적,앤틸리스제도,2021,447.0
출항환적,앵귈라,2021,6.0
출항환적,에리트레아,2021,8.0
출항환적,에스토니아,2021,136.0
출항환적,에콰도르,2021,36042.25
출항환적,엘살바도르,2021,6435.5
출항환적,영국,2021,23237.0
출항환적,영국령 버진아일랜드,2021,13.0
출항환적,예멘,2021,36.0
출항환적,오만,2021,5108.75
출항환적,온두라스,2021,5584.75
출항환적,왈리스 푸투나,2021,2.0
출항환적,요르단,2021,2680.0
출항환적,우루과이,2021,2972.0
출항환적,우크라이나,2021,3637.5
출항환적,원양어획지역,2021,179.0
출항환적,이라크,2021,364.0
출항환적,이란,2021,14.0
출항환적,이스라엘,2021,17001.0
출항환적,이집트,2021,17191.0
출항환적,이탈리아,2021,29311.25
출항환적,인도,2021,45361.25
출항환적,인도네시아,2021,49714.5
출항환적,일본,2021,937351.0
출항환적,자메이카,2021,15996.0
출항환적,적도 기니,2021,8.0
출항환적,조지아,2021,1367.25
출항환적,중국,2021,1171796.0
출항환적,지부티,2021,61.0
출항환적,칠레,2021,234695.75
출항환적,카메룬,2021,260.0
출항환적,카보 베르데,2021,0.0
출항환적,카타르,2021,2861.5
출항환적,캄보디아,2021,595.5
출항환적,캐나다,2021,350186.0
출항환적,케냐,2021,840.0
출항환적,케이맨 제도,2021,102.0
출항환적,코모로,2021,4.0
출항환적,코스타리카,2021,10302.75
출항환적,코트디부아르,2021,709.0
출항환적,콜롬비아,2021,88049.75
출항환적,콩고,2021,29.0
출항환적,콩고 민주 공화국,2021,58.0
출항환적,쿠바,2021,3422.0
출항환적,쿠웨이트,2021,294.0
출항환적,쿡 제도,2021,6.0
출항환적,퀴라소,2021,62.0
출항환적,크로아티아,2021,2274.25
출항환적,키리바시,2021,2592.0
출항환적,키프로스,2021,91.0
출항환적,탄자니아,2021,471.0
출항환적,태국,2021,77737.25
출항환적,토고,2021,186.0
출항환적,통가,2021,1444.0
출항환적,투발루,2021,0.0
출항환적,튀니지,2021,1405.5
출항환적,튀르키예,2021,38218.25
출항환적,트리니다드 토바고,2021,4585.0
출항환적,파나마,2021,42952.0
출항환적,파라과이,2021,297.0
출항환적,파키스탄,2021,6356.25
출항환적,파푸아 뉴기니,2021,4483.0
출항환적,팔라우,2021,117.0
출항환적,페루,2021,72938.25
출항환적,포르투갈,2021,278.0
출항환적,폴란드,2021,2174.0
출항환적,푸에르토리코,2021,6691.0
출항환적,프랑스,2021,21038.75
출항환적,프랑스령 기아나,2021,59.0
출항환적,프랑스령 폴리네시아,2021,1738.0
출항환적,피지,2021,6179.0
출항환적,핀란드,2021,303.0
출항환적,필리핀,2021,69737.5
출항환적,호주,2021,21096.0
출항환적,홍콩,2021,45750.75
입항,가나,2022,2526.0
입항,가봉,2022,160.0
입항,가이아나,2022,53.0
입항,감비아,2022,96.0
입항,과들루프,2022,7.0
입항,과테말라,2022,5122.0
입항,괌,2022,12501.0
입항,그레나다,2022,2.0
입항,그리스,2022,6607.25
입항,기니,2022,780.0
입항,기니비사우,2022,14.0
입항,나미비아,2022,158.0
입항,나이지리아,2022,2529.0
입항,남아프리카,2022,8444.0
입항,네덜란드,2022,73827.0
입항,노르웨이,2022,6935.25
입항,뉴질랜드,2022,30793.0
입항,뉴칼레도니아,2022,3220.0
입항,니카라과,2022,227.0
입항,대만,2022,85566.5
입항,대한민국,2022,68290.0
입항,덴마크,2022,13101.0
입항,도미니카 공화국,2022,3269.0
입항,독일,2022,99673.25
입항,동티모르,2022,18.0
입항,라이베리아,2022,36.0
입항,라트비아,2022,6994.0
입항,러시아,2022,136597.0
입항,레바논,2022,904.0
입항,레위니옹,2022,33.0
입항,루마니아,2022,5382.0
입항,리비아,2022,523.0
입항,리투아니아,2022,2049.0
입항,마다가스카르,2022,345.0
입항,마르티니크,2022,17.0
입항,마샬 제도,2022,4827.0
입항,마요트,2022,0.0
입항,마카오,2022,1.0
입항,말레이시아,2022,94098.75
입항,멕시코,2022,102146.5
입항,모로코,2022,2755.0
입항,모리셔스,2022,366.0
입항,모리타니,2022,354.0
입항,모잠비크,2022,1133.0
입항,몬테네그로,2022,1400.0
입항,몰디브,2022,4.0
입항,몰타,2022,931.0
입항,미국,2022,784513.25
입항,미얀마,2022,3754.0
입항,미크로네시아,2022,190.0
입항,바누아투,2022,2028.0
입항,바레인,2022,2790.0
입항,바베이도스,2022,1.0
입항,바하마,2022,1292.0
입항,방글라데시,2022,7794.0
입항,베냉,2022,102.0
입항,베네수엘라,2022,880.0
입항,베트남,2022,162114.75
입항,벨기에,2022,43754.0
입항,벨리즈,2022,4.0
입항,북마리아나 제도,2022,4528.5
입항,불가리아,2022,1327.0
입항,브라질,2022,46956.0
입항,브루나이,2022,10.0
입항,사모아,2022,1106.0
입항,사우디아라비아,2022,27214.25
입항,세네갈,2022,958.0
입항,세이셸,2022,79.0
입항,세인트루시아,2022,48.0
입항,소말리아,2022,0.0
입항,솔로몬제도,2022,148.0
입항,수단,2022,113.0
입항,수리남,2022,553.0
입항,스리랑카,2022,5026.0
입항,스웨덴,2022,15547.25
입항,스페인,2022,52456.5
입항,슬로바키아,2022,5.0
입항,슬로베니아,2022,13991.25
입항,시리아,2022,18.0
입항,시에라 리온,2022,174.0
입항,싱가포르,2022,52979.25
입항,아랍에미리트연합국,2022,61025.75
입항,아루바,2022,4.0
입항,아르헨티나,2022,14074.0
입항,아메리칸사모아,2022,3998.0
입항,아이슬란드,2022,64.0
입항,아이티,2022,143.0
입항,아일랜드,2022,3156.0
입항,알바니아,2022,664.0
입항,알제리,2022,40.0
입항,앙골라,2022,172.0
입항,앤티가 바부다,2022,2.0
입항,앤틸리스제도,2022,34.0
입항,에스토니아,2022,2391.0
입항,에콰도르,2022,11026.0
입항,엘살바도르,2022,1022.0
입항,영국,2022,20455.0
입항,예멘,2022,2527.0
입항,오만,2022,5459.25
입항,오스트리아,2022,0.0
입항,온두라스,2022,881.0
입항,요르단,2022,3663.0
입항,우루과이,2022,5114.0
입항,우크라이나,2022,1726.0
입항,원양어획지역,2022,0.0
입항,이라크,2022,72.0
입항,이란,2022,556.0
입항,이스라엘,2022,10862.0
입항,이집트,2022,7238.0
입항,이탈리아,2022,67366.5
입항,인도,2022,105394.0
입항,인도네시아,2022,81565.25
입항,일본,2022,756854.0
입항,자메이카,2022,9216.0
입항,적도 기니,2022,10.0
입항,조지아,2022,152.0
입항,중국,2022,1176160.75
입항,지부티,2022,1085.0
입항,체코,2022,8.0
입항,칠레,2022,61448.0
입항,카메룬,2022,14.0
입항,카보 베르데,2022,7.0
입항,카자흐스탄,2022,2.0
입항,카타르,2022,5671.5
입항,캄보디아,2022,1761.0
입항,캐나다,2022,118453.25
입항,케냐,2022,802.0
입항,코스타리카,2022,2143.0
입항,코트디부아르,2022,158.0
입항,콜롬비아,2022,14595.0
입항,콩고,2022,30.0
입항,콩고 민주 공화국,2022,65.0
입항,쿠바,2022,13.0
입항,쿠웨이트,2022,702.0
입항,퀴라소,2022,4.0
입항,크로아티아,2022,2088.0
입항,키리바시,2022,365.0
입항,키프로스,2022,144.0
입항,탄자니아,2022,3563.0
입항,태국,2022,90377.5
입항,토고,2022,1335.0
입항,통가,2022,1476.0
입항,튀니지,2022,868.0
입항,튀르키예,2022,31981.75
입항,트리니다드 토바고,2022,562.0
입항,파나마,2022,56514.5
입항,파라과이,2022,272.0
입항,파키스탄,2022,16088.0
입항,파푸아 뉴기니,2022,884.0
입항,팔라우,2022,41.0
입항,페로 제도,2022,0.0
입항,페루,2022,18110.0
입항,포르투갈,2022,3448.0
입항,폴란드,2022,13283.0
입항,푸에르토리코,2022,2732.0
입항,프랑스,2022,38834.25
입항,프랑스령 기아나,2022,3.0
입항,프랑스령 폴리네시아,2022,4378.0
입항,피지,2022,1756.0
입항,핀란드,2022,12599.25
입항,필리핀,2022,71176.75
입항,헝가리,2022,3.0
입항,호주,2022,142809.25
입항,홍콩,2022,40212.0
출항,가나,2022,2713.0
출항,가봉,2022,9.0
출항,가이아나,2022,177.0
출항,감비아,2022,6.0
출항,과들루프,2022,50.0
출항,과테말라,2022,5984.0
출항,괌,2022,3099.5
출항,그레나다,2022,27.0
출항,그리스,2022,10746.0
출항,기니,2022,116.25
출항,기니비사우,2022,11.0
출항,나미비아,2022,20.0
출항,나우루,2022,0.0
출항,나이지리아,2022,2627.0
출항,남아프리카,2022,3344.0
출항,네덜란드,2022,64172.75
출항,네팔,2022,0.0
출항,노르웨이,2022,320.0
출항,뉴질랜드,2022,14057.0
출항,뉴칼레도니아,2022,1061.0
출항,니카라과,2022,328.0
출항,대만,2022,134897.75
출항,대한민국,2022,121080.0
출항,덴마크,2022,2035.0
출항,도미니카 공화국,2022,3092.0
출항,도미니카 연방,2022,3.0
출항,독일,2022,62987.75
출항,동티모르,2022,57.0
출항,라오스,2022,0.0
출항,라이베리아,2022,34.0
출항,라트비아,2022,356.0
출항,러시아,2022,143859.0
출항,레바논,2022,2059.0
출항,레위니옹,2022,141.0
출항,루마니아,2022,2260.0
출항,리비아,2022,2913.0
출항,리투아니아,2022,930.0
출항,마다가스카르,2022,160.0
출항,마르티니크,2022,45.0
출항,마샬 제도,2022,262.0
출항,마요트,2022,3.0
출항,마카오,2022,2.0
출항,말레이시아,2022,88789.5
출항,멕시코,2022,177809.0
출항,모로코,2022,2146.0
출항,모리셔스,2022,145.0
출항,모리타니,2022,99.0
출항,모잠비크,2022,873.0
출항,몬테네그로,2022,29.0
출항,몰디브,2022,75.0
출항,몰타,2022,758.0
출항,미국,2022,924209.25
출항,미국령 버진아일랜드,2022,7.0
출항,미얀마,2022,504.0
출항,미크로네시아,2022,332.0
출항,바누아투,2022,261.0
출항,바레인,2022,424.0
출항,바베이도스,2022,40.0
출항,바하마,2022,8765.0
출항,방글라데시,2022,3833.5
출항,베냉,2022,32.0
출항,베네수엘라,2022,441.0
출항,베트남,2022,238725.5
출항,벨기에,2022,22620.75
출항,벨리즈,2022,41.0
출항,북마리아나 제도,2022,1019.5
출항,불가리아,2022,206.0
출항,브라질,2022,56535.0
출항,브루나이,2022,22.0
출항,사모아,2022,187.0
출항,사우디아라비아,2022,37663.5
출항,상투메 프린시페,2022,4.0
출항,세네갈,2022,682.0
출항,세이셸,2022,168.0
출항,세인트 빈센트 그레나딘,2022,7.0
출항,세인트루시아,2022,34.0
출항,세인트키츠 네비스,2022,3.0
출항,소말리아,2022,86.0
출항,솔로몬제도,2022,339.0
출항,수단,2022,23.0
출항,수리남,2022,27.0
출항,스리랑카,2022,12742.25
출항,스웨덴,2022,5215.0
출항,스페인,2022,31222.0
출항,슬로베니아,2022,108583.5
출항,시리아,2022,281.25
출항,시에라 리온,2022,62.0
출항,싱가포르,2022,68019.25
출항,아랍에미리트연합국,2022,61862.5
출항,아루바,2022,164.0
출항,아르헨티나,2022,6340.0
출항,아메리칸사모아,2022,622.0
출항,아이슬란드,2022,23.0
출항,아이티,2022,299.0
출항,아일랜드,2022,386.0
출항,알바니아,2022,59.0
출항,알제리,2022,1865.0
출항,앙골라,2022,543.0
출항,앤티가 바부다,2022,6.0
출항,앤틸리스제도,2022,42.0
출항,에리트레아,2022,4.0
출항,에스토니아,2022,231.5
출항,에콰도르,2022,23184.0
출항,엘살바도르,2022,680.0
출항,영국,2022,10748.75
출항,영국령 버진아일랜드,2022,9.0
출항,예멘,2022,93.0
출항,오만,2022,2114.0
출항,온두라스,2022,433.0
출항,요르단,2022,2879.0
출항,우루과이,2022,2843.0
출항,우크라이나,2022,203.0
출항,원양어획지역,2022,0.0
출항,이라크,2022,3159.75
출항,이란,2022,1971.0
출항,이스라엘,2022,13559.5
출항,이집트,2022,39879.0
출항,이탈리아,2022,57959.0
출항,인도,2022,154496.0
출항,인도네시아,2022,110966.0
출항,일본,2022,420403.0
출항,자메이카,2022,1885.0
출항,적도 기니,2022,114.0
출항,조지아,2022,157.0
출항,중국,2022,1229386.5
출항,지부티,2022,534.0
출항,지브롤터,2022,1.0
출항,칠레,2022,26901.0
출항,카메룬,2022,156.0
출항,카타르,2022,4273.75
출항,캄보디아,2022,3579.0
출항,캐나다,2022,122763.5
출항,케냐,2022,1946.0
출항,케이맨 제도,2022,5.0
출항,코모로,2022,1.0
출항,코스타리카,2022,981.0
출항,코트디부아르,2022,560.0
출항,콜롬비아,2022,19166.0
출항,콩고,2022,32.0
출항,콩고 민주 공화국,2022,116.0
출항,쿠바,2022,84.0
출항,쿠웨이트,2022,1244.0
출항,크로아티아,2022,17358.0
출항,키리바시,2022,121.0
출항,키프로스,2022,115.0
출항,탄자니아,2022,1129.0
출항,태국,2022,100523.0
출항,토고,2022,6010.0
출항,통가,2022,9.0
출항,튀니지,2022,736.0
출항,튀르키예,2022,79542.5
출항,트리니다드 토바고,2022,592.0
출항,파나마,2022,26230.0
출항,파라과이,2022,47.0
출항,파키스탄,2022,14987.75
출항,파푸아 뉴기니,2022,1194.0
출항,팔라우,2022,132.0
출항,페루,2022,16037.0
출항,포르투갈,2022,1564.0
출항,폴란드,2022,8049.0
출항,푸에르토리코,2022,375.0
출항,프랑스,2022,13957.0
출항,프랑스령 기아나,2022,7.0
출항,프랑스령 폴리네시아,2022,183.0
출항,피지,2022,626.0
출항,핀란드,2022,381.0
출항,필리핀,2022,46023.5
출항,호주,2022,61956.5
출항,홍콩,2022,67816.0
입항환적,가나,2022,627.0
입항환적,가봉,2022,394.0
입항환적,가이아나,2022,2234.0
입항환적,감비아,2022,4.0
입항환적,과들루프,2022,15.0
입항환적,과테말라,2022,3889.0
입항환적,괌,2022,3933.0
입항환적,그레나다,2022,0.0
입항환적,그리스,2022,3783.25
입항환적,기니,2022,28.0
입항환적,나미비아,2022,259.0
입항환적,나이지리아,2022,617.0
입항환적,남아프리카,2022,6442.0
입항환적,네덜란드,2022,19531.0
입항환적,노르웨이,2022,2538.0
입항환적,뉴질랜드,2022,15692.0
입항환적,뉴칼레도니아,2022,3469.0
입항환적,니카라과,2022,4113.0
입항환적,대만,2022,64177.75
입항환적,대한민국,2022,85641.0
입항환적,덴마크,2022,4472.0
입항환적,도미니카 공화국,2022,1708.0
입항환적,독일,2022,25830.0
입항환적,동티모르,2022,107.0
입항환적,라이베리아,2022,0.0
입항환적,라트비아,2022,5135.0
입항환적,러시아,2022,155392.25
입항환적,레바논,2022,29.0
입항환적,레위니옹,2022,53.0
입항환적,루마니아,2022,8977.0
입항환적,리비아,2022,11.0
입항환적,리투아니아,2022,1039.0
입항환적,마다가스카르,2022,382.0
입항환적,마르티니크,2022,80.0
입항환적,마샬 제도,2022,176.0
입항환적,마카오,2022,4.0
입항환적,말레이시아,2022,90800.0
입항환적,멕시코,2022,49939.5
입항환적,모로코,2022,1676.0
입항환적,모리셔스,2022,270.0
입항환적,모리타니,2022,178.0
입항환적,모잠비크,2022,1460.0
입항환적,몬테네그로,2022,37.0
입항환적,몰디브,2022,57.0
입항환적,몰타,2022,1484.0
입항환적,미국,2022,565645.0
입항환적,미얀마,2022,2634.0
입항환적,미크로네시아,2022,17.0
입항환적,바누아투,2022,409.0
입항환적,바레인,2022,804.0
입항환적,바베이도스,2022,738.0
입항환적,바하마,2022,165.0
입항환적,방글라데시,2022,7048.0
입항환적,베냉,2022,391.0
입항환적,베네수엘라,2022,1732.0
입항환적,베트남,2022,135186.75
입항환적,벨기에,2022,18295.5
입항환적,벨리즈,2022,66.0
입항환적,북마리아나 제도,2022,670.25
입항환적,불가리아,2022,1060.0
입항환적,브라질,2022,68360.0
입항환적,브루나이,2022,68.0
입항환적,사모아,2022,184.0
입항환적,사우디아라비아,2022,15138.0
입항환적,세네갈,2022,2226.0
입항환적,세이셸,2022,72.0
입항환적,세인트 빈센트 그레나딘,2022,6.0
입항환적,세인트루시아,2022,23.0
입항환적,소말리아,2022,16.0
입항환적,솔로몬제도,2022,22.0
입항환적,수단,2022,805.0
입항환적,수리남,2022,905.0
입항환적,스리랑카,2022,2969.0
입항환적,스웨덴,2022,14092.0
입항환적,스위스,2022,4.0
입항환적,스페인,2022,27285.0
입항환적,슬로바키아,2022,0.0
입항환적,슬로베니아,2022,9082.0
입항환적,시리아,2022,1.0
입항환적,시에라 리온,2022,3.0
입항환적,싱가포르,2022,34775.25
입항환적,아랍에미리트연합국,2022,25959.5
입항환적,아루바,2022,180.0
입항환적,아르헨티나,2022,9919.0
입항환적,아메리칸사모아,2022,24.0
입항환적,아이슬란드,2022,104.0
입항환적,아이티,2022,107.0
입항환적,아일랜드,2022,1073.0
입항환적,알바니아,2022,608.0
입항환적,알제리,2022,38.0
입항환적,앙골라,2022,236.0
입항환적,앤티가 바부다,2022,8.0
입항환적,앤틸리스제도,2022,1.0
입항환적,에스토니아,2022,2129.0
입항환적,에콰도르,2022,53458.0
입항환적,엘살바도르,2022,643.0
입항환적,영국,2022,8825.0
입항환적,예멘,2022,90.0
입항환적,오만,2022,8039.0
입항환적,오스트리아,2022,0.0
입항환적,온두라스,2022,1936.0
입항환적,요르단,2022,699.25
입항환적,우간다,2022,21.0
입항환적,우루과이,2022,9675.0
입항환적,우크라이나,2022,3936.0
입항환적,원양어획지역,2022,1419.0
입항환적,이라크,2022,264.0
입항환적,이란,2022,12.0
입항환적,이스라엘,2022,4085.0
입항환적,이집트,2022,8135.0
입항환적,이탈리아,2022,34413.0
입항환적,인도,2022,71411.0
입항환적,인도네시아,2022,150515.75
입항환적,일본,2022,840257.5
입항환적,자메이카,2022,863.0
입항환적,적도 기니,2022,32.0
입항환적,조지아,2022,872.0
입항환적,중국,2022,2473020.0
입항환적,지부티,2022,868.0
입항환적,체코,2022,7.0
입항환적,칠레,2022,75341.0
입항환적,카메룬,2022,161.0
입항환적,카보 베르데,2022,6.0
입항환적,카타르,2022,2657.0
입항환적,캄보디아,2022,6648.0
입항환적,캐나다,2022,128274.5
입항환적,케냐,2022,1009.0
입항환적,코모로,2022,0.0
입항환적,코스타리카,2022,4906.75
입항환적,코트디부아르,2022,164.0
입항환적,콜롬비아,2022,4347.0
입항환적,콩고,2022,79.0
입항환적,콩고 민주 공화국,2022,30.0
입항환적,쿠바,2022,637.0
입항환적,쿠웨이트,2022,669.0
입항환적,퀴라소,2022,237.0
입항환적,크로아티아,2022,2603.0
입항환적,키리바시,2022,8.0
입항환적,키프로스,2022,354.0
입항환적,탄자니아,2022,816.0
입항환적,태국,2022,114647.75
입항환적,토고,2022,197.0
입항환적,통가,2022,4.0
입항환적,튀니지,2022,92.0
입항환적,튀르키예,2022,34679.25
입항환적,트리니다드 토바고,2022,771.0
입항환적,파나마,2022,11093.5
입항환적,파라과이,2022,462.0
입항환적,파키스탄,2022,9512.0
입항환적,파푸아 뉴기니,2022,193.0
입항환적,팔라우,2022,8.0
입항환적,페로 제도,2022,6.0
입항환적,페루,2022,22048.0
입항환적,포르투갈,2022,1524.0
입항환적,폴란드,2022,1441.0
입항환적,푸에르토리코,2022,1416.0
입항환적,프랑스,2022,28458.25
입항환적,프랑스령 기아나,2022,12.0
입항환적,프랑스령 폴리네시아,2022,22.0
입항환적,피지,2022,204.0
입항환적,핀란드,2022,13770.0
입항환적,필리핀,2022,63488.5
입항환적,헝가리,2022,16.0
입항환적,호주,2022,82495.0
입항환적,홍콩,2022,38622.0
출항환적,가나,2022,1988.0
출항환적,가봉,2022,413.0
출항환적,가이아나,2022,3602.25
출항환적,감비아,2022,68.0
출항환적,과들루프,2022,423.0
출항환적,과테말라,2022,25389.25
출항환적,괌,2022,4377.75
출항환적,그레나다,2022,291.0
출항환적,그리스,2022,6052.75
출항환적,기니,2022,162.0
출항환적,기니비사우,2022,57.0
출항환적,나미비아,2022,486.0
출항환적,나우루,2022,278.0
출항환적,나이지리아,2022,4638.5
출항환적,남아프리카,2022,3317.0
출항환적,네덜란드,2022,22719.0
출항환적,노르웨이,2022,424.25
출항환적,뉴질랜드,2022,10374.0
출항환적,뉴칼레도니아,2022,4537.0
출항환적,니카라과,2022,3283.25
출항환적,대만,2022,67686.5
출항환적,대한민국,2022,223194.5
출항환적,덴마크,2022,1881.0
출항환적,도미니카 공화국,2022,25416.0
출항환적,도미니카 연방,2022,160.0
출항환적,독일,2022,19911.75
출항환적,동티모르,2022,59.0
출항환적,라이베리아,2022,151.0
출항환적,라트비아,2022,247.0
출항환적,러시아,2022,198959.0
출항환적,레바논,2022,2483.75
출항환적,레위니옹,2022,113.0
출항환적,루마니아,2022,3012.75
출항환적,리비아,2022,1621.75
출항환적,리투아니아,2022,522.0
출항환적,마다가스카르,2022,159.0
출항환적,마르티니크,2022,349.0
출항환적,마샬 제도,2022,794.0
출항환적,마요트,2022,20.0
출항환적,마카오,2022,3.0
출항환적,말레이시아,2022,36736.5
출항환적,멕시코,2022,313076.25
출항환적,모로코,2022,3069.25
출항환적,모리셔스,2022,157.0
출항환적,모리타니,2022,283.5
출항환적,모잠비크,2022,761.0
출항환적,몬세라트,2022,0.0
출항환적,몬테네그로,2022,47.0
출항환적,몰디브,2022,368.0
출항환적,몰타,2022,156.25
출항환적,미국,2022,1120541.0
출항환적,미국령 버진아일랜드,2022,104.0
출항환적,미얀마,2022,506.0
출항환적,미크로네시아,2022,1207.0
출항환적,바누아투,2022,3680.0
출항환적,바레인,2022,289.0
출항환적,바베이도스,2022,1614.0
출항환적,바하마,2022,68298.75
출항환적,방글라데시,2022,1160.0
출항환적,베냉,2022,310.0
출항환적,베네수엘라,2022,11119.0
출항환적,베트남,2022,121935.75
출항환적,벨기에,2022,10025.0
출항환적,벨리즈,2022,688.0
출항환적,북마리아나 제도,2022,1239.0
출항환적,불가리아,2022,946.25
출항환적,브라질,2022,63251.0
출항환적,브루나이,2022,5.0
출항환적,사모아,2022,2874.0
출항환적,사우디아라비아,2022,18654.75
출항환적,상투메 프린시페,2022,0.0
출항환적,세네갈,2022,977.0
출항환적,세르비아,2022,0.0
출항환적,세이셸,2022,17.0
출항환적,세인트 빈센트 그레나딘,2022,186.0
출항환적,세인트루시아,2022,382.0
출항환적,세인트키츠 네비스,2022,124.0
출항환적,소말리아,2022,169.0
출항환적,솔로몬제도,2022,1959.0
출항환적,수단,2022,572.0
출항환적,수리남,2022,2100.0
출항환적,스리랑카,2022,976.0
출항환적,스웨덴,2022,926.0
출항환적,스페인,2022,18211.5
출항환적,슬로베니아,2022,7161.75
출항환적,시리아,2022,562.0
출항환적,시에라 리온,2022,122.0
출항환적,싱가포르,2022,59776.75
출항환적,아랍에미리트연합국,2022,43706.75
출항환적,아루바,2022,405.25
출항환적,아르헨티나,2022,17124.0
출항환적,아메리칸사모아,2022,1743.0
출항환적,아이슬란드,2022,4.0
출항환적,아이티,2022,1779.0
출항환적,아일랜드,2022,304.25
출항환적,알바니아,2022,101.25
출항환적,알제리,2022,2915.75
출항환적,앙골라,2022,398.0
출항환적,앤티가 바부다,2022,246.25
출항환적,앤틸리스제도,2022,780.5
출항환적,앵귈라,2022,25.0
출항환적,에리트레아,2022,2.0
출항환적,에스토니아,2022,186.0
출항환적,에콰도르,2022,50190.0
출항환적,에티오피아,2022,2.0
출항환적,엘살바도르,2022,7034.5
출항환적,영국,2022,7891.75
출항환적,영국령 버진아일랜드,2022,46.0
출항환적,예멘,2022,101.0
출항환적,오만,2022,5054.5
출항환적,온두라스,2022,6726.75
출항환적,왈리스 푸투나,2022,3.0
출항환적,요르단,2022,4410.0
출항환적,우루과이,2022,4935.0
출항환적,우크라이나,2022,932.0
출항환적,원양어획지역,2022,81.0
출항환적,이라크,2022,640.0
출항환적,이란,2022,65.0
출항환적,이스라엘,2022,19695.5
출항환적,이집트,2022,10677.25
출항환적,이탈리아,2022,29981.25
출항환적,인도,2022,54056.25
출항환적,인도네시아,2022,50474.75
출항환적,일본,2022,948131.75
출항환적,자메이카,2022,23705.75
출항환적,적도 기니,2022,6.0
출항환적,조지아,2022,1981.75
출항환적,중국,2022,1066614.0
출항환적,지부티,2022,294.0
출항환적,칠레,2022,199501.5
출항환적,카메룬,2022,765.0
출항환적,카보 베르데,2022,5.0
출항환적,카타르,2022,2762.5
출항환적,캄보디아,2022,879.25
출항환적,캐나다,2022,306473.5
출항환적,케냐,2022,1230.0
출항환적,케이맨 제도,2022,259.25
출항환적,코모로,2022,15.0
출항환적,코스타리카,2022,8779.25
출항환적,코트디부아르,2022,1416.0
출항환적,콜롬비아,2022,81012.5
출항환적,콩고,2022,37.0
출항환적,콩고 민주 공화국,2022,109.0
출항환적,쿠바,2022,5074.0
출항환적,쿠웨이트,2022,242.0
출항환적,쿡 제도,2022,32.0
출항환적,퀴라소,2022,35.0
출항환적,크로아티아,2022,2796.25
출항환적,키리바시,2022,1908.0
출항환적,키프로스,2022,63.0
출항환적,탄자니아,2022,1892.25
출항환적,태국,2022,84768.5
출항환적,토고,2022,665.0
출항환적,통가,2022,1387.0
출항환적,투발루,2022,13.0
출항환적,튀니지,2022,1534.0
출항환적,튀르키예,2022,36960.0
출항환적,트리니다드 토바고,2022,7332.25
출항환적,파나마,2022,56482.5
출항환적,파라과이,2022,524.0
출항환적,파키스탄,2022,7972.5
출항환적,파푸아 뉴기니,2022,3376.0
출항환적,팔라우,2022,65.0
출항환적,페로 제도,2022,0.0
출항환적,페루,2022,76442.5
출항환적,포르투갈,2022,697.0
출항환적,폴란드,2022,1302.0
출항환적,푸에르토리코,2022,6393.0
출항환적,프랑스,2022,13353.5
출항환적,프랑스령 기아나,2022,232.0
출항환적,프랑스령 폴리네시아,2022,2952.0
출항환적,피지,2022,7570.0
출항환적,핀란드,2022,366.0
출항환적,필리핀,2022,66010.75
출항환적,호주,2022,15153.0
출항환적,홍콩,2022,32977.0
입항,가나,2023,2670.0
입항,가봉,2023,61.0
입항,가이아나,2023,15.0
입항,감비아,2023,103.0
입항,과들루프,2023,4.0
입항,과테말라,2023,3824.0
입항,괌,2023,11275.25
입항,그레나다,2023,4.0
입항,그리스,2023,14533.5
입항,기니,2023,705.0
입항,기니비사우,2023,6.0
입항,나미비아,2023,65.0
입항,나이지리아,2023,3454.0
입항,남아프리카,2023,7137.0
입항,네덜란드,2023,87316.5
입항,노르웨이,2023,5090.25
입항,뉴질랜드,2023,34214.0
입항,뉴칼레도니아,2023,2978.0
입항,니카라과,2023,315.0
입항,대만,2023,89855.25
입항,대한민국,2023,72041.0
입항,덴마크,2023,12539.0
입항,도미니카 공화국,2023,2128.0
입항,독일,2023,102020.0
입항,동티모르,2023,14.0
입항,라이베리아,2023,67.0
입항,라트비아,2023,7161.0
입항,러시아,2023,128199.0
입항,레바논,2023,936.0
입항,레위니옹,2023,28.0
입항,루마니아,2023,2656.75
입항,리비아,2023,835.0
입항,리투아니아,2023,1857.0
입항,마다가스카르,2023,550.0
입항,마르티니크,2023,31.0
입항,마샬 제도,2023,3608.0
입항,마요트,2023,2.0
입항,마카오,2023,1.0
입항,말레이시아,2023,100393.75
입항,멕시코,2023,178959.0
입항,모로코,2023,4544.0
입항,모리셔스,2023,116.0
입항,모리타니,2023,359.0
입항,모잠비크,2023,1237.0
입항,몬테네그로,2023,1627.0
입항,몰디브,2023,0.0
입항,몰타,2023,284.0
입항,미국,2023,751097.0
입항,미얀마,2023,3455.0
입항,미크로네시아,2023,128.0
입항,바누아투,2023,2392.0
입항,바레인,2023,1721.0
입항,바베이도스,2023,0.0
입항,바하마,2023,2954.0
입항,방글라데시,2023,8439.75
입항,베냉,2023,0.0
입항,베네수엘라,2023,366.0
입항,베트남,2023,156915.5
입항,벨기에,2023,44682.25
입항,벨리즈,2023,0.0
입항,북마리아나 제도,2023,2246.0
입항,불가리아,2023,1032.0
입항,브라질,2023,57886.0
입항,브루나이,2023,32.0
입항,사모아,2023,935.0
입항,사우디아라비아,2023,49319.5
입항,세네갈,2023,860.0
입항,세이셸,2023,106.0
입항,세인트루시아,2023,32.0
입항,소말리아,2023,5.0
입항,솔로몬제도,2023,146.0
입항,수단,2023,62.0
입항,수리남,2023,783.0
입항,스리랑카,2023,3504.0
입항,스웨덴,2023,15163.5
입항,스페인,2023,52991.75
입항,슬로바키아,2023,14.0
입항,슬로베니아,2023,13780.25
입항,시리아,2023,5.0
입항,시에라 리온,2023,182.0
입항,싱가포르,2023,74247.5
입항,아랍에미리트연합국,2023,61896.5
입항,아루바,2023,8.0
입항,아르헨티나,2023,17225.0
입항,아메리칸사모아,2023,4055.0
입항,아이슬란드,2023,85.0
입항,아이티,2023,44.0
입항,아일랜드,2023,2913.0
입항,알바니아,2023,20.0
입항,알제리,2023,59.0
입항,앙골라,2023,85.0
입항,앤티가 바부다,2023,2.0
입항,앤틸리스제도,2023,54.0
입항,에스토니아,2023,2755.0
입항,에콰도르,2023,11268.0
입항,엘살바도르,2023,925.0
입항,영국,2023,28014.25
입항,예멘,2023,668.0
입항,오만,2023,7833.25
입항,오스트리아,2023,16.0
입항,온두라스,2023,550.0
입항,요르단,2023,6695.0
입항,우루과이,2023,4091.0
입항,우크라이나,2023,0.0
입항,원양어획지역,2023,24.0
입항,이라크,2023,770.0
입항,이란,2023,55.0
입항,이스라엘,2023,34896.75
입항,이집트,2023,13409.0
입항,이탈리아,2023,61040.25
입항,인도,2023,99908.5
입항,인도네시아,2023,89659.75
입항,일본,2023,645989.5
입항,자메이카,2023,10403.0
입항,적도 기니,2023,14.0
입항,조지아,2023,205.0
입항,중국,2023,1310101.25
입항,지부티,2023,2086.0
입항,체코,2023,171.0
입항,칠레,2023,61458.0
입항,카메룬,2023,39.0
입항,카보 베르데,2023,12.0
입항,카자흐스탄,2023,0.0
입항,카타르,2023,5882.5
입항,캄보디아,2023,1715.0
입항,캐나다,2023,119008.25
입항,케냐,2023,731.0
입항,코스타리카,2023,4029.0
입항,코트디부아르,2023,283.0
입항,콜롬비아,2023,23011.0
입항,콩고,2023,277.0
입항,콩고 민주 공화국,2023,22.0
입항,쿠바,2023,39.0
입항,쿠웨이트,2023,881.0
입항,퀴라소,2023,41.0
입항,크로아티아,2023,2335.25
입항,키리바시,2023,38.0
입항,키프로스,2023,233.0
입항,탄자니아,2023,2890.0
입항,태국,2023,92095.5
입항,토고,2023,2077.0
입항,통가,2023,1152.0
입항,튀니지,2023,1038.0
입항,튀르키예,2023,25641.5
입항,트리니다드 토바고,2023,95.0
입항,파나마,2023,17593.25
입항,파라과이,2023,198.0
입항,파키스탄,2023,16117.75
입항,파푸아 뉴기니,2023,1287.0
입항,팔라우,2023,23.0
입항,페로 제도,2023,13.0
입항,페루,2023,26407.0
입항,포르투갈,2023,5030.0
입항,폴란드,2023,14470.25
입항,푸에르토리코,2023,1233.0
입항,프랑스,2023,36389.25
입항,프랑스령 기아나,2023,4.0
입항,프랑스령 폴리네시아,2023,4085.0
입항,피지,2023,1854.0
입항,핀란드,2023,10700.0
입항,필리핀,2023,123259.0
입항,헝가리,2023,2.0
입항,호주,2023,137153.75
입항,홍콩,2023,40451.0
출항,가나,2023,3197.0
출항,가봉,2023,17.0
출항,가이아나,2023,280.0
출항,감비아,2023,3.0
출항,과들루프,2023,40.0
출항,과테말라,2023,8076.0
출항,괌,2023,3955.25
출항,그레나다,2023,20.0
출항,그리스,2023,14060.0
출항,기니,2023,130.0
출항,기니비사우,2023,1.0
출항,나미비아,2023,24.0
출항,나우루,2023,5.0
출항,나이지리아,2023,5629.0
출항,남아프리카,2023,4295.0
출항,네덜란드,2023,63668.0
출항,네팔,2023,5.0
출항,노르웨이,2023,911.0
출항,뉴질랜드,2023,15320.0
출항,뉴칼레도니아,2023,741.0
출항,니카라과,2023,170.0
출항,대만,2023,113281.0
출항,대한민국,2023,125503.0
출항,덴마크,2023,1614.75
출항,도미니카 공화국,2023,4255.0
출항,도미니카 연방,2023,0.0
출항,독일,2023,66705.25
출항,동티모르,2023,32.0
출항,라오스,2023,1.0
출항,라이베리아,2023,34.0
출항,라트비아,2023,724.0
출항,러시아,2023,172822.0
출항,레바논,2023,372.0
출항,레위니옹,2023,174.0
출항,루마니아,2023,1651.0
출항,리비아,2023,2123.0
출항,리투아니아,2023,3107.25
출항,마다가스카르,2023,226.0
출항,마르티니크,2023,74.0
출항,마샬 제도,2023,215.0
출항,마요트,2023,31.0
출항,마카오,2023,4.0
출항,말레이시아,2023,85288.0
출항,멕시코,2023,190792.0
출항,모로코,2023,8403.0
출항,모리셔스,2023,240.0
출항,모리타니,2023,41.0
출항,모잠비크,2023,1021.0
출항,몬테네그로,2023,39.0
출항,몰디브,2023,97.0
출항,몰타,2023,625.0
출항,미국,2023,1025095.0
출항,미국령 버진아일랜드,2023,3.0
출항,미얀마,2023,843.0
출항,미크로네시아,2023,348.0
출항,바누아투,2023,230.0
출항,바레인,2023,436.0
출항,바베이도스,2023,25.0
출항,바하마,2023,7521.0
출항,방글라데시,2023,7526.5
출항,베냉,2023,119.0
출항,베네수엘라,2023,260.0
출항,베트남,2023,211413.5
출항,벨기에,2023,25984.75
출항,벨리즈,2023,62.0
출항,북마리아나 제도,2023,1057.25
출항,불가리아,2023,324.0
출항,브라질,2023,43849.0
출항,브루나이,2023,18.0
출항,사모아,2023,618.0
출항,사우디아라비아,2023,52822.5
출항,상투메 프린시페,2023,7.0
출항,세네갈,2023,708.0
출항,세이셸,2023,113.0
출항,세인트 빈센트 그레나딘,2023,9.0
출항,세인트루시아,2023,42.0
출항,세인트키츠 네비스,2023,1.0
출항,소말리아,2023,87.0
출항,솔로몬제도,2023,214.0
출항,수단,2023,76.0
출항,수리남,2023,68.0
출항,스리랑카,2023,7559.0
출항,스웨덴,2023,6797.0
출항,스페인,2023,40220.0
출항,슬로베니아,2023,106232.25
출항,시리아,2023,113.25
출항,시에라 리온,2023,85.0
출항,싱가포르,2023,67669.0
출항,아랍에미리트연합국,2023,61494.0
출항,아루바,2023,145.0
출항,아르헨티나,2023,4843.0
출항,아메리칸사모아,2023,724.0
출항,아이슬란드,2023,68.0
출항,아이티,2023,195.0
출항,아일랜드,2023,480.0
출항,알바니아,2023,119.0
출항,알제리,2023,1995.25
출항,앙골라,2023,952.25
출항,앤티가 바부다,2023,8.0
출항,앤틸리스제도,2023,108.0
출항,에리트레아,2023,3.0
출항,에스토니아,2023,173.0
출항,에콰도르,2023,19308.5
출항,엘살바도르,2023,366.0
출항,영국,2023,22937.25
출항,영국령 버진아일랜드,2023,4.0
출항,예멘,2023,203.0
출항,오만,2023,11888.5
출항,온두라스,2023,524.0
출항,요르단,2023,4432.0
출항,우루과이,2023,2789.0
출항,우크라이나,2023,78.0
출항,원양어획지역,2023,6.0
출항,이라크,2023,3421.25
출항,이란,2023,4657.0
출항,이스라엘,2023,13945.25
출항,이집트,2023,43996.0
출항,이탈리아,2023,70368.75
출항,인도,2023,166956.25
출항,인도네시아,2023,106196.75
출항,일본,2023,448352.5
출항,자메이카,2023,4257.0
출항,적도 기니,2023,191.0
출항,조지아,2023,167.0
출항,중국,2023,1232089.0
출항,지부티,2023,486.0
출항,지브롤터,2023,0.0
출항,칠레,2023,28255.0
출항,카메룬,2023,402.0
출항,카타르,2023,5833.5
출항,캄보디아,2023,4021.0
출항,캐나다,2023,118063.75
출항,케냐,2023,2595.0
출항,케이맨 제도,2023,7.0
출항,코모로,2023,0.0
출항,코스타리카,2023,548.0
출항,코트디부아르,2023,3803.25
출항,콜롬비아,2023,20936.0
출항,콩고,2023,626.0
출항,콩고 민주 공화국,2023,551.0
출항,쿠바,2023,551.0
출항,쿠웨이트,2023,1113.0
출항,크로아티아,2023,6990.0
출항,키리바시,2023,79.0
출항,키프로스,2023,129.0
출항,탄자니아,2023,2496.0
출항,태국,2023,94222.5
출항,토고,2023,7619.0
출항,통가,2023,12.0
출항,튀니지,2023,876.0
출항,튀르키예,2023,109357.5
출항,트리니다드 토바고,2023,663.0
출항,파나마,2023,36637.25
출항,파라과이,2023,22.0
출항,파키스탄,2023,13248.0
출항,파푸아 뉴기니,2023,1173.0
출항,팔라우,2023,100.0
출항,페루,2023,18175.0
출항,포르투갈,2023,1386.0
출항,폴란드,2023,14007.0
출항,푸에르토리코,2023,70.0
출항,프랑스,2023,20288.75
출항,프랑스령 기아나,2023,20.0
출항,프랑스령 폴리네시아,2023,430.0
출항,피지,2023,697.0
출항,핀란드,2023,382.0
출항,필리핀,2023,43855.25
출항,호주,2023,67217.0
출항,홍콩,2023,48660.0
입항환적,가나,2023,1209.0
입항환적,가봉,2023,932.0
입항환적,가이아나,2023,1310.0
입항환적,감비아,2023,0.0
입항환적,과들루프,2023,2.0
입항환적,과테말라,2023,4195.0
입항환적,괌,2023,6247.75
입항환적,그레나다,2023,4.0
입항환적,그리스,2023,2357.25
입항환적,기니,2023,53.0
입항환적,나미비아,2023,69.0
입항환적,나이지리아,2023,798.0
입항환적,남아프리카,2023,4960.0
입항환적,네덜란드,2023,18196.25
입항환적,노르웨이,2023,1694.0
입항환적,뉴질랜드,2023,14798.0
입항환적,뉴칼레도니아,2023,1422.0
입항환적,니카라과,2023,2468.0
입항환적,대만,2023,65940.5
입항환적,대한민국,2023,121976.0
입항환적,덴마크,2023,6209.0
입항환적,도미니카 공화국,2023,3370.0
입항환적,독일,2023,24732.0
입항환적,동티모르,2023,18.0
입항환적,라이베리아,2023,1.0
입항환적,라트비아,2023,4070.0
입항환적,러시아,2023,118788.0
입항환적,레바논,2023,15.0
입항환적,레위니옹,2023,4.0
입항환적,루마니아,2023,7384.0
입항환적,리비아,2023,0.0
입항환적,리투아니아,2023,1145.25
입항환적,마다가스카르,2023,235.0
입항환적,마르티니크,2023,10.0
입항환적,마샬 제도,2023,115.0
입항환적,마카오,2023,0.0
입항환적,말레이시아,2023,86656.0
입항환적,멕시코,2023,68245.0
입항환적,모로코,2023,1238.0
입항환적,모리셔스,2023,358.0
입항환적,모리타니,2023,220.0
입항환적,모잠비크,2023,827.0
입항환적,몬테네그로,2023,80.0
입항환적,몰디브,2023,28.0
입항환적,몰타,2023,70.0
입항환적,미국,2023,637044.5
입항환적,미얀마,2023,3028.0
입항환적,미크로네시아,2023,28.0
입항환적,바누아투,2023,289.0
입항환적,바레인,2023,1660.0
입항환적,바베이도스,2023,227.0
입항환적,바하마,2023,511.0
입항환적,방글라데시,2023,5875.25
입항환적,베냉,2023,92.0
입항환적,베네수엘라,2023,816.0
입항환적,베트남,2023,156107.0
입항환적,벨기에,2023,19299.75
입항환적,벨리즈,2023,18.0
입항환적,북마리아나 제도,2023,215.0
입항환적,불가리아,2023,712.0
입항환적,브라질,2023,67339.0
입항환적,브루나이,2023,144.0
입항환적,사모아,2023,184.0
입항환적,사우디아라비아,2023,13397.0
입항환적,세네갈,2023,722.0
입항환적,세이셸,2023,227.0
입항환적,세인트 빈센트 그레나딘,2023,0.0
입항환적,세인트루시아,2023,3.0
입항환적,소말리아,2023,6.0
입항환적,솔로몬제도,2023,46.0
입항환적,수단,2023,468.0
입항환적,수리남,2023,851.0
입항환적,스리랑카,2023,3569.0
입항환적,스웨덴,2023,17366.0
입항환적,스위스,2023,1.0
입항환적,스페인,2023,33902.0
입항환적,슬로바키아,2023,3.0
입항환적,슬로베니아,2023,5002.0
입항환적,시리아,2023,3.0
입항환적,시에라 리온,2023,85.0
입항환적,싱가포르,2023,27762.5
입항환적,아랍에미리트연합국,2023,23140.0
입항환적,아루바,2023,96.0
입항환적,아르헨티나,2023,9871.0
입항환적,아메리칸사모아,2023,16.0
입항환적,아이슬란드,2023,593.0
입항환적,아이티,2023,311.0
입항환적,아일랜드,2023,891.0
입항환적,알바니아,2023,309.0
입항환적,알제리,2023,10.0
입항환적,앙골라,2023,54.0
입항환적,앤티가 바부다,2023,0.0
입항환적,앤틸리스제도,2023,1.0
입항환적,에스토니아,2023,1309.0
입항환적,에콰도르,2023,69578.0
입항환적,엘살바도르,2023,1376.0
입항환적,영국,2023,9667.5
입항환적,예멘,2023,90.0
입항환적,오만,2023,3855.25
입항환적,오스트리아,2023,1.0
입항환적,온두라스,2023,1197.0
입항환적,요르단,2023,1069.75
입항환적,우간다,2023,0.0
입항환적,우루과이,2023,7214.0
입항환적,우크라이나,2023,273.0
입항환적,원양어획지역,2023,992.0
입항환적,이라크,2023,12.0
입항환적,이란,2023,4.0
입항환적,이스라엘,2023,2934.0
입항환적,이집트,2023,8912.5
입항환적,이탈리아,2023,38284.0
입항환적,인도,2023,70044.25
입항환적,인도네시아,2023,154907.25
입항환적,일본,2023,877766.75
입항환적,자메이카,2023,1325.0
입항환적,적도 기니,2023,7.0
입항환적,조지아,2023,729.0
입항환적,중국,2023,2640820.25
입항환적,지부티,2023,877.0
입항환적,체코,2023,18.0
입항환적,칠레,2023,108893.0
입항환적,카메룬,2023,268.0
입항환적,카보 베르데,2023,0.0
입항환적,카타르,2023,2553.0
입항환적,캄보디아,2023,9632.75
입항환적,캐나다,2023,142621.5
입항환적,케냐,2023,261.0
입항환적,코모로,2023,6.0
입항환적,코스타리카,2023,5423.75
입항환적,코트디부아르,2023,189.0
입항환적,콜롬비아,2023,5928.0
입항환적,콩고,2023,36.0
입항환적,콩고 민주 공화국,2023,0.0
입항환적,쿠바,2023,1522.0
입항환적,쿠웨이트,2023,505.0
입항환적,퀴라소,2023,45.0
입항환적,크로아티아,2023,2288.0
입항환적,키리바시,2023,4.0
입항환적,키프로스,2023,162.0
입항환적,탄자니아,2023,506.0
입항환적,태국,2023,123212.75
입항환적,토고,2023,305.0
입항환적,통가,2023,10.0
입항환적,튀니지,2023,59.0
입항환적,튀르키예,2023,24239.75
입항환적,트리니다드 토바고,2023,392.0
입항환적,파나마,2023,10252.75
입항환적,파라과이,2023,619.0
입항환적,파키스탄,2023,6621.25
입항환적,파푸아 뉴기니,2023,208.0
입항환적,팔라우,2023,7.0
입항환적,페로 제도,2023,14.0
입항환적,페루,2023,29642.0
입항환적,포르투갈,2023,2036.0
입항환적,폴란드,2023,2544.0
입항환적,푸에르토리코,2023,2178.0
입항환적,프랑스,2023,15072.0
입항환적,프랑스령 기아나,2023,0.0
입항환적,프랑스령 폴리네시아,2023,81.0
입항환적,피지,2023,444.0
입항환적,핀란드,2023,11021.0
입항환적,필리핀,2023,86711.75
입항환적,헝가리,2023,1.0
입항환적,호주,2023,81223.0
입항환적,홍콩,2023,30041.75
출항환적,가나,2023,3241.5
출항환적,가봉,2023,905.0
출항환적,가이아나,2023,9009.0
출항환적,감비아,2023,172.0
출항환적,과들루프,2023,513.0
출항환적,과테말라,2023,31928.5
출항환적,괌,2023,4687.5
출항환적,그레나다,2023,703.0
출항환적,그리스,2023,13481.75
출항환적,기니,2023,889.5
출항환적,기니비사우,2023,55.0
출항환적,나미비아,2023,1383.0
출항환적,나우루,2023,117.0
출항환적,나이지리아,2023,6037.0
출항환적,남아프리카,2023,6340.0
출항환적,네덜란드,2023,19649.25
출항환적,노르웨이,2023,182.0
출항환적,뉴질랜드,2023,9899.0
출항환적,뉴칼레도니아,2023,3543.0
출항환적,니카라과,2023,6854.25
출항환적,대만,2023,71479.25
출항환적,대한민국,2023,179417.5
출항환적,덴마크,2023,1489.0
출항환적,도미니카 공화국,2023,44380.25
출항환적,도미니카 연방,2023,100.0
출항환적,독일,2023,18619.75
출항환적,동티모르,2023,96.0
출항환적,라이베리아,2023,469.0
출항환적,라트비아,2023,74.0
출항환적,러시아,2023,136335.0
출항환적,레바논,2023,703.5
출항환적,레위니옹,2023,40.0
출항환적,루마니아,2023,2497.25
출항환적,리비아,2023,1978.5
출항환적,리투아니아,2023,1158.25
출항환적,마다가스카르,2023,109.0
출항환적,마르티니크,2023,397.0
출항환적,마샬 제도,2023,1123.0
출항환적,마요트,2023,22.0
출항환적,마카오,2023,4.0
출항환적,말레이시아,2023,62546.5
출항환적,멕시코,2023,445732.5
출항환적,모로코,2023,16702.25
출항환적,모리셔스,2023,309.0
출항환적,모리타니,2023,1517.75
출항환적,모잠비크,2023,1018.0
출항환적,몬세라트,2023,6.0
출항환적,몬테네그로,2023,218.75
출항환적,몰디브,2023,688.0
출항환적,몰타,2023,373.25
출항환적,미국,2023,1080926.75
출항환적,미국령 버진아일랜드,2023,79.0
출항환적,미얀마,2023,1906.0
출항환적,미크로네시아,2023,1555.0
출항환적,바누아투,2023,4581.0
출항환적,바레인,2023,449.0
출항환적,바베이도스,2023,1846.0
출항환적,바하마,2023,113732.0
출항환적,방글라데시,2023,3408.25
출항환적,베냉,2023,673.0
출항환적,베네수엘라,2023,23309.25
출항환적,베트남,2023,128206.0
출항환적,벨기에,2023,7359.25
출항환적,벨리즈,2023,614.0
출항환적,북마리아나 제도,2023,965.75
출항환적,불가리아,2023,1213.0
출항환적,브라질,2023,63407.0
출항환적,브루나이,2023,5.0
출항환적,사모아,2023,3186.0
출항환적,사우디아라비아,2023,17929.25
출항환적,상투메 프린시페,2023,6.0
출항환적,세네갈,2023,2640.0
출항환적,세르비아,2023,6.0
출항환적,세이셸,2023,26.0
출항환적,세인트 빈센트 그레나딘,2023,135.0
출항환적,세인트루시아,2023,637.25
출항환적,세인트키츠 네비스,2023,101.25
출항환적,소말리아,2023,207.0
출항환적,솔로몬제도,2023,874.0
출항환적,수단,2023,805.0
출항환적,수리남,2023,3305.25
출항환적,스리랑카,2023,1337.25
출항환적,스웨덴,2023,1566.0
출항환적,스페인,2023,24157.5
출항환적,슬로베니아,2023,8737.5
출항환적,시리아,2023,201.25
출항환적,시에라 리온,2023,768.0
출항환적,싱가포르,2023,66672.75
출항환적,아랍에미리트연합국,2023,57522.5
출항환적,아루바,2023,699.5
출항환적,아르헨티나,2023,11737.0
출항환적,아메리칸사모아,2023,1236.0
출항환적,아이슬란드,2023,1.0
출항환적,아이티,2023,2606.25
출항환적,아일랜드,2023,1082.0
출항환적,알바니아,2023,269.0
출항환적,알제리,2023,4840.0
출항환적,앙골라,2023,649.0
출항환적,앤티가 바부다,2023,319.0
출항환적,앤틸리스제도,2023,1353.25
출항환적,앵귈라,2023,2.0
출항환적,에리트레아,2023,1.0
출항환적,에스토니아,2023,95.0
출항환적,에콰도르,2023,60753.25
출항환적,에티오피아,2023,0.0
출항환적,엘살바도르,2023,12588.5
출항환적,영국,2023,26404.25
출항환적,영국령 버진아일랜드,2023,77.0
출항환적,예멘,2023,695.5
출항환적,오만,2023,5523.5
출항환적,온두라스,2023,8917.25
출항환적,왈리스 푸투나,2023,8.0
출항환적,요르단,2023,4421.5
출항환적,우루과이,2023,4671.0
출항환적,우크라이나,2023,0.0
출항환적,원양어획지역,2023,52.0
출항환적,이라크,2023,509.25
출항환적,이란,2023,98.0
출항환적,이스라엘,2023,14409.25
출항환적,이집트,2023,14693.0
출항환적,이탈리아,2023,35918.5
출항환적,인도,2023,74752.75
출항환적,인도네시아,2023,67083.5
출항환적,일본,2023,886699.25
출항환적,자메이카,2023,29515.5
출항환적,적도 기니,2023,0.0
출항환적,조지아,2023,15391.0
출항환적,중국,2023,1070982.25
출항환적,지부티,2023,536.25
출항환적,칠레,2023,208699.75
출항환적,카메룬,2023,1710.0
출항환적,카보 베르데,2023,32.0
출항환적,카타르,2023,2091.25
출항환적,캄보디아,2023,776.5
출항환적,캐나다,2023,274959.75
출항환적,케냐,2023,3001.0
출항환적,케이맨 제도,2023,356.0
출항환적,코모로,2023,55.0
출항환적,코스타리카,2023,10844.25
출항환적,코트디부아르,2023,2951.0
출항환적,콜롬비아,2023,97025.5
출항환적,콩고,2023,375.0
출항환적,콩고 민주 공화국,2023,757.0
출항환적,쿠바,2023,6598.0
출항환적,쿠웨이트,2023,405.0
출항환적,쿡 제도,2023,17.0
출항환적,퀴라소,2023,22.0
출항환적,크로아티아,2023,6815.5
출항환적,키리바시,2023,2485.0
출항환적,키프로스,2023,1274.0
출항환적,탄자니아,2023,4058.25
출항환적,태국,2023,95145.0
출항환적,토고,2023,1332.25
출항환적,통가,2023,1697.0
출항환적,투발루,2023,10.0
출항환적,튀니지,2023,1266.25
출항환적,튀르키예,2023,53844.25
출항환적,트리니다드 토바고,2023,12138.75
출항환적,파나마,2023,64874.25
출항환적,파라과이,2023,2735.0
출항환적,파키스탄,2023,9198.5
출항환적,파푸아 뉴기니,2023,2928.0
출항환적,팔라우,2023,256.0
출항환적,페로 제도,2023,2.0
출항환적,페루,2023,99379.5
출항환적,포르투갈,2023,849.0
출항환적,폴란드,2023,1862.0
출항환적,푸에르토리코,2023,8693.5
출항환적,프랑스,2023,20393.5
출항환적,프랑스령 기아나,2023,257.0
출항환적,프랑스령 폴리네시아,2023,1082.0
출항환적,피지,2023,3029.0
출항환적,핀란드,2023,232.0
출항환적,필리핀,2023,52571.75
출항환적,호주,2023,18705.25
출항환적,홍콩,2023,31343.0
입항,가나,2024,3000.0
입항,가봉,2024,12.0
입항,가이아나,2024,9.0
입항,감비아,2024,151.0
입항,과들루프,2024,0.0
입항,과테말라,2024,3648.0
입항,괌,2024,12938.75
입항,그레나다,2024,2.0
입항,그리스,2024,7201.0
입항,기니,2024,475.0
입항,기니비사우,2024,10.0
입항,나미비아,2024,67.0
입항,나이지리아,2024,2553.0
입항,남아프리카,2024,8956.0
입항,네덜란드,2024,84044.25
입항,노르웨이,2024,6351.0
입항,뉴질랜드,2024,34736.0
입항,뉴칼레도니아,2024,2125.0
입항,니카라과,2024,347.0
입항,대만,2024,101895.75
입항,대한민국,2024,83113.0
입항,덴마크,2024,12538.25
입항,도미니카 공화국,2024,2312.0
입항,독일,2024,91140.75
입항,동티모르,2024,3.0
입항,라이베리아,2024,14.0
입항,라트비아,2024,8130.0
입항,러시아,2024,130221.0
입항,레바논,2024,861.0
입항,레위니옹,2024,23.0
입항,루마니아,2024,2680.25
입항,리비아,2024,790.0
입항,리투아니아,2024,3354.5
입항,마다가스카르,2024,410.0
입항,마르티니크,2024,4.0
입항,마샬 제도,2024,3075.0
입항,마요트,2024,1.0
입항,마카오,2024,2.0
입항,말레이시아,2024,80875.75
입항,멕시코,2024,191591.0
입항,모로코,2024,4417.0
입항,모리셔스,2024,164.0
입항,모리타니,2024,480.0
입항,모잠비크,2024,1082.0
입항,몬테네그로,2024,1142.0
입항,몰디브,2024,1.0
입항,몰타,2024,1704.0
입항,미국,2024,901699.75
입항,미얀마,2024,2188.0
입항,미크로네시아,2024,72.0
입항,바누아투,2024,2028.0
입항,바레인,2024,2505.0
입항,바베이도스,2024,1.0
입항,바하마,2024,1429.0
입항,방글라데시,2024,4385.0
입항,베냉,2024,30.0
입항,베네수엘라,2024,217.0
입항,베트남,2024,185013.75
입항,벨기에,2024,39853.5
입항,북마리아나 제도,2024,2843.25
입항,불가리아,2024,1408.0
입항,브라질,2024,40384.0
입항,브루나이,2024,38.0
입항,사모아,2024,2602.0
입항,사우디아라비아,2024,24922.5
입항,세네갈,2024,970.0
입항,세이셸,2024,17.0
입항,세인트 빈센트 그레나딘,2024,1.0
입항,세인트루시아,2024,3.0
입항,소말리아,2024,79.0
입항,솔로몬제도,2024,24.0
입항,수단,2024,22.0
입항,수리남,2024,546.0
입항,스리랑카,2024,3746.0
입항,스웨덴,2024,13873.5
입항,스위스,2024,2.0
입항,스페인,2024,49162.25
입항,슬로베니아,2024,11190.75
입항,시리아,2024,2.0
입항,시에라 리온,2024,145.0
입항,싱가포르,2024,59034.25
입항,아랍에미리트연합국,2024,68071.0
입항,아루바,2024,18.0
입항,아르헨티나,2024,4054.0
입항,아메리칸사모아,2024,3196.0
입항,아이슬란드,2024,124.0
입항,아이티,2024,14.0
입항,아일랜드,2024,2856.0
입항,알바니아,2024,9.0
입항,알제리,2024,59.0
입항,앙골라,2024,21.0
입항,앤티가 바부다,2024,0.0
입항,앤틸리스제도,2024,42.0
입항,에스토니아,2024,2597.0
입항,에콰도르,2024,22404.0
입항,엘살바도르,2024,1121.0
입항,영국,2024,23133.5
입항,예멘,2024,894.0
입항,오만,2024,6180.75
입항,오스트리아,2024,185.0
입항,온두라스,2024,707.0
입항,요르단,2024,2401.0
입항,우루과이,2024,1058.0
입항,우즈베키스탄,2024,0.0
입항,우크라이나,2024,23.0
입항,이라크,2024,2364.0
입항,이란,2024,99.0
입항,이스라엘,2024,23828.5
입항,이집트,2024,9390.75
입항,이탈리아,2024,65734.0
입항,인도,2024,108985.0
입항,인도네시아,2024,87943.5
입항,일본,2024,674401.0
입항,자메이카,2024,8642.0
입항,적도 기니,2024,10.0
입항,조지아,2024,263.0
입항,중국,2024,1278576.5
입항,지부티,2024,3753.0
입항,체코,2024,69.0
입항,칠레,2024,68868.0
입항,카메룬,2024,96.0
입항,카보 베르데,2024,8.0
입항,카타르,2024,4456.75
입항,캄보디아,2024,2139.0
입항,캐나다,2024,110124.0
입항,케냐,2024,654.0
입항,코스타리카,2024,3178.0
입항,코트디부아르,2024,1280.0
입항,콜롬비아,2024,22058.0
입항,콩고,2024,9.0
입항,콩고 민주 공화국,2024,12.0
입항,쿠바,2024,27.0
입항,쿠웨이트,2024,729.0
입항,퀴라소,2024,2.0
입항,크로아티아,2024,1549.0
입항,키리바시,2024,886.0
입항,키프로스,2024,152.0
입항,탄자니아,2024,4106.0
입항,태국,2024,99452.75
입항,토고,2024,2369.0
입항,통가,2024,703.0
입항,튀니지,2024,775.0
입항,튀르키예,2024,28903.5
입항,트리니다드 토바고,2024,476.0
입항,파나마,2024,28745.0
입항,파라과이,2024,165.0
입항,파키스탄,2024,9911.0
입항,파푸아 뉴기니,2024,2105.0
입항,팔라우,2024,38.0
입항,페로 제도,2024,40.0
입항,페루,2024,20327.0
입항,포르투갈,2024,3986.0
입항,폴란드,2024,14911.25
입항,푸에르토리코,2024,973.0
입항,프랑스,2024,28665.5
입항,프랑스령 기아나,2024,4.0
입항,프랑스령 폴리네시아,2024,4717.0
입항,피지,2024,975.0
입항,핀란드,2024,10281.0
입항,필리핀,2024,94013.0
입항,헝가리,2024,103.0
입항,호주,2024,161687.0
입항,홍콩,2024,32715.25
출항,가나,2024,2338.0
출항,가봉,2024,27.0
출항,가이아나,2024,179.0
출항,감비아,2024,11.0
출항,과들루프,2024,36.0
출항,과테말라,2024,6983.0
출항,괌,2024,1373.75
출항,그레나다,2024,25.0
출항,그리스,2024,9663.0
출항,기니,2024,71.0
출항,기니비사우,2024,13.0
출항,나미비아,2024,12.0
출항,나우루,2024,4.0
출항,나이지리아,2024,4336.0
출항,남아프리카,2024,3867.0
출항,네덜란드,2024,69907.5
출항,노르웨이,2024,465.0
출항,뉴질랜드,2024,16632.0
출항,뉴칼레도니아,2024,777.0
출항,니카라과,2024,124.0
출항,대만,2024,108900.0
출항,대한민국,2024,96960.25
출항,덴마크,2024,792.0
출항,도미니카 공화국,2024,3078.0
출항,독일,2024,68734.25
출항,동티모르,2024,142.0
출항,라이베리아,2024,21.0
출항,라트비아,2024,263.0
출항,러시아,2024,110826.0
출항,레바논,2024,532.0
출항,레위니옹,2024,140.0
출항,루마니아,2024,1117.25
출항,리비아,2024,1887.0
출항,리투아니아,2024,1055.0
출항,마다가스카르,2024,142.0
출항,마르티니크,2024,63.0
출항,마샬 제도,2024,230.0
출항,마요트,2024,6.0
출항,마카오,2024,3.0
출항,말레이시아,2024,86641.0
출항,멕시코,2024,198348.0
출항,모로코,2024,8437.25
출항,모리셔스,2024,193.0
출항,모리타니,2024,37.0
출항,모잠비크,2024,1166.0
출항,몬테네그로,2024,40.0
출항,몰디브,2024,79.0
출항,몰타,2024,295.0
출항,미국,2024,1095045.25
출항,미국령 버진아일랜드,2024,4.0
출항,미얀마,2024,674.0
출항,미크로네시아,2024,305.0
출항,바누아투,2024,247.0
출항,바레인,2024,398.0
출항,바베이도스,2024,49.0
출항,바하마,2024,1183.25
출항,방글라데시,2024,5215.0
출항,베냉,2024,159.0
출항,베네수엘라,2024,349.0
출항,베트남,2024,223474.5
출항,벨기에,2024,23313.0
출항,벨리즈,2024,40.0
출항,북마리아나 제도,2024,558.5
출항,불가리아,2024,234.0
출항,브라질,2024,35003.25
출항,브루나이,2024,13.0
출항,사모아,2024,449.0
출항,사우디아라비아,2024,41017.75
출항,상투메 프린시페,2024,0.0
출항,세네갈,2024,342.0
출항,세이셸,2024,60.0
출항,세인트 빈센트 그레나딘,2024,4.0
출항,세인트루시아,2024,31.0
출항,세인트키츠 네비스,2024,1.0
출항,소말리아,2024,41.0
출항,솔로몬제도,2024,196.0
출항,수단,2024,73.0
출항,수리남,2024,27.0
출항,스리랑카,2024,3528.0
출항,스웨덴,2024,5892.0
출항,스페인,2024,40597.5
출항,슬로베니아,2024,83949.75
출항,시리아,2024,126.0
출항,시에라 리온,2024,37.0
출항,싱가포르,2024,65296.25
출항,아랍에미리트연합국,2024,65143.0
출항,아루바,2024,55.0
출항,아르헨티나,2024,1289.0
출항,아메리칸사모아,2024,742.0
출항,아이슬란드,2024,122.0
출항,아이티,2024,148.0
출항,아일랜드,2024,280.0
출항,알바니아,2024,79.25
출항,알제리,2024,1165.25
출항,앙골라,2024,683.25
출항,앤티가 바부다,2024,26.0
출항,앤틸리스제도,2024,48.0
출항,에리트레아,2024,2.0
출항,에스토니아,2024,139.0
출항,에콰도르,2024,17708.0
출항,엘살바도르,2024,412.0
출항,영국,2024,25536.25
출항,영국령 버진아일랜드,2024,6.0
출항,예멘,2024,141.0
출항,오만,2024,8014.0
출항,온두라스,2024,247.0
출항,요르단,2024,1454.25
출항,우루과이,2024,620.0
출항,우크라이나,2024,136.0
출항,이라크,2024,2333.25
출항,이란,2024,5504.0
출항,이스라엘,2024,15803.25
출항,이집트,2024,36088.25
출항,이탈리아,2024,65823.75
출항,인도,2024,174775.25
출항,인도네시아,2024,98681.5
출항,일본,2024,411319.25
출항,자메이카,2024,2038.0
출항,적도 기니,2024,31.0
출항,조지아,2024,194.0
출항,중국,2024,1433559.5
출항,지부티,2024,178.0
출항,칠레,2024,38123.0
출항,카메룬,2024,172.0
출항,카보 베르데,2024,0.0
출항,카타르,2024,5880.0
출항,캄보디아,2024,3494.0
출항,캐나다,2024,126347.0
출항,케냐,2024,1658.0
출항,케이맨 제도,2024,9.0
출항,코모로,2024,2.0
출항,코스타리카,2024,696.0
출항,코트디부아르,2024,1719.25
출항,콜롬비아,2024,23287.0
출항,콩고,2024,221.0
출항,콩고 민주 공화국,2024,243.0
출항,쿠바,2024,302.0
출항,쿠웨이트,2024,1040.0
출항,크로아티아,2024,2143.0
출항,키리바시,2024,94.0
출항,키프로스,2024,98.0
출항,탄자니아,2024,1293.0
출항,태국,2024,92852.25
출항,토고,2024,4744.0
출항,통가,2024,9.0
출항,투발루,2024,1.0
출항,튀니지,2024,681.0
출항,튀르키예,2024,100143.75
출항,트리니다드 토바고,2024,553.0
출항,파나마,2024,46885.0
출항,파라과이,2024,73.0
출항,파키스탄,2024,20824.0
출항,파푸아 뉴기니,2024,1512.0
출항,팔라우,2024,81.0
출항,페루,2024,19225.0
출항,포르투갈,2024,1122.0
출항,폴란드,2024,10559.0
출항,푸에르토리코,2024,183.0
출항,프랑스,2024,19482.5
출항,프랑스령 기아나,2024,22.0
출항,프랑스령 폴리네시아,2024,190.0
출항,피지,2024,609.0
출항,핀란드,2024,301.0
출항,필리핀,2024,48453.25
출항,호주,2024,67513.25
출항,홍콩,2024,46874.0
입항환적,가나,2024,737.0
입항환적,가봉,2024,1346.0
입항환적,가이아나,2024,1449.0
입항환적,감비아,2024,100.0
입항환적,과들루프,2024,24.0
입항환적,과테말라,2024,4271.0
입항환적,괌,2024,6743.75
입항환적,그리스,2024,5509.75
입항환적,기니,2024,37.0
입항환적,나미비아,2024,737.0
입항환적,나이지리아,2024,2561.0
입항환적,남아프리카,2024,15351.0
입항환적,네덜란드,2024,16704.0
입항환적,노르웨이,2024,1290.5
입항환적,뉴질랜드,2024,23040.0
입항환적,뉴칼레도니아,2024,1300.0
입항환적,니카라과,2024,2860.0
입항환적,대만,2024,62561.5
입항환적,대한민국,2024,134031.5
입항환적,덴마크,2024,3589.0
입항환적,도미니카 공화국,2024,4104.0
입항환적,독일,2024,20060.0
입항환적,동티모르,2024,18.0
입항환적,라이베리아,2024,6.0
입항환적,라트비아,2024,3508.0
입항환적,러시아,2024,75785.0
입항환적,레바논,2024,166.5
입항환적,레위니옹,2024,11.0
입항환적,루마니아,2024,10195.5
입항환적,리비아,2024,0.0
입항환적,리투아니아,2024,733.0
입항환적,마다가스카르,2024,628.0
입항환적,마르티니크,2024,40.0
입항환적,마샬 제도,2024,113.0
입항환적,마요트,2024,0.0
입항환적,말레이시아,2024,100148.0
입항환적,멕시코,2024,71406.75
입항환적,모로코,2024,783.0
입항환적,모리셔스,2024,1372.0
입항환적,모리타니,2024,440.0
입항환적,모잠비크,2024,2335.0
입항환적,몬테네그로,2024,93.0
입항환적,몰디브,2024,19.0
입항환적,몰타,2024,150.0
입항환적,미국,2024,631548.5
입항환적,미얀마,2024,2232.0
입항환적,미크로네시아,2024,24.0
입항환적,바누아투,2024,74.0
입항환적,바레인,2024,1656.0
입항환적,바베이도스,2024,1.0
입항환적,바하마,2024,1304.0
입항환적,방글라데시,2024,6469.5
입항환적,베냉,2024,636.0
입항환적,베네수엘라,2024,845.0
입항환적,베트남,2024,269409.25
입항환적,벨기에,2024,12229.75
입항환적,벨리즈,2024,8.0
입항환적,볼리비아,2024,0.0
입항환적,북마리아나 제도,2024,1055.0
입항환적,북마케도니아,2024,2.0
입항환적,불가리아,2024,1723.0
입항환적,브라질,2024,60995.0
입항환적,브루나이,2024,47.0
입항환적,사모아,2024,219.0
입항환적,사우디아라비아,2024,9432.0
입항환적,세네갈,2024,636.0
입항환적,세이셸,2024,153.0
입항환적,세인트루시아,2024,0.0
입항환적,세인트키츠 네비스,2024,0.0
입항환적,소말리아,2024,9.0
입항환적,솔로몬제도,2024,155.0
입항환적,수단,2024,193.0
입항환적,수리남,2024,1144.0
입항환적,스리랑카,2024,6760.5
입항환적,스웨덴,2024,17171.0
입항환적,스페인,2024,28847.5
입항환적,슬로베니아,2024,6601.0
입항환적,시리아,2024,7.0
입항환적,시에라 리온,2024,0.0
입항환적,싱가포르,2024,30018.75
입항환적,아랍에미리트연합국,2024,26966.75
입항환적,아루바,2024,116.0
입항환적,아르헨티나,2024,7477.0
입항환적,아메리칸사모아,2024,154.0
입항환적,아이슬란드,2024,261.0
입항환적,아이티,2024,157.0
입항환적,아일랜드,2024,665.0
입항환적,알바니아,2024,855.0
입항환적,알제리,2024,17.0
입항환적,앙골라,2024,1133.0
입항환적,앤티가 바부다,2024,4.0
입항환적,앤틸리스제도,2024,43.0
입항환적,에리트레아,2024,51.0
입항환적,에스토니아,2024,969.0
입항환적,에콰도르,2024,56353.0
입항환적,엘살바도르,2024,1115.0
입항환적,영국,2024,11324.0
입항환적,예멘,2024,5.0
입항환적,오만,2024,4073.75
입항환적,오스트리아,2024,4.0
입항환적,온두라스,2024,1095.0
입항환적,요르단,2024,443.25
입항환적,우루과이,2024,4327.0
입항환적,우크라이나,2024,243.0
입항환적,원양어획지역,2024,1276.0
입항환적,이라크,2024,2544.0
입항환적,이란,2024,0.0
입항환적,이스라엘,2024,9079.75
입항환적,이집트,2024,9160.75
입항환적,이탈리아,2024,36462.75
입항환적,인도,2024,101323.0
입항환적,인도네시아,2024,203112.5
입항환적,일본,2024,797890.75
입항환적,자메이카,2024,1040.0
입항환적,적도 기니,2024,0.0
입항환적,조지아,2024,2996.25
입항환적,중국,2024,3043438.5
입항환적,지부티,2024,1322.0
입항환적,체코,2024,115.0
입항환적,칠레,2024,110425.0
입항환적,카메룬,2024,162.0
입항환적,카타르,2024,3386.75
입항환적,캄보디아,2024,10700.75
입항환적,캐나다,2024,145515.75
입항환적,케냐,2024,385.0
입항환적,코모로,2024,2.0
입항환적,코스타리카,2024,5868.5
입항환적,코트디부아르,2024,734.0
입항환적,콜롬비아,2024,7492.0
입항환적,콩고,2024,6.0
입항환적,콩고 민주 공화국,2024,26.0
입항환적,쿠바,2024,847.0
입항환적,쿠웨이트,2024,748.0
입항환적,퀴라소,2024,0.0
입항환적,크로아티아,2024,1793.0
입항환적,키리바시,2024,303.0
입항환적,키프로스,2024,160.0
입항환적,탄자니아,2024,516.0
입항환적,태국,2024,161164.75
입항환적,토고,2024,487.0
입항환적,통가,2024,82.0
입항환적,튀니지,2024,121.0
입항환적,튀르키예,2024,26690.0
입항환적,트리니다드 토바고,2024,265.0
입항환적,파나마,2024,9118.25
입항환적,파라과이,2024,244.0
입항환적,파키스탄,2024,6959.0
입항환적,파푸아 뉴기니,2024,2521.0
입항환적,팔라우,2024,7.0
입항환적,페로 제도,2024,0.0
입항환적,페루,2024,32483.0
입항환적,포르투갈,2024,1266.0
입항환적,폴란드,2024,2234.25
입항환적,푸에르토리코,2024,2524.0
입항환적,프랑스,2024,16343.75
입항환적,프랑스령 기아나,2024,18.0
입항환적,프랑스령 폴리네시아,2024,332.0
입항환적,피지,2024,1027.0
입항환적,핀란드,2024,11995.0
입항환적,필리핀,2024,106176.5
입항환적,헝가리,2024,11.0
입항환적,호주,2024,103292.5
입항환적,홍콩,2024,24723.0
출항환적,가나,2024,5390.5
출항환적,가봉,2024,1521.0
출항환적,가이아나,2024,4908.0
출항환적,감비아,2024,202.0
출항환적,과들루프,2024,594.0
출항환적,과테말라,2024,48794.25
출항환적,괌,2024,1848.25
출항환적,그레나다,2024,287.0
출항환적,그리스,2024,19253.75
출항환적,기니,2024,1860.0
출항환적,기니비사우,2024,84.0
출항환적,나미비아,2024,1557.0
출항환적,나우루,2024,172.0
출항환적,나이지리아,2024,5265.75
출항환적,남아프리카,2024,5918.0
출항환적,네덜란드,2024,19634.25
출항환적,노르웨이,2024,152.0
출항환적,뉴질랜드,2024,12149.0
출항환적,뉴칼레도니아,2024,1936.0
출항환적,니우에,2024,3.0
출항환적,니카라과,2024,8194.25
출항환적,대만,2024,68862.75
출항환적,대한민국,2024,195497.5
출항환적,덴마크,2024,511.0
출항환적,도미니카 공화국,2024,34217.25
출항환적,도미니카 연방,2024,170.0
출항환적,독일,2024,19545.75
출항환적,동티모르,2024,52.0
출항환적,라이베리아,2024,395.75
출항환적,라트비아,2024,38.0
출항환적,러시아,2024,150996.0
출항환적,레바논,2024,2475.5
출항환적,레위니옹,2024,119.0
출항환적,루마니아,2024,4639.25
출항환적,리비아,2024,2020.5
출항환적,리투아니아,2024,143.0
출항환적,마다가스카르,2024,167.0
출항환적,마르티니크,2024,376.0
출항환적,마샬 제도,2024,1458.0
출항환적,마요트,2024,3.0
출항환적,마카오,2024,1.0
출항환적,말레이시아,2024,57826.0
출항환적,멕시코,2024,478653.5
출항환적,모로코,2024,23764.5
출항환적,모리셔스,2024,174.25
출항환적,모리타니,2024,900.25
출항환적,모잠비크,2024,692.0
출항환적,몬세라트,2024,2.0
출항환적,몬테네그로,2024,210.0
출항환적,몰디브,2024,399.0
출항환적,몰타,2024,722.0
출항환적,미국,2024,1426496.25
출항환적,미국령 버진아일랜드,2024,34.0
출항환적,미얀마,2024,1807.25
출항환적,미크로네시아,2024,1816.0
출항환적,바누아투,2024,5616.0
출항환적,바레인,2024,332.0
출항환적,바베이도스,2024,998.0
출항환적,바하마,2024,152945.25
출항환적,방글라데시,2024,2248.0
출항환적,베냉,2024,486.0
출항환적,베네수엘라,2024,23001.5
출항환적,베트남,2024,117489.75
출항환적,벨기에,2024,6571.25
출항환적,벨리즈,2024,368.0
출항환적,북마리아나 제도,2024,473.25
출항환적,불가리아,2024,1929.25
출항환적,브라질,2024,60435.0
출항환적,브루나이,2024,4.0
출항환적,사모아,2024,3593.0
출항환적,사우디아라비아,2024,18295.25
출항환적,상투메 프린시페,2024,63.0
출항환적,세네갈,2024,2297.25
출항환적,세이셸,2024,28.0
출항환적,세인트 빈센트 그레나딘,2024,102.0
출항환적,세인트루시아,2024,354.0
출항환적,세인트키츠 네비스,2024,93.0
출항환적,소말리아,2024,118.0
출항환적,솔로몬제도,2024,603.0
출항환적,수단,2024,24.0
출항환적,수리남,2024,2978.25
출항환적,스리랑카,2024,1903.0
출항환적,스웨덴,2024,962.5
출항환적,스페인,2024,27987.0
출항환적,슬로베니아,2024,7971.25
출항환적,시리아,2024,929.5
출항환적,시에라 리온,2024,680.25
출항환적,신트마르턴,2024,2.0
출항환적,싱가포르,2024,62942.0
출항환적,아랍에미리트연합국,2024,56929.0
출항환적,아루바,2024,392.0
출항환적,아르헨티나,2024,2766.0
출항환적,아메리칸사모아,2024,1141.0
출항환적,아이슬란드,2024,7.0
출항환적,아이티,2024,2863.0
출항환적,아일랜드,2024,970.25
출항환적,알바니아,2024,377.0
출항환적,알제리,2024,3672.0
출항환적,앙골라,2024,1041.25
출항환적,앤티가 바부다,2024,192.0
출항환적,앤틸리스제도,2024,662.0
출항환적,앵귈라,2024,0.0
출항환적,에리트레아,2024,0.0
출항환적,에스토니아,2024,31.0
출항환적,에콰도르,2024,49313.75
출항환적,엘살바도르,2024,15971.25
출항환적,영국,2024,33756.0
출항환적,영국령 버진아일랜드,2024,76.0
출항환적,예멘,2024,38.0
출항환적,오만,2024,3935.0
출항환적,온두라스,2024,10454.75
출항환적,왈리스 푸투나,2024,2.0
출항환적,요르단,2024,2011.25
출항환적,우루과이,2024,1287.0
출항환적,우크라이나,2024,498.0
출항환적,원양어획지역,2024,34.0
출항환적,이라크,2024,1978.5
출항환적,이란,2024,116.0
출항환적,이스라엘,2024,18657.0
출항환적,이집트,2024,13108.75
출항환적,이탈리아,2024,45850.5
출항환적,인도,2024,79132.5
출항환적,인도네시아,2024,81543.0
출항환적,일본,2024,901624.75
출항환적,자메이카,2024,33059.75
출항환적,적도 기니,2024,2.0
출항환적,조지아,2024,11669.75
출항환적,중국,2024,1001439.25
출항환적,지부티,2024,461.0
출항환적,칠레,2024,222757.0
출항환적,카메룬,2024,1980.5
출항환적,카보 베르데,2024,118.0
출항환적,카타르,2024,2461.0
출항환적,캄보디아,2024,1160.0
출항환적,캐나다,2024,328585.0
출항환적,케냐,2024,1794.25
출항환적,케이맨 제도,2024,234.0
출항환적,코모로,2024,2.0
출항환적,코스타리카,2024,17931.25
출항환적,코트디부아르,2024,3092.0
출항환적,콜롬비아,2024,120801.75
출항환적,콩고,2024,690.0
출항환적,콩고 민주 공화국,2024,194.0
출항환적,쿠바,2024,4510.0
출항환적,쿠웨이트,2024,746.0
출항환적,쿡 제도,2024,55.0
출항환적,퀴라소,2024,249.0
출항환적,크로아티아,2024,4522.5
출항환적,키리바시,2024,3880.0
출항환적,키프로스,2024,1054.0
출항환적,탄자니아,2024,1468.0
출항환적,태국,2024,85899.25
출항환적,토고,2024,1686.0
출항환적,통가,2024,2293.0
출항환적,투발루,2024,55.0
출항환적,튀니지,2024,877.25
출항환적,튀르키예,2024,53488.75
출항환적,트리니다드 토바고,2024,7401.25
출항환적,파나마,2024,68349.0
출항환적,파라과이,2024,379.0
출항환적,파키스탄,2024,10501.25
출항환적,파푸아 뉴기니,2024,3043.0
출항환적,팔라우,2024,266.0
출항환적,페로 제도,2024,2.0
출항환적,페루,2024,106180.0
출항환적,포르투갈,2024,373.75
출항환적,폴란드,2024,1482.25
출항환적,푸에르토리코,2024,5456.75
출항환적,프랑스,2024,22241.75
출항환적,프랑스령 기아나,2024,265.0
출항환적,프랑스령 폴리네시아,2024,847.0
출항환적,피지,2024,6281.0
출항환적,핀란드,2024,43.0
출항환적,필리핀,2024,66623.0
출항환적,호주,2024,17719.25
출항환적,홍콩,2024,25617.0
입항,가나,2025,1943.0
입항,가봉,2025,26.0
입항,가이아나,2025,58.0
입항,감비아,2025,132.0
입항,과들루프,2025,16.0
입항,과테말라,2025,7166.0
입항,괌,2025,12050.75
입항,그레나다,2025,0.0
입항,그리스,2025,2574.5
입항,기니,2025,366.0
입항,기니비사우,2025,12.0
입항,나미비아,2025,270.0
입항,나이지리아,2025,1397.0
입항,남아프리카,2025,8788.0
입항,네덜란드,2025,69040.5
입항,노르웨이,2025,6842.25
입항,뉴질랜드,2025,31212.0
입항,뉴칼레도니아,2025,1468.0
입항,니카라과,2025,1171.0
입항,대만,2025,88676.0
입항,대한민국,2025,69501.75
입항,덴마크,2025,12069.0
입항,도미니카 공화국,2025,3257.0
입항,독일,2025,83822.75
입항,동티모르,2025,5.0
입항,라이베리아,2025,8.0
입항,라트비아,2025,8826.0
입항,러시아,2025,111517.0
입항,레바논,2025,805.0
입항,레위니옹,2025,27.0
입항,루마니아,2025,1488.5
입항,리비아,2025,1267.0
입항,리투아니아,2025,2795.5
입항,마다가스카르,2025,482.0
입항,마르티니크,2025,718.0
입항,마샬 제도,2025,4258.0
입항,마요트,2025,6.0
입항,마카오,2025,0.0
입항,말레이시아,2025,72997.5
입항,멕시코,2025,112828.25
입항,모로코,2025,4336.0
입항,모리셔스,2025,145.0
입항,모리타니,2025,149.0
입항,모잠비크,2025,1854.0
입항,몬테네그로,2025,1316.0
입항,몰디브,2025,0.0
입항,몰타,2025,3016.0
입항,미국,2025,873331.5
입항,미얀마,2025,2172.0
입항,미크로네시아,2025,62.0
입항,바누아투,2025,1107.0
입항,바레인,2025,5838.0
입항,바베이도스,2025,2.0
입항,바하마,2025,825.0
입항,방글라데시,2025,3522.0
입항,베냉,2025,196.0
입항,베네수엘라,2025,250.0
입항,베트남,2025,181919.0
입항,벨기에,2025,39918.25
입항,북마리아나 제도,2025,846.25
입항,불가리아,2025,724.0
입항,브라질,2025,47008.0
입항,브루나이,2025,32.0
입항,사모아,2025,2267.0
입항,사우디아라비아,2025,36290.25
입항,세네갈,2025,957.0
입항,세이셸,2025,21.0
입항,세인트 빈센트 그레나딘,2025,0.0
입항,세인트루시아,2025,6.0
입항,소말리아,2025,81.0
입항,솔로몬제도,2025,1635.0
입항,수단,2025,3.0
입항,수리남,2025,565.0
입항,스리랑카,2025,5505.0
입항,스웨덴,2025,13429.0
입항,스위스,2025,0.0
입항,스페인,2025,56435.5
입항,슬로베니아,2025,13194.5
입항,시리아,2025,0.0
입항,시에라 리온,2025,129.0
입항,싱가포르,2025,51592.75
입항,아랍에미리트연합국,2025,65254.0
입항,아루바,2025,10.0
입항,아르헨티나,2025,3752.0
입항,아메리칸사모아,2025,2380.0
입항,아이슬란드,2025,82.0
입항,아이티,2025,44.0
입항,아일랜드,2025,2931.0
입항,알바니아,2025,12.0
입항,알제리,2025,36.0
입항,앙골라,2025,25.0
입항,앤티가 바부다,2025,2.0
입항,앤틸리스제도,2025,50.0
입항,에스토니아,2025,3366.5
입항,에콰도르,2025,22228.25
입항,엘살바도르,2025,1214.0
입항,영국,2025,22818.75
입항,예멘,2025,585.0
입항,오만,2025,3022.0
입항,오스트리아,2025,122.0
입항,온두라스,2025,669.0
입항,요르단,2025,2492.0
입항,우루과이,2025,1154.0
입항,우즈베키스탄,2025,2.0
입항,우크라이나,2025,155.0
입항,이라크,2025,2671.0
입항,이란,2025,28.0
입항,이스라엘,2025,27033.25
입항,이집트,2025,7006.0
입항,이탈리아,2025,55039.75
입항,인도,2025,108558.25
입항,인도네시아,2025,85233.25
입항,일본,2025,781873.0
입항,자메이카,2025,7819.0
입항,적도 기니,2025,7.0
입항,조지아,2025,143.0
입항,중국,2025,1270019.0
입항,지부티,2025,1979.0
입항,체코,2025,138.0
입항,칠레,2025,65324.75
입항,카메룬,2025,9.0
입항,카보 베르데,2025,4.0
입항,카타르,2025,5159.0
입항,캄보디아,2025,3804.0
입항,캐나다,2025,125733.5
입항,케냐,2025,625.0
입항,코스타리카,2025,2941.0
입항,코트디부아르,2025,3219.0
입항,콜롬비아,2025,38029.0
입항,콩고,2025,144.0
입항,콩고 민주 공화국,2025,24.0
입항,쿠바,2025,98.0
입항,쿠웨이트,2025,881.0
입항,퀴라소,2025,0.0
입항,크로아티아,2025,1479.25
입항,키리바시,2025,2284.0
입항,키프로스,2025,133.0
입항,탄자니아,2025,6562.0
입항,태국,2025,94107.0
입항,토고,2025,2579.0
입항,통가,2025,235.0
입항,튀니지,2025,535.0
입항,튀르키예,2025,30797.5
입항,트리니다드 토바고,2025,380.0
입항,파나마,2025,22921.25
입항,파라과이,2025,205.0
입항,파키스탄,2025,15038.25
입항,파푸아 뉴기니,2025,2349.0
입항,팔라우,2025,16.0
입항,페로 제도,2025,38.0
입항,페루,2025,40093.0
입항,포르투갈,2025,3308.5
입항,폴란드,2025,17145.5
입항,푸에르토리코,2025,1185.0
입항,프랑스,2025,28923.25
입항,프랑스령 기아나,2025,10.0
입항,프랑스령 폴리네시아,2025,4929.0
입항,피지,2025,650.0
입항,핀란드,2025,13018.0
입항,필리핀,2025,90877.75
입항,헝가리,2025,33.0
입항,호주,2025,159320.0
입항,홍콩,2025,27288.0
출항,가나,2025,3504.0
출항,가봉,2025,30.0
출항,가이아나,2025,107.0
출항,감비아,2025,11.0
출항,과들루프,2025,42.0
출항,과테말라,2025,4130.0
출항,괌,2025,2883.25
출항,그레나다,2025,56.0
출항,그리스,2025,7380.0
출항,기니,2025,139.0
출항,기니비사우,2025,2.0
출항,나미비아,2025,266.0
출항,나우루,2025,8.0
출항,나이지리아,2025,3868.0
출항,남아프리카,2025,2170.0
출항,네덜란드,2025,65936.5
출항,노르웨이,2025,203.0
출항,뉴질랜드,2025,17575.0
출항,뉴칼레도니아,2025,523.0
출항,니카라과,2025,102.0
출항,대만,2025,114468.75
출항,대한민국,2025,97051.75
출항,덴마크,2025,727.0
출항,도미니카 공화국,2025,3050.0
출항,독일,2025,46694.25
출항,동티모르,2025,53.0
출항,라이베리아,2025,17.0
출항,라트비아,2025,107.0
출항,러시아,2025,96092.0
출항,레바논,2025,1391.0
출항,레위니옹,2025,208.0
출항,루마니아,2025,985.0
출항,리비아,2025,1714.0
출항,리투아니아,2025,770.0
출항,마다가스카르,2025,122.0
출항,마르티니크,2025,82.0
출항,마샬 제도,2025,226.0
출항,마요트,2025,12.0
출항,마카오,2025,11.0
출항,말레이시아,2025,192742.5
출항,멕시코,2025,195100.75
출항,모로코,2025,2110.0
출항,모리셔스,2025,137.0
출항,모리타니,2025,33.0
출항,모잠비크,2025,1138.0
출항,몬테네그로,2025,5.0
출항,몰디브,2025,61.0
출항,몰타,2025,14697.0
출항,미국,2025,999600.75
출항,미국령 버진아일랜드,2025,2.0
출항,미얀마,2025,938.0
출항,미크로네시아,2025,359.0
출항,바누아투,2025,231.0
출항,바레인,2025,658.0
출항,바베이도스,2025,42.0
출항,바하마,2025,2616.25
출항,방글라데시,2025,5585.0
출항,베냉,2025,256.0
출항,베네수엘라,2025,263.0
출항,베트남,2025,232174.25
출항,벨기에,2025,16535.0
출항,벨리즈,2025,196.0
출항,북마리아나 제도,2025,708.75
출항,불가리아,2025,167.0
출항,브라질,2025,45893.0
출항,브루나이,2025,1.0
출항,사모아,2025,269.0
출항,사우디아라비아,2025,42101.25
출항,상투메 프린시페,2025,1.0
출항,세네갈,2025,396.0
출항,세이셸,2025,60.0
출항,세인트 빈센트 그레나딘,2025,4.0
출항,세인트루시아,2025,8.0
출항,세인트키츠 네비스,2025,3.0
출항,소말리아,2025,55.0
출항,솔로몬제도,2025,201.0
출항,수단,2025,234.0
출항,수리남,2025,24.0
출항,스리랑카,2025,3632.5
출항,스웨덴,2025,2744.0
출항,스페인,2025,32449.25
출항,슬로베니아,2025,50922.25
출항,시리아,2025,1437.0
출항,시에라 리온,2025,26.0
출항,싱가포르,2025,67844.0
출항,아랍에미리트연합국,2025,70846.75
출항,아루바,2025,58.0
출항,아르헨티나,2025,1194.0
출항,아메리칸사모아,2025,849.0
출항,아이슬란드,2025,43.0
출항,아이티,2025,94.0
출항,아일랜드,2025,587.0
출항,알바니아,2025,72.0
출항,알제리,2025,1960.75
출항,앙골라,2025,119.0
출항,앤티가 바부다,2025,7.0
출항,앤틸리스제도,2025,25.0
출항,에리트레아,2025,0.0
출항,에스토니아,2025,25.0
출항,에콰도르,2025,14787.0
출항,엘살바도르,2025,367.0
출항,영국,2025,23579.0
출항,영국령 버진아일랜드,2025,2.0
출항,예멘,2025,134.0
출항,오만,2025,2393.75
출항,온두라스,2025,269.0
출항,요르단,2025,1659.75
출항,우루과이,2025,146.0
출항,우크라이나,2025,258.0
출항,이라크,2025,4163.0
출항,이란,2025,4400.0
출항,이스라엘,2025,16421.0
출항,이집트,2025,17171.0
출항,이탈리아,2025,45817.5
출항,인도,2025,171987.5
출항,인도네시아,2025,96504.0
출항,일본,2025,424074.0
출항,자메이카,2025,2578.0
출항,적도 기니,2025,36.0
출항,조지아,2025,146.0
출항,중국,2025,1467888.0
출항,지부티,2025,423.0
출항,칠레,2025,40854.0
출항,카메룬,2025,292.0
출항,카보 베르데,2025,1.0
출항,카타르,2025,5760.75
출항,캄보디아,2025,3831.0
출항,캐나다,2025,115485.75
출항,케냐,2025,2073.0
출항,케이맨 제도,2025,4.0
출항,코모로,2025,9.0
출항,코스타리카,2025,411.0
출항,코트디부아르,2025,2511.0
출항,콜롬비아,2025,33825.5
출항,콩고,2025,67.0
출항,콩고 민주 공화국,2025,194.0
출항,쿠바,2025,351.0
출항,쿠웨이트,2025,1009.0
출항,크로아티아,2025,1274.0
출항,키리바시,2025,110.0
출항,키프로스,2025,80.0
출항,탄자니아,2025,1461.0
출항,태국,2025,87879.0
출항,토고,2025,5576.0
출항,통가,2025,41.0
출항,투발루,2025,0.0
출항,튀니지,2025,488.0
출항,튀르키예,2025,83368.25
출항,트리니다드 토바고,2025,185.0
출항,파나마,2025,30437.25
출항,파라과이,2025,77.0
출항,파키스탄,2025,28348.5
출항,파푸아 뉴기니,2025,1735.0
출항,팔라우,2025,81.0
출항,페루,2025,18334.0
출항,포르투갈,2025,2903.0
출항,폴란드,2025,14229.0
출항,푸에르토리코,2025,105.0
출항,프랑스,2025,14089.0
출항,프랑스령 기아나,2025,17.0
출항,프랑스령 폴리네시아,2025,309.0
출항,피지,2025,645.0
출항,핀란드,2025,133.0
출항,필리핀,2025,51801.0
출항,호주,2025,71143.5
출항,홍콩,2025,42193.25
입항환적,가나,2025,2361.0
입항환적,가봉,2025,1984.0
입항환적,가이아나,2025,165.0
입항환적,감비아,2025,14.0
입항환적,과들루프,2025,31.0
입항환적,과테말라,2025,4678.0
입항환적,괌,2025,8205.0
입항환적,그리스,2025,1613.75
입항환적,기니,2025,149.0
입항환적,나미비아,2025,1345.0
입항환적,나이지리아,2025,2735.0
입항환적,남아프리카,2025,13744.0
입항환적,네덜란드,2025,17483.25
입항환적,노르웨이,2025,961.0
입항환적,뉴질랜드,2025,35751.0
입항환적,뉴칼레도니아,2025,1414.0
입항환적,니카라과,2025,2680.0
입항환적,대만,2025,60193.75
입항환적,대한민국,2025,110737.25
입항환적,덴마크,2025,4806.5
입항환적,도미니카 공화국,2025,3259.0
입항환적,독일,2025,19213.5
입항환적,동티모르,2025,22.0
입항환적,라이베리아,2025,136.0
입항환적,라트비아,2025,4748.0
입항환적,러시아,2025,59434.0
입항환적,레바논,2025,68.25
입항환적,레위니옹,2025,10.0
입항환적,루마니아,2025,4958.0
입항환적,리비아,2025,16.0
입항환적,리투아니아,2025,703.0
입항환적,마다가스카르,2025,961.0
입항환적,마르티니크,2025,30.0
입항환적,마샬 제도,2025,45.0
입항환적,마요트,2025,3.0
입항환적,말레이시아,2025,119913.5
입항환적,멕시코,2025,76366.75
입항환적,모로코,2025,1568.0
입항환적,모리셔스,2025,371.0
입항환적,모리타니,2025,571.0
입항환적,모잠비크,2025,3344.0
입항환적,몬테네그로,2025,144.0
입항환적,몰디브,2025,36.0
입항환적,몰타,2025,449.0
입항환적,미국,2025,746405.0
입항환적,미얀마,2025,2726.0
입항환적,미크로네시아,2025,27.0
입항환적,바누아투,2025,70.0
입항환적,바레인,2025,2942.0
입항환적,바베이도스,2025,76.0
입항환적,바하마,2025,773.0
입항환적,방글라데시,2025,7934.25
입항환적,베냉,2025,209.0
입항환적,베네수엘라,2025,1127.0
입항환적,베트남,2025,265633.25
입항환적,벨기에,2025,14897.0
입항환적,벨리즈,2025,2.0
입항환적,볼리비아,2025,8.0
입항환적,북마리아나 제도,2025,531.0
입항환적,북마케도니아,2025,0.0
입항환적,불가리아,2025,650.0
입항환적,브라질,2025,71294.0
입항환적,브루나이,2025,67.0
입항환적,사모아,2025,146.0
입항환적,사우디아라비아,2025,10180.0
입항환적,세네갈,2025,320.5
입항환적,세이셸,2025,29.0
입항환적,세인트루시아,2025,1.0
입항환적,세인트키츠 네비스,2025,2.0
입항환적,소말리아,2025,29.0
입항환적,솔로몬제도,2025,56.0
입항환적,수단,2025,45.0
입항환적,수리남,2025,873.0
입항환적,스리랑카,2025,4785.75
입항환적,스웨덴,2025,23140.0
입항환적,스페인,2025,35244.5
입항환적,슬로베니아,2025,7017.0
입항환적,시리아,2025,3.0
입항환적,시에라 리온,2025,169.0
입항환적,싱가포르,2025,34245.75
입항환적,아랍에미리트연합국,2025,30761.5
입항환적,아루바,2025,62.0
입항환적,아르헨티나,2025,8535.0
입항환적,아메리칸사모아,2025,38.0
입항환적,아이슬란드,2025,64.0
입항환적,아이티,2025,53.0
입항환적,아일랜드,2025,725.0
입항환적,알바니아,2025,459.0
입항환적,알제리,2025,225.5
입항환적,앙골라,2025,1834.0
입항환적,앤티가 바부다,2025,1.0
입항환적,앤틸리스제도,2025,14.0
입항환적,에리트레아,2025,2.0
입항환적,에스토니아,2025,1703.0
입항환적,에콰도르,2025,59309.0
입항환적,엘살바도르,2025,691.0
입항환적,영국,2025,15280.5
입항환적,예멘,2025,5.0
입항환적,오만,2025,4465.0
입항환적,오스트리아,2025,6.0
입항환적,온두라스,2025,1768.0
입항환적,요르단,2025,420.5
입항환적,우루과이,2025,3151.0
입항환적,우크라이나,2025,863.0
입항환적,원양어획지역,2025,1046.0
입항환적,이라크,2025,525.0
입항환적,이란,2025,4.0
입항환적,이스라엘,2025,4137.0
입항환적,이집트,2025,11421.0
입항환적,이탈리아,2025,28365.25
입항환적,인도,2025,95932.0
입항환적,인도네시아,2025,213321.5
입항환적,일본,2025,799773.5
입항환적,자메이카,2025,4393.0
입항환적,적도 기니,2025,145.0
입항환적,조지아,2025,1853.0
입항환적,중국,2025,3028909.5
입항환적,지부티,2025,1511.0
입항환적,체코,2025,9.0
입항환적,칠레,2025,166259.0
입항환적,카메룬,2025,2033.0
입항환적,카타르,2025,3076.25
입항환적,캄보디아,2025,19299.5
입항환적,캐나다,2025,184653.5
입항환적,케냐,2025,570.0
입항환적,코모로,2025,0.0
입항환적,코스타리카,2025,7321.0
입항환적,코트디부아르,2025,4970.0
입항환적,콜롬비아,2025,9619.0
입항환적,콩고,2025,239.0
입항환적,콩고 민주 공화국,2025,54.0
입항환적,쿠바,2025,1383.0
입항환적,쿠웨이트,2025,1032.0
입항환적,퀴라소,2025,44.0
입항환적,크로아티아,2025,3277.0
입항환적,키리바시,2025,256.0
입항환적,키프로스,2025,193.0
입항환적,탄자니아,2025,1964.0
입항환적,태국,2025,156440.25
입항환적,토고,2025,2668.0
입항환적,통가,2025,91.0
입항환적,튀니지,2025,134.0
입항환적,튀르키예,2025,24750.25
입항환적,트리니다드 토바고,2025,281.0
입항환적,파나마,2025,21057.5
입항환적,파라과이,2025,288.0
입항환적,파키스탄,2025,10209.75
입항환적,파푸아 뉴기니,2025,223.0
입항환적,팔라우,2025,6.0
입항환적,페로 제도,2025,16.0
입항환적,페루,2025,57265.0
입항환적,포르투갈,2025,1797.0
입항환적,폴란드,2025,4201.25
입항환적,푸에르토리코,2025,3398.0
입항환적,프랑스,2025,15005.75
입항환적,프랑스령 기아나,2025,0.0
입항환적,프랑스령 폴리네시아,2025,223.0
입항환적,피지,2025,587.0
입항환적,핀란드,2025,12403.0
입항환적,필리핀,2025,79442.25
입항환적,헝가리,2025,4.0
입항환적,호주,2025,121669.0
입항환적,홍콩,2025,25820.5
출항환적,가나,2025,2534.0
출항환적,가봉,2025,261.0
출항환적,가이아나,2025,6346.25
출항환적,감비아,2025,87.0
출항환적,과들루프,2025,621.0
출항환적,과테말라,2025,51333.5
출항환적,괌,2025,3263.75
출항환적,그레나다,2025,288.0
출항환적,그리스,2025,7307.25
출항환적,기니,2025,727.25
출항환적,기니비사우,2025,56.0
출항환적,나미비아,2025,2368.0
출항환적,나우루,2025,307.0
출항환적,나이지리아,2025,5266.0
출항환적,남아프리카,2025,9191.0
출항환적,네덜란드,2025,22605.75
출항환적,노르웨이,2025,166.0
출항환적,뉴질랜드,2025,16507.0
출항환적,뉴칼레도니아,2025,2222.0
출항환적,니우에,2025,8.0
출항환적,니카라과,2025,7869.25
출항환적,대만,2025,56522.5
출항환적,대한민국,2025,216709.25
출항환적,덴마크,2025,479.0
출항환적,도미니카 공화국,2025,39466.5
출항환적,도미니카 연방,2025,137.0
출항환적,독일,2025,14198.5
출항환적,동티모르,2025,28.0
출항환적,라이베리아,2025,139.0
출항환적,라트비아,2025,92.0
출항환적,러시아,2025,132116.0
출항환적,레바논,2025,5899.5
출항환적,레위니옹,2025,28.0
출항환적,루마니아,2025,2294.75
출항환적,리비아,2025,3585.75
출항환적,리투아니아,2025,382.25
출항환적,마다가스카르,2025,112.0
출항환적,마르티니크,2025,445.0
출항환적,마샬 제도,2025,1247.0
출항환적,마요트,2025,25.0
출항환적,마카오,2025,0.0
출항환적,말레이시아,2025,58828.5
출항환적,멕시코,2025,456483.0
출항환적,모로코,2025,10264.75
출항환적,모리셔스,2025,415.0
출항환적,모리타니,2025,435.0
출항환적,모잠비크,2025,786.0
출항환적,몬세라트,2025,3.0
출항환적,몬테네그로,2025,77.0
출항환적,몰디브,2025,221.0
출항환적,몰타,2025,936.0
출항환적,미국,2025,1427660.75
출항환적,미국령 버진아일랜드,2025,46.0
출항환적,미얀마,2025,725.0
출항환적,미크로네시아,2025,2057.0
출항환적,바누아투,2025,6185.0
출항환적,바레인,2025,741.0
출항환적,바베이도스,2025,1237.25
출항환적,바하마,2025,224849.0
출항환적,방글라데시,2025,1165.0
출항환적,베냉,2025,304.0
출항환적,베네수엘라,2025,35701.5
출항환적,베트남,2025,130239.5
출항환적,벨기에,2025,8136.25
출항환적,벨리즈,2025,188.0
출항환적,북마리아나 제도,2025,943.25
출항환적,불가리아,2025,941.0
출항환적,브라질,2025,99726.0
출항환적,브루나이,2025,6.0
출항환적,사모아,2025,4317.0
출항환적,사우디아라비아,2025,12355.75
출항환적,상투메 프린시페,2025,37.0
출항환적,세네갈,2025,683.0
출항환적,세이셸,2025,14.0
출항환적,세인트 빈센트 그레나딘,2025,101.0
출항환적,세인트루시아,2025,297.0
출항환적,세인트키츠 네비스,2025,91.0
출항환적,소말리아,2025,167.0
출항환적,솔로몬제도,2025,919.0
출항환적,수단,2025,20.0
출항환적,수리남,2025,5537.75
출항환적,스리랑카,2025,883.0
출항환적,스웨덴,2025,944.0
출항환적,스페인,2025,42701.25
출항환적,슬로베니아,2025,7107.0
출항환적,시리아,2025,2591.5
출항환적,시에라 리온,2025,157.0
출항환적,신트마르턴,2025,0.0
출항환적,싱가포르,2025,49525.25
출항환적,아랍에미리트연합국,2025,47607.25
출항환적,아루바,2025,520.25
출항환적,아르헨티나,2025,4737.0
출항환적,아메리칸사모아,2025,1743.0
출항환적,아이슬란드,2025,1.0
출항환적,아이티,2025,3628.0
출항환적,아일랜드,2025,1437.0
출항환적,알바니아,2025,457.25
출항환적,알제리,2025,4045.25
출항환적,앙골라,2025,160.0
출항환적,앤티가 바부다,2025,157.0
출항환적,앤틸리스제도,2025,352.25
출항환적,앵귈라,2025,2.0
출항환적,에리트레아,2025,1.0
출항환적,에스토니아,2025,81.0
출항환적,에콰도르,2025,44738.25
출항환적,엘살바도르,2025,18549.5
출항환적,영국,2025,12153.5
출항환적,영국령 버진아일랜드,2025,37.0
출항환적,예멘,2025,148.0
출항환적,오만,2025,2800.5
출항환적,온두라스,2025,15319.25
출항환적,왈리스 푸투나,2025,53.0
출항환적,요르단,2025,647.25
출항환적,우루과이,2025,1791.0
출항환적,우크라이나,2025,283.0
출항환적,원양어획지역,2025,4.0
출항환적,이라크,2025,740.25
출항환적,이란,2025,93.0
출항환적,이스라엘,2025,8792.0
출항환적,이집트,2025,9186.25
출항환적,이탈리아,2025,26642.0
출항환적,인도,2025,52828.75
출항환적,인도네시아,2025,69859.75
출항환적,일본,2025,881650.0
출항환적,자메이카,2025,27809.75
출항환적,적도 기니,2025,2.0
출항환적,조지아,2025,9229.5
출항환적,중국,2025,1218400.0
출항환적,지부티,2025,1417.0
출항환적,칠레,2025,273960.75
출항환적,카메룬,2025,449.0
출항환적,카보 베르데,2025,73.0
출항환적,카타르,2025,1317.75
출항환적,캄보디아,2025,2335.75
출항환적,캐나다,2025,396314.5
출항환적,케냐,2025,5443.0
출항환적,케이맨 제도,2025,170.0
출항환적,코모로,2025,18.0
출항환적,코스타리카,2025,18971.5
출항환적,코트디부아르,2025,1638.0
출항환적,콜롬비아,2025,133398.25
출항환적,콩고,2025,45.0
출항환적,콩고 민주 공화국,2025,107.0
출항환적,쿠바,2025,4427.0
출항환적,쿠웨이트,2025,534.0
출항환적,쿡 제도,2025,110.0
출항환적,퀴라소,2025,629.0
출항환적,크로아티아,2025,3304.25
출항환적,키리바시,2025,4017.0
출항환적,키프로스,2025,1988.0
출항환적,탄자니아,2025,1632.0
출항환적,태국,2025,84342.0
출항환적,토고,2025,544.0
출항환적,통가,2025,2371.0
출항환적,투발루,2025,68.0
출항환적,튀니지,2025,596.0
출항환적,튀르키예,2025,21978.25
출항환적,트리니다드 토바고,2025,10488.75
출항환적,파나마,2025,88409.75
출항환적,파라과이,2025,2326.0
출항환적,파키스탄,2025,6784.0
출항환적,파푸아 뉴기니,2025,4531.0
출항환적,팔라우,2025,270.0
출항환적,페로 제도,2025,0.0
출항환적,페루,2025,135467.5
출항환적,포르투갈,2025,528.25
출항환적,폴란드,2025,2236.0
출항환적,푸에르토리코,2025,7520.75
출항환적,프랑스,2025,9210.75
출항환적,프랑스령 기아나,2025,72.0
출항환적,프랑스령 폴리네시아,2025,1768.0
출항환적,피지,2025,8226.0
출항환적,핀란드,2025,81.0
출항환적,필리핀,2025,64831.25
출항환적,호주,2025,17345.5
출항환적,홍콩,2025,32143.0
