,2021,,,,,,2022,,,,,,2023,,,,,,2024,,,,,,2025,,,,,
,12월,,,누계(01월~12월),,,12월,,,누계(01월~12월),,,12월,,,누계(01월~12월),,,12월,,,누계(01월~12월),,,12월,,,누계(01월~12월),,
국가명,계,적,공,계,적,공,계,적,공,계,적,공,계,적,공,계,적,공,계,적,공,계,적,공,계,적,공,계,적,공
합계,"1,864,930","1,602,184","262,747","22,706,124","19,545,081","3,161,043","1,740,410","1,437,904","302,506","22,076,785","18,706,088","3,370,697","1,916,583","1,588,144","328,439","23,152,998","19,255,132","3,897,866","2,067,420","1,750,963","316,457","24,402,020","20,343,929","4,058,092","2,086,549","1,720,674","365,875","24,882,345","20,414,363","4,467,982"
가나,234,234,0,"5,227","5,221",6,934,435,499,"7,854","5,612","2,242",776,676,100,"10,318","8,159","2,159","1,172","1,172",0,"11,466","8,924","2,542",926,608,318,"10,342","8,093","2,249"
가봉,17,17,0,863,863,0,73,73,0,976,976,0,144,144,0,"1,915","1,915",0,649,649,0,"2,906","2,906",0,195,195,0,"2,301","2,301",0
가이아나,279,279,0,"4,335","4,333",2,782,782,0,"6,066","6,063",3,686,686,0,"10,614","10,595",19,332,327,5,"6,545","6,540",5,757,757,0,"6,676","6,667",9
감비아,8,8,0,89,89,0,26,26,0,174,174,0,35,35,0,278,278,0,17,17,0,464,464,0,19,19,0,244,244,0
과들루프,9,9,0,121,121,0,37,37,0,495,495,0,50,50,0,559,559,0,55,55,0,654,654,0,20,20,0,710,665,45
과테말라,"2,520","2,506",14,"34,187","32,848","1,339","3,895","3,131",764,"40,384","37,662","2,722","3,488","3,486",2,"48,024","46,425","1,599","5,771","5,771",0,"63,696","62,710",986,"4,563","4,352",211,"67,308","60,485","6,823"
괌,830,797,33,"18,229","10,702","7,528","2,939",867,"2,073","23,911","10,704","13,208","2,801",859,"1,943","26,166","11,722","14,444","2,448",409,"2,038","22,905","5,924","16,980","2,032","1,097",935,"26,403","9,186","17,217"
그레나다,8,8,0,181,181,0,5,5,0,320,320,0,48,48,0,731,599,132,17,17,0,314,314,0,31,31,0,344,344,0
그리스,"2,131","2,041",90,"34,608","26,657","7,951","2,442","2,296",146,"27,189","23,745","3,445","5,288","3,466","1,822","44,433","32,873","11,560","4,726","3,989",737,"41,628","33,101","8,527","1,922","1,484",438,"18,876","17,831","1,045"
기니,85,85,0,"1,234","1,234",0,118,118,0,"1,086","1,086",0,190,190,0,"1,778","1,778",0,296,296,0,"2,443","2,443",0,80,80,0,"1,381","1,381",0
기니비사우,,,,42,42,0,11,11,0,82,82,0,9,9,0,62,62,0,25,25,0,107,107,0,6,6,0,70,70,0
나미비아,84,84,0,958,958,0,62,62,0,923,917,6,247,247,0,"1,541","1,541",0,243,243,0,"2,373","2,373",0,481,481,0,"4,249","4,217",32
나우루,13,13,0,168,168,0,2,2,0,278,278,0,6,6,0,122,122,0,18,18,0,176,176,0,16,16,0,315,315,0
나이지리아,363,363,0,"6,539","6,539",0,"1,074",994,80,"10,412","9,072","1,340","1,018","1,018",0,"15,918","13,880","2,038","2,003","1,965",38,"14,716","13,945",771,"1,348","1,341",7,"13,266","13,001",265
남아프리카,"1,395","1,352",43,"22,333","21,930",403,"2,172","2,132",40,"21,547","20,713",834,"1,440","1,440",0,"22,732","22,547",185,"3,155","3,094",61,"34,092","31,906","2,186","3,817","3,817",0,"33,893","33,466",427
네덜란드,"22,205","20,222","1,983","242,774","230,685","12,089","13,109","12,588",521,"180,250","172,936","7,314","16,694","12,858","3,836","188,830","155,493","33,337","13,476","12,513",963,"190,290","167,741","22,549","12,418","11,964",454,"175,066","157,607","17,459"
노르웨이,"1,430","1,430",0,"10,559","10,485",74,"1,853","1,821",32,"10,218","10,164",54,,,,5,5,0,,,,,,,855,855,0,"8,172","8,169",3
뉴질랜드,"6,318","4,789","1,529","78,593","71,922","6,671","5,349","4,904",445,"70,916","61,176","9,740","1,313","1,313",0,"7,877","7,873",4,"1,703","1,703",0,"8,259","8,254",5,"8,767","7,061","1,706","101,045","89,961","11,084"
뉴칼레도니아,"1,134",784,350,"10,159","7,033","3,126","1,104",871,233,"12,287","9,339","2,948","5,663","4,511","1,152","74,231","60,623","13,608","5,267","4,879",388,"86,557","72,203","14,354",344,271,73,"5,627","3,743","1,884"
니카라과,"1,005","1,003",2,"8,148","8,138",10,645,645,0,"7,951","7,945",6,596,370,226,"8,684","6,021","2,663",191,158,33,"6,138","3,606","2,532",2,2,0,8,8,0
대만,"34,787","31,115","3,672","372,417","330,587","41,830","30,811","25,771","5,040","352,329","302,013","50,315",,,,,,,,,,3,3,0,"1,003",926,77,"11,822","10,804","1,018"
대한민국,"36,573","20,932","15,641","497,592","302,594","194,998","35,252","20,316","14,936","498,206","304,954","193,252","1,059","1,059",0,"9,807","9,719",88,987,987,0,"11,525","10,733",792,"26,269","21,804","4,465","319,861","248,575","71,286"
덴마크,"2,036","2,036",0,"17,414","17,300",114,"2,148","1,730",418,"21,489","19,943","1,546","28,579","21,649","6,930","340,556","268,926","71,630","32,488","23,826","8,662","342,220","253,694","88,527","42,244","29,825","12,419","494,000","316,060","177,941"
도미니카 공화국,"1,575","1,552",23,"24,404","23,674",730,"2,722","2,184",538,"33,485","32,715",770,"39,787","25,891","13,896","498,938","295,917","203,021","38,550","25,096","13,454","509,602","318,524","191,078","1,694","1,484",210,"18,082","17,526",556
도미니카 연방,2,2,0,113,113,0,3,3,0,163,163,0,"1,492","1,468",24,"21,852","21,131",721,"1,291","1,245",46,"17,430","17,002",428,"4,973","4,183",790,"49,033","46,040","2,993"
독일,"23,668","21,118","2,550","246,201","236,637","9,565","14,542","14,237",305,"208,403","200,654","7,749","4,205","4,186",19,"54,133","53,739",394,"3,617","3,617",0,"43,711","42,823",888,1,1,0,137,137,0
동티모르,5,5,0,147,147,0,34,33,1,241,240,1,2,2,0,100,100,0,23,23,0,170,170,0,"11,307","11,008",299,"163,929","157,762","6,168"
라이베리아,9,9,0,188,188,0,41,41,0,221,221,0,"16,984","16,019",965,"212,077","199,386","12,691","14,538","14,172",366,"199,481","193,603","5,878",12,11,1,108,105,3
라트비아,"1,164","1,164",0,"15,444","15,443",1,"1,858","1,858",0,"12,732","12,728",4,5,5,0,160,157,3,26,26,0,215,215,0,40,40,0,300,300,0
러시아,"64,036","52,724","11,312","834,614","723,577","111,037","48,188","42,769","5,419","634,807","530,494","104,313",,,,1,1,0,,,,,,,"1,139","1,134",5,"13,773","13,680",93
레바논,264,264,0,"5,444","5,274",170,266,266,0,"5,476","3,952","1,524",48,48,0,571,571,0,36,36,0,437,437,0,"41,647","33,715","7,932","399,159","308,174","90,985"
레위니옹,15,15,0,179,177,2,25,25,0,340,340,0,671,671,0,"12,029","12,029",0,707,707,0,"11,939","11,933",6,491,491,0,"8,164","8,066",98
루마니아,"1,230","1,103",127,"18,615","15,118","3,497","1,290","1,290",0,"19,632","17,614","2,018","41,780","32,486","9,294","556,144","456,967","99,177","35,401","26,366","9,035","467,828","363,449","104,379",28,28,0,273,273,0
리비아,374,374,0,"3,449","3,449",0,233,233,0,"5,069","4,801",268,253,253,0,"2,027","1,992",35,488,488,0,"4,035","4,035",0,772,772,0,"9,726","9,689",37
리투아니아,309,309,0,"7,830","7,020",810,892,892,0,"4,540","4,540",0,8,8,0,246,246,0,8,8,0,293,289,4,383,383,0,"6,583","6,580",3
마다가스카르,93,93,0,679,679,0,81,81,0,"1,046","1,046",0,"1,191","1,191",0,"14,189","14,137",52,811,811,0,"18,632","18,620",12,196,196,0,"4,651","4,642",9
마르티니크,8,8,0,210,210,0,29,29,0,491,491,0,740,740,0,"4,937","4,937",0,258,258,0,"4,698","4,697",1,177,177,0,"1,677","1,677",0
마샬 제도,640,112,528,"7,041","1,916","5,125",424,79,345,"6,059","1,164","4,895",599,599,0,"7,268","7,250",18,455,455,0,"5,286","5,284",2,12,12,0,"1,275",562,713
마요트,5,5,0,83,83,0,1,1,0,23,23,0,100,100,0,"1,120","1,120",0,41,41,0,"1,347","1,347",0,569,132,437,"5,776","1,521","4,255"
마카오,,,,15,15,0,1,1,0,10,10,0,61,61,0,512,512,0,20,20,0,483,483,0,,,,46,46,0
말레이시아,"27,820","25,961","1,859","308,807","274,744","34,063","25,768","20,943","4,825","310,425","283,763","26,662",512,106,406,"5,061","1,399","3,662",502,223,279,"4,876","1,698","3,178",,,,11,11,0
멕시코,"44,284","39,291","4,993","625,442","553,924","71,517","50,200","42,203","7,997","642,971","567,411","75,560",,,,55,55,0,,,,10,10,0,"38,991","36,931","2,060","444,482","421,790","22,692"
모로코,656,652,4,"16,717","15,700","1,017","1,115","1,105",10,"9,646","9,526",120,,,,9,9,0,1,1,0,6,6,0,"71,753","61,978","9,775","840,779","714,193","126,586"
모리셔스,69,69,0,731,731,0,47,47,0,938,938,0,"28,358","25,668","2,690","334,884","286,325","48,559","24,326","23,174","1,152","325,491","292,958","32,533","1,421","1,419",2,"18,279","15,200","3,079"
모리타니,44,44,0,677,677,0,164,164,0,915,915,0,"68,314","60,728","7,586","883,729","699,702","184,027","77,387","60,848","16,539","939,999","748,366","191,633",128,128,0,"1,068","1,051",17
모잠비크,334,334,0,"3,840","3,840",0,685,685,0,"4,227","4,227",0,"3,829","3,289",540,"30,887","28,383","2,504","3,894","3,372",522,"37,402","34,092","3,310",115,115,0,"1,188","1,188",0
몬테네그로,135,135,0,"1,610","1,610",0,128,128,0,"1,513","1,513",0,70,70,0,"1,023","1,023",0,103,75,28,"1,903",978,925,520,520,0,"7,122","7,022",100
몰디브,54,54,0,180,180,0,43,43,0,504,504,0,96,96,0,"2,138","2,138",0,157,157,0,"1,857","1,857",0,,,,3,3,0
몰타,169,61,108,"3,949","2,307","1,642",187,187,0,"3,329","1,129","2,200",431,431,0,"4,103","4,103",0,401,401,0,"5,275","5,275",0,117,117,0,"1,542","1,542",0
미국,"265,004","243,085","21,919","3,296,302","2,972,036","324,266","246,261","214,335","31,926","3,394,909","3,016,148","378,761",,,,6,6,0,,,,2,2,0,27,27,0,318,317,1
미국령 버진아일랜드,2,2,0,52,52,0,,,,111,111,0,200,200,0,"1,965","1,965",0,145,145,0,"1,485","1,485",0,"1,161","1,161",0,"19,098","15,781","3,317"
미얀마,606,606,0,"6,264","6,246",18,485,485,0,"7,398","7,305",93,107,107,0,813,813,0,13,13,0,498,498,0,"296,941","253,980","42,962","4,046,998","3,356,151","690,847"
미크로네시아,68,53,15,"1,908","1,795",113,142,123,19,"1,746","1,503",243,95,95,0,"1,352","1,140",212,207,195,12,"2,871","1,274","1,597",,,,48,48,0
바누아투,488,460,28,"6,720","4,376","2,344",608,518,90,"6,378","3,963","2,415","287,111","243,661","43,450","3,494,163","3,089,048","405,115","339,392","291,301","48,091","4,054,790","3,457,520","597,270",600,600,0,"6,561","6,557",4
바레인,245,245,0,"3,685","3,685",0,269,269,0,"4,307","4,307",0,2,2,0,82,82,0,1,1,0,38,38,0,186,184,2,"2,505","2,401",104
바베이도스,87,87,0,"1,045","1,045",0,194,194,0,"2,393","2,393",0,543,543,0,"9,232","9,108",124,375,375,0,"6,901","6,891",10,"1,012",622,390,"7,593","6,333","1,260"
바하마,"5,962",71,"5,891","68,606",962,"67,644","12,683",121,"12,562","78,521","1,515","77,006",211,182,29,"2,059","1,873",186,169,156,13,"2,217","2,046",171,636,416,220,"10,179","6,094","4,085"
방글라데시,"1,792","1,792",0,"16,922","16,760",162,"1,801","1,691",110,"19,836","19,605",231,333,263,70,"7,492","4,876","2,616",694,431,263,"7,965","5,816","2,149",134,134,0,"1,357","1,357",0
버뮤다,2,2,0,2,2,0,,,,,,,365,365,0,"4,266","4,266",0,541,521,20,"4,891","4,859",32,"26,600",174,"26,426","229,063","2,097","226,966"
베냉,11,11,0,313,299,14,106,6,100,835,735,100,197,197,0,"2,098","2,098",0,77,77,0,"1,049","1,049",0,"1,448","1,448",0,"18,206","18,066",140
베네수엘라,697,697,0,"12,689","12,689",0,352,352,0,"14,172","14,172",0,"12,165",194,"11,971","124,718","2,845","121,873","17,933",204,"17,729","156,862","2,689","154,173",11,11,0,965,763,202
베트남,"56,407","55,471",936,"627,667","602,995","24,673","49,351","44,902","4,449","657,963","625,007","32,956","1,959","1,929",30,"25,250","23,951","1,299","1,612","1,610",2,"18,318","18,227",91,"3,574","3,574",0,"37,342","37,342",0
벨기에,"8,561","8,413",148,"105,138","102,582","2,556","8,264","8,217",47,"94,695","92,584","2,111",98,98,0,884,884,0,95,95,0,"1,311","1,311",0,"73,426","66,935","6,492","809,966","742,982","66,984"
벨리즈,38,38,0,"1,302","1,302",0,16,16,0,799,799,0,"3,122","3,122",0,"24,751","24,750",1,"2,287","2,287",0,"24,413","24,411",2,"6,733","5,544","1,189","79,487","74,892","4,595"
북마리아나 제도,529,209,320,"12,616","2,346","10,270",192,180,12,"7,457","2,436","5,022","63,868","61,336","2,532","652,642","611,366","41,277","68,136","64,259","3,877","795,387","748,434","46,954",12,12,0,386,386,0
불가리아,207,207,0,"3,225","3,219",6,218,218,0,"3,539","3,536",3,"6,612","5,618",994,"97,326","91,425","5,901","6,904","6,640",264,"81,968","78,301","3,667",,,,8,8,0
브라질,"16,518","16,189",329,"228,417","216,504","11,913","21,995","18,432","3,563","235,102","218,354","16,748",52,52,0,694,694,0,4,4,0,416,416,0,269,213,56,"3,029","1,839","1,190"
브루나이,5,5,0,198,195,3,13,13,0,105,97,8,371,164,207,"4,484","2,337","2,147",480,57,423,"4,930","1,243","3,687",,,,,,
사모아,566,279,287,"6,096","3,344","2,752",286,286,0,"4,351","3,204","1,147",,,,,,,,,,2,2,0,200,200,0,"2,482","2,480",2
사우디아라비아,"10,370","6,844","3,526","89,927","74,277","15,650","11,837","7,014","4,823","98,671","76,537","22,134",538,538,0,"3,281","3,276",5,497,497,0,"5,294","5,294",0,"31,959","28,649","3,310","263,921","240,906","23,015"
상투메 프린시페,,,,2,2,0,,,,4,4,0,"14,709","14,498",211,"232,481","203,802","28,679","19,037","16,697","2,340","196,817","184,584","12,233",17,17,0,106,103,3
세네갈,168,168,0,"2,722","2,693",29,434,434,0,"4,843","4,843",0,19,19,0,199,199,0,8,8,0,102,98,4,568,434,134,"6,999","4,588","2,411"
세르비아,,,,2,2,0,,,,,,,498,300,198,"4,923","3,541","1,382",514,242,272,"6,863","3,839","3,024","5,451","4,105","1,346","100,927","70,433","30,495"
세이셸,92,92,0,264,264,0,70,70,0,336,336,0,"11,086","6,272","4,814","133,468","90,418","43,050","9,348","5,789","3,559","93,668","74,450","19,218",1,1,0,38,38,0
세인트 빈센트 그레나딘,4,4,0,87,87,0,14,14,0,199,199,0,,,,13,13,0,26,26,0,63,63,0,143,143,0,"2,357","2,290",67
세인트루시아,13,13,0,249,249,0,16,16,0,487,487,0,413,413,0,"4,930","4,930",0,331,331,0,"4,245","4,245",0,5,5,0,124,124,0
세인트키츠 네비스,2,2,0,89,89,0,12,12,0,127,127,0,,,,6,6,0,,,,,,,5,5,0,105,105,0
소말리아,20,20,0,204,171,33,21,21,0,271,271,0,26,26,0,472,472,0,27,27,0,258,258,0,17,17,0,312,312,0
솔로몬제도,169,167,2,"1,996","1,932",64,347,347,0,"2,468","2,209",259,5,5,0,144,144,0,3,3,0,107,107,0,11,11,0,96,96,0
수단,4,4,0,"2,603","2,362",241,68,68,0,"1,513","1,503",10,46,46,0,714,714,0,27,27,0,388,388,0,11,11,0,332,277,55
수리남,167,167,0,"2,836","2,836",0,412,412,0,"3,585","3,585",0,10,10,0,102,102,0,10,10,0,94,94,0,212,105,107,"2,811","1,191","1,620"
스리랑카,"2,499","2,499",0,"20,655","19,597","1,058",972,969,3,"21,713","19,781","1,932",100,100,0,305,305,0,43,43,0,247,191,56,21,21,0,302,302,0
스웨덴,"3,332","3,332",0,"32,160","32,104",56,"3,566","3,514",52,"35,780","35,614",166,44,42,2,"1,280","1,135",145,58,58,0,978,966,12,740,740,0,"7,000","7,000",0
스위스,,,,15,15,0,,,,4,4,0,48,48,0,"1,411","1,411",0,15,15,0,312,312,0,655,655,0,"14,806","11,472","3,334"
스페인,"10,272","9,893",379,"139,026","133,473","5,553","12,160","11,924",236,"129,175","123,294","5,881",419,419,0,"5,007","5,007",0,336,336,0,"4,695","4,687",8,"3,492","3,482",10,"40,257","40,244",13
슬로바키아,,,,,,,2,2,0,5,5,0,954,951,3,"15,969","15,532",437,"1,041","1,040",1,"15,938","14,428","1,510",,,,,,
슬로베니아,"13,028","12,990",38,"143,051","142,679",372,"11,183","11,183",0,"138,819","137,782","1,036","2,601","2,601",0,"40,893","40,893",0,"2,836","2,836",0,"37,899","37,899",0,"13,988","11,175","2,813","166,831","133,300","33,530"
시리아,57,57,0,706,706,0,38,38,0,862,862,0,,,,1,1,0,,,,2,2,0,"5,538","5,537",1,"78,241","77,172","1,069"
시에라 리온,15,15,0,364,364,0,72,72,0,361,361,0,"13,084","8,735","4,349","151,271","125,777","25,494","11,831","10,382","1,449","146,594","124,419","22,176",406,406,0,"4,032","4,032",0
싱가포르,"16,827","14,884","1,944","233,497","190,231","43,266","18,886","14,117","4,769","215,551","171,679","43,871",1,1,0,17,17,0,,,,,,,32,32,0,481,481,0
아랍에미리트연합국,"15,531","12,214","3,317","184,682","132,589","52,094","18,764","11,541","7,223","192,555","143,492","49,063","11,854","11,824",30,"133,752","133,561",191,"10,818","10,781",37,"109,713","109,629",84,,,,,,
아루바,44,44,0,339,339,0,71,71,0,753,753,0,21,21,0,323,323,0,114,114,0,"1,065","1,064",1,"22,195","14,442","7,754","203,208","162,414","40,794"
아르헨티나,"3,125","2,393",732,"36,161","31,258","4,903","5,047","2,791","2,256","47,457","36,119","11,338",61,61,0,"1,120","1,120",0,50,50,0,862,862,0,"18,173","11,526","6,647","214,470","157,527","56,943"
아메리칸사모아,507,267,240,"2,914","2,308",606,424,424,0,"6,387","2,767","3,620",,,,,,,,,,2,2,0,43,43,0,650,650,0
아이슬란드,4,4,0,70,70,0,30,30,0,195,195,0,"21,235","14,046","7,190","236,352","179,797","56,555","17,251","13,979","3,272","217,291","176,137","41,155","1,095","1,095",0,"18,218","17,842",376
아이티,249,249,0,"2,079","2,079",0,118,118,0,"2,328","2,328",0,"16,052","11,816","4,236","204,053","152,226","51,828","18,990","12,989","6,001","217,110","159,751","57,359",743,186,557,"5,010","2,846","2,164"
아일랜드,297,283,14,"4,181","4,127",54,478,453,25,"4,919","4,798",121,89,89,0,949,949,0,72,72,0,581,581,0,5,5,0,190,190,0
알바니아,374,374,0,"3,435","3,435",0,46,46,0,"1,432","1,432",0,"2,063","1,259",804,"43,676","27,995","15,681",772,772,0,"15,586","14,709",877,513,510,3,"3,819","3,816",3
알제리,566,566,0,"4,317","4,307",10,214,213,1,"4,859","4,854",5,672,142,530,"6,031","2,320","3,711",355,127,228,"5,233","2,266","2,967",664,630,34,"5,680","5,408",272
앙골라,12,12,0,"1,398","1,398",0,105,81,24,"1,349","1,320",29,51,51,0,747,747,0,46,46,0,514,514,0,67,67,0,"1,000","1,000",0
앤티가 바부다,13,13,0,171,171,0,7,7,0,262,262,0,300,300,0,"3,156","3,156",0,226,226,0,"3,182","3,182",0,538,538,0,"6,268","6,244",24
앤틸리스제도,18,18,0,535,535,0,70,70,0,858,857,1,399,395,4,"5,366","5,168",198,460,431,29,"4,771","4,555",216,85,85,0,"2,138","2,138",0
앵귈라,2,2,0,6,6,0,,,,25,25,0,21,21,0,717,717,0,120,120,0,"1,320","1,320",0,5,5,0,167,167,0
에리트레아,,,,8,8,0,3,3,0,6,6,0,"1,139","1,139",0,"6,904","6,851",53,247,247,0,"4,913","4,912",1,39,39,0,441,441,0
에스토니아,647,647,0,"4,662","4,654",8,594,594,0,"4,938","4,938",0,271,271,0,"1,740","1,739",1,137,137,0,"2,879","2,879",0,,,,2,2,0
에콰도르,"9,624","7,285","2,339","117,176","89,123","28,053","9,597","7,715","1,882","137,858","107,283","30,575",14,14,0,329,329,0,15,15,0,222,222,0,,,,3,3,0
에티오피아,,,,,,,,,,2,2,0,77,77,0,"1,516","1,516",0,37,37,0,795,795,0,603,598,5,"5,176","5,149",27
엘살바도르,942,942,0,"10,843","9,638","1,205",659,657,2,"9,380","9,359",21,,,,2,2,0,,,,,,,"11,858","8,893","2,965","141,063","111,036","30,026"
영국,"3,382","3,314",68,"83,657","75,472","8,185","5,320","5,046",274,"47,921","46,802","1,119",,,,4,4,0,,,,53,2,51,"2,016","1,981",35,"20,822","20,453",369
영국령 버진아일랜드,1,1,0,16,16,0,2,2,0,55,55,0,284,284,0,"4,332","4,324",8,324,324,0,"3,736","3,732",4,"5,762","5,232",530,"73,832","60,110","13,722"
예멘,290,290,0,"2,019","2,017",2,96,96,0,"2,811","2,469",342,"13,308","9,774","3,534","160,908","137,237","23,671","11,418","11,046",372,"145,779","119,128","26,651",2,2,0,39,39,0
오만,"1,769","1,647",122,"22,045","16,723","5,322","1,463","1,370",93,"20,667","19,279","1,388","1,615","1,615",0,"15,256","15,160",96,"1,713","1,700",13,"18,619","17,996",623,63,63,0,872,673,199
오스트리아,,,,4,4,0,,,,,,,"6,565","5,493","1,072","87,023","75,763","11,260","7,834","7,504",330,"93,750","85,574","8,176",894,875,19,"12,681","12,254",427
온두라스,815,815,0,"8,307","7,547",760,626,626,0,"9,977","9,977",0,6,6,0,81,81,0,5,5,0,82,82,0,2,2,0,128,128,0
왈리스 푸투나,,,,2,2,0,,,,3,3,0,630,630,0,"1,657","1,657",0,58,58,0,"1,078",965,113,"1,858","1,858",0,"18,025","17,162",863
요르단,"1,133","1,064",69,"8,654","8,126",528,"1,020",816,204,"11,651","10,211","1,440","4,147","4,067",80,"29,101","26,313","2,788","1,180","1,058",122,"22,204","20,344","1,860",8,6,2,53,51,2
우간다,,,,,,,,,,21,21,0,,,,17,17,0,18,18,0,189,189,0,366,311,55,"5,220","4,406",814
우루과이,"1,855","1,686",169,"16,447","15,049","1,398","1,987","1,339",648,"22,567","19,001","3,566",807,807,0,"11,188","11,181",7,"1,139","1,139",0,"12,504","12,504",0,610,610,0,"6,242","5,888",354
우크라이나,"1,332",944,388,"18,947","16,915","2,032",,,,"6,797","6,329",468,,,,8,8,0,1,1,0,2,2,0,,,,2,2,0
원양어획지역,4,4,0,901,901,0,66,66,0,"1,500","1,500",0,962,651,312,"16,618","10,973","5,646",367,358,9,"6,310","5,782",528,118,118,0,"1,559","1,559",0
이라크,133,133,0,"2,250","2,234",16,217,217,0,"4,136","3,874",262,749,741,8,"18,765","15,366","3,399",539,539,0,"7,292","7,152",140,133,133,0,"1,050","1,050",0
이란,5,5,0,"1,349","1,069",280,218,218,0,"2,604","2,193",411,36,36,0,351,351,0,212,212,0,900,900,0,509,509,0,"8,099","6,322","1,777"
이스라엘,"2,616","2,580",36,"38,819","35,422","3,397","5,501","3,912","1,589","48,202","41,450","6,752",60,60,0,"1,074","1,074",0,172,172,0,"1,310","1,310",0,507,507,0,"4,525","4,521",4
이집트,"7,875","6,767","1,108","88,406","74,459","13,947","6,690","6,539",151,"65,929","61,749","4,180",184,182,2,"4,713","3,943",770,"1,129",923,206,"9,220","4,496","4,724","3,295","2,514",781,"56,383","32,573","23,810"
이탈리아,"13,524","13,391",133,"177,005","171,529","5,476","18,323","18,033",290,"189,720","181,702","8,018",395,395,0,"4,814","4,774",40,949,949,0,"5,719","5,719",0,"2,121","2,009",112,"44,784","35,758","9,026"
인도,"31,722","29,912","1,810","402,613","359,999","42,615","33,616","30,041","3,575","385,357","356,319","29,038","3,277","2,047","1,230","66,185","35,875","30,311","5,775","3,495","2,280","67,369","42,329","25,039","12,362","11,685",677,"155,865","143,438","12,427"
인도네시아,"34,016","32,297","1,719","397,533","377,089","20,443","28,559","27,659",900,"393,522","377,367","16,155","9,171","6,495","2,676","81,011","69,808","11,203","6,438","5,737",701,"67,749","59,888","7,861","38,507","34,355","4,152","429,307","388,045","41,262"
일본,"248,057","188,957","59,100","2,914,844","2,236,552","678,292","234,018","179,443","54,575","2,965,646","2,284,520","681,126","17,056","16,495",561,"205,612","196,386","9,226","17,733","17,282",451,"213,871","201,690","12,181","41,766","40,825",940,"464,919","454,502","10,416"
자메이카,"1,776","1,493",283,"26,582","18,600","7,982","4,504","2,911","1,593","35,670","26,654","9,016","33,177","31,126","2,051","411,662","381,512","30,150","38,324","32,504","5,820","464,216","424,382","39,834","237,742","172,029","65,714","2,887,371","2,156,658","730,713"
적도 기니,,,,211,211,0,42,42,0,162,162,0,"33,798","32,731","1,067","417,847","388,807","29,041","38,556","37,662",894,"471,281","448,027","23,254","2,975","2,111",864,"42,600","30,914","11,686"
조지아,239,239,0,"2,003","2,003",0,594,594,0,"3,163","3,163",0,"232,493","181,866","50,627","2,858,808","2,206,295","652,513","236,588","184,949","51,639","2,785,236","2,160,418","624,818",,,,190,190,0
중국,"531,058","446,088","84,970","6,297,571","5,358,057","939,514","464,740","380,200","84,540","5,945,181","4,911,469","1,033,712","3,389","2,151","1,238","45,501","34,554","10,947","4,098","3,737",361,"44,780","36,072","8,708",977,977,0,"11,372","11,372",0
지부티,171,171,0,"1,740","1,740",0,269,269,0,"2,781","2,681",100,6,6,0,212,212,0,11,11,0,43,43,0,"603,417","497,739","105,678","6,985,217","5,707,962","1,277,255"
지브롤터,4,4,0,4,4,0,,,,1,1,0,"1,944","1,944",0,"16,492","16,492",0,"1,207","1,207",0,"15,123","15,120",3,259,259,0,"5,330","4,830",500
체코,,,,9,9,0,,,,15,15,0,"520,323","427,732","92,591","6,253,993","5,139,589","1,114,404","586,467","506,538","79,929","6,757,014","5,622,962","1,134,052",1,1,0,147,147,0
칠레,"34,870","33,443","1,427","406,223","392,152","14,071","24,769","24,235",534,"363,192","348,227","14,965","1,833",247,"1,586","3,985","2,399","1,586",265,265,0,"5,714","3,307","2,407","48,436","44,640","3,796","546,399","500,770","45,629"
카메룬,22,22,0,973,973,0,141,141,0,"1,096","1,096",0,28,28,0,189,189,0,6,6,0,184,184,0,106,106,0,"2,783","2,525",258
카보 베르데,,,,7,7,0,,,,18,18,0,"31,016","28,839","2,177","407,306","385,557","21,749","45,739","43,472","2,267","440,173","403,780","36,393",,,,78,78,0
카자흐스탄,,,,,,,,,,2,2,0,225,225,0,"2,419","2,419",0,486,486,0,"2,411","2,411",0,"1,202","1,097",105,"15,314","13,017","2,297"
카타르,"1,863","1,410",453,"19,025","16,419","2,606","1,138","1,015",123,"15,365","14,060","1,305",9,9,0,44,44,0,18,18,0,126,126,0,"3,913","3,909",4,"29,270","29,201",69
캄보디아,"1,062","1,062",0,"12,068","12,068",0,"1,000","1,000",0,"12,867","12,819",48,"1,453","1,392",61,"16,360","13,924","2,437","1,538","1,500",38,"16,185","15,323",861,"68,680","61,338","7,342","822,187","722,200","99,987"
캐나다,"45,958","44,613","1,345","732,446","683,886","48,560","41,571","38,967","2,604","675,965","605,971","69,994","1,255","1,255",0,"16,145","15,934",211,"1,643","1,643",0,"17,494","17,388",106,531,531,0,"8,711","8,384",327
케냐,317,317,0,"3,540","3,540",0,338,338,0,"4,987","4,980",7,"61,354","55,323","6,031","654,653","576,700","77,953","48,410","45,135","3,275","710,572","633,910","76,662",10,10,0,174,174,0
케이맨 제도,6,6,0,107,107,0,4,4,0,264,264,0,517,517,0,"6,588","6,514",74,370,370,0,"4,491","4,459",32,2,2,0,27,27,0
코모로,2,2,0,5,5,0,,,,16,16,0,17,17,0,363,363,0,29,29,0,243,243,0,"3,457","2,785",672,"29,645","28,401","1,244"
코스타리카,"1,311","1,306",5,"19,146","18,827",319,"1,216","1,205",11,"16,810","14,990","1,820",2,2,0,61,61,0,,,,6,6,0,"2,013","1,949",64,"12,338","11,062","1,276"
코트디부아르,51,51,0,"2,041","2,038",3,394,394,0,"2,298","2,298",0,"1,802","1,802",0,"20,845","20,392",453,"2,063","2,063",0,"27,674","27,586",88,"15,219","13,015","2,204","214,872","164,352","50,520"
콜롬비아,"10,049","9,023","1,026","130,517","119,048","11,469","8,568","8,219",349,"119,121","108,603","10,518",629,629,0,"7,226","7,048",178,938,929,9,"6,825","6,414",411,13,13,0,495,403,92
콩고,6,6,0,193,193,0,29,29,0,178,178,0,"8,959","8,206",753,"146,901","120,724","26,177","18,034","15,361","2,673","173,639","147,312","26,327",40,40,0,379,379,0
콩고 민주 공화국,16,16,0,302,302,0,45,45,0,320,320,0,102,102,0,"1,314","1,064",250,154,154,0,926,926,0,404,404,0,"6,259","6,259",0
쿠바,414,414,0,"4,152","4,152",0,159,159,0,"5,808","5,808",0,68,68,0,"1,330","1,326",4,90,90,0,475,471,4,179,146,33,"3,456","2,830",626
쿠웨이트,300,300,0,"3,411","3,390",21,237,235,2,"2,857","2,853",4,"1,037","1,037",0,"8,710","8,710",0,772,772,0,"5,686","5,686",0,22,22,0,110,110,0
쿡 제도,2,2,0,6,6,0,14,14,0,32,32,0,337,337,0,"2,904","2,828",76,307,286,21,"3,263","2,854",409,83,83,0,673,673,0
퀴라소,6,6,0,190,190,0,30,30,0,276,276,0,,,,17,17,0,7,7,0,55,55,0,652,652,0,"9,335","9,323",12
크로아티아,"2,150","2,130",20,"19,857","19,747",110,"1,907","1,907",0,"24,845","24,831",14,2,2,0,108,107,1,35,35,0,251,251,0,768,443,325,"6,667","4,297","2,370"
키리바시,282,280,2,"5,047","2,688","2,359",192,190,2,"2,402","2,009",393,"1,620","1,618",2,"18,429","18,333",96,"1,356","1,354",2,"10,008","10,000",8,295,295,0,"2,394","2,385",9
키프로스,76,76,0,803,803,0,52,52,0,676,676,0,,,,"2,606","2,572",34,"1,111",850,261,"5,163","4,013","1,150",849,849,0,"11,619","11,249",370
탄자니아,576,576,0,"5,412","5,412",0,"1,136","1,136",0,"7,400","7,400",0,353,353,0,"1,798","1,798",0,229,229,0,"1,464","1,464",0,"32,990","32,484",506,"422,768","412,522","10,246"
태국,"31,453","30,907",546,"369,182","359,232","9,950","32,271","28,302","3,969","390,317","369,278","21,039","1,077","1,077",0,"9,950","9,916",34,764,764,0,"7,383","7,383",0,"1,021",197,824,"11,367","7,125","4,242"
토고,393,381,12,"5,294","3,238","2,056",567,567,0,"8,207","6,585","1,622","34,804","33,967",837,"404,676","383,716","20,960","35,357","35,046",311,"439,369","421,696","17,673",246,244,2,"2,738","2,394",344
통가,859,251,608,"4,002","1,625","2,377","1,277",210,"1,067","2,876","1,487","1,389",927,897,30,"11,333","9,654","1,679","1,021",941,80,"9,286","7,232","2,054",10,10,0,68,68,0
투발루,,,,,,,4,4,0,13,13,0,87,87,0,"2,871","1,755","1,116",199,119,80,"3,087","2,309",778,100,100,0,"1,753","1,753",0
튀니지,293,293,0,"3,166","3,166",0,222,222,0,"3,230","3,230",0,,,,10,10,0,6,6,0,56,56,0,"9,646","9,643",3,"160,894","144,766","16,129"
튀르키예,"16,749","16,595",154,"200,162","192,077","8,085","16,718","15,036","1,682","183,164","171,060","12,104",391,391,0,"3,239","3,110",129,220,220,0,"2,454","2,410",44,982,982,0,"11,335","11,335",0
트리니다드 토바고,590,590,0,"6,052","6,052",0,494,494,0,"9,257","9,247",10,"20,200","19,182","1,018","213,083","206,432","6,651","16,065","15,482",583,"209,226","196,526","12,700","10,980","9,507","1,473","162,826","108,400","54,426"
파나마,"14,686","5,520","9,166","113,590","67,378","46,212","8,026","4,444","3,582","150,321","76,050","74,271","1,048","1,045",3,"13,289","13,276",13,701,699,2,"8,695","8,670",25,124,124,0,"2,896","2,896",0
파라과이,81,81,0,961,961,0,106,106,0,"1,305","1,239",66,"13,419","10,355","3,064","129,358","91,581","37,777","10,325","8,495","1,830","153,097","92,913","60,184","5,413","4,536",878,"60,381","48,280","12,100"
파키스탄,"4,094","3,895",199,"60,008","43,984","16,024","4,118","3,045","1,073","48,560","38,511","10,049",440,440,0,"3,574","3,574",0,61,61,0,861,861,0,"1,124","1,019",105,"8,838","7,514","1,324"
파푸아 뉴기니,569,539,30,"6,619","6,430",189,687,687,0,"5,647","5,530",117,"2,916","2,779",137,"45,186","35,389","9,797","3,659","3,293",366,"48,195","43,805","4,390",36,22,14,373,344,29
팔라우,14,14,0,258,229,29,43,39,4,246,208,38,342,249,93,"5,596","4,968",628,540,433,107,"9,181","6,058","3,123",8,8,0,54,54,0
페로 제도,,,,4,4,0,,,,6,6,0,66,58,8,386,348,38,26,26,0,392,376,16,"20,278","18,037","2,241","251,160","214,283","36,877"
페루,"12,095","11,803",292,"140,218","135,127","5,091","10,179","9,628",551,"132,638","125,518","7,120",2,2,0,29,29,0,,,,42,42,0,576,576,0,"8,537","8,216",321
포르투갈,980,980,0,"7,484","7,478",6,559,559,0,"7,233","7,233",0,"11,028","10,309",719,"173,604","157,572","16,032","17,037","16,118",919,"178,215","164,697","13,518","2,880","2,822",58,"37,812","33,672","4,140"
폴란드,"2,119","2,111",8,"23,740","23,665",75,"2,417","2,386",31,"24,075","23,928",147,541,537,4,"9,301","9,256",45,670,670,0,"6,748","6,569",179,"1,213","1,211",2,"12,209","12,185",24
푸에르토리코,"1,213","1,213",0,"10,842","10,842",0,943,943,0,"10,916","10,908",8,"2,799","2,778",21,"32,883","32,643",240,"2,540","2,083",457,"29,187","27,831","1,356","4,476","4,385",91,"67,229","61,603","5,626"
프랑스,"6,912","6,668",244,"99,332","96,099","3,234","9,395","8,874",521,"94,603","90,561","4,042","1,288","1,288",0,"12,175","12,157",18,903,903,0,"9,137","9,128",9,1,1,0,99,99,0
프랑스령 기아나,10,10,0,77,77,0,26,26,0,254,254,0,"6,996","6,298",698,"92,144","82,816","9,328","7,524","7,316",208,"86,734","82,863","3,871","1,150",333,817,"7,229","2,006","5,223"
프랑스령 폴리네시아,344,309,35,"4,555","1,882","2,673","1,129",357,772,"7,535","3,149","4,386",22,22,0,281,281,0,29,29,0,309,309,0,990,886,104,"10,108","9,356",752
피지,557,557,0,"7,929","7,114",815,619,521,98,"10,156","8,520","1,636",267,76,191,"5,678","1,314","4,364",314,99,215,"6,086","1,110","4,976","2,014","2,013",1,"25,635","25,608",27
핀란드,"2,829","2,829",0,"31,003","30,696",307,"2,016","2,016",0,"27,116","27,047",69,356,254,102,"6,024","4,100","1,924",667,539,128,"8,892","7,814","1,078","23,046","18,270","4,776","286,952","220,638","66,315"
필리핀,"17,691","15,996","1,694","240,667","210,221","30,445","28,303","18,140","10,163","246,700","198,655","48,045","1,712","1,706",6,"22,335","22,263",72,"2,283","2,282",1,"22,620","22,549",71,2,2,0,37,37,0
헝가리,4,4,0,142,142,0,,,,19,19,0,"28,434","15,394","13,040","306,398","196,338","110,060","25,493","19,182","6,311","315,266","232,824","82,442","35,940","22,907","13,033","369,478","259,885","109,593"
호주,"23,777","18,004","5,773","327,037","236,945","90,092","21,802","16,063","5,739","302,414","229,864","72,550",2,2,0,3,3,0,5,5,0,114,114,0,"10,689","9,880",809,"127,445","121,022","6,423"
홍콩,"18,290","15,823","2,467","230,419","212,046","18,373","14,298","11,940","2,358","179,627","165,762","13,865","22,346","15,436","6,910","304,299","224,878","79,421","29,615","19,757","9,858","350,212","238,861","111,351",,,,,,
,,,,,,,,,,,,,"12,079","11,263",816,"150,496","136,200","14,296","12,706","11,604","1,102","129,929","120,863","9,067",,,,,,