연도,국가명,구분,계,적,공
2020,가나,입항,774.0,774.0,0.0
2020,가봉,입항,9.0,9.0,0.0
2020,가이아나,입항,79.0,79.0,0.0
2020,감비아,입항,98.0,98.0,0.0
2020,과테말라,입항,6007.0,3519.0,2488.0
2020,괌,입항,10166.0,708.0,9458.0
2020,그리스,입항,13427.0,4385.0,9042.0
2020,기니,입항,886.0,886.0,0.0
2020,기니비사우,입항,32.0,32.0,0.0
2020,나미비아,입항,218.0,218.0,0.0
2020,나이지리아,입항,1352.0,1345.0,7.0
2020,남아프리카,입항,8135.0,7857.0,278.0
2020,네덜란드,입항,84814.0,79698.0,5116.0
2020,노르웨이,입항,5475.5,5461.5,14.0
2020,뉴질랜드,입항,32450.0,26855.0,5595.0
2020,뉴칼레도니아,입항,1915.0,492.0,1423.0
2020,니카라과,입항,653.0,640.0,13.0
2020,대만,입항,70045.0,46947.25,23097.75
2020,대한민국,입항,60265.25,84.0,60181.25
2020,덴마크,입항,10980.0,10883.0,97.0
2020,도미니카 공화국,입항,1874.0,1859.0,15.0
2020,도미니카 연방,입항,2.0,2.0,0.0
2020,독일,입항,109214.75,100466.25,8748.5
2020,동티모르,입항,2.0,2.0,0.0
2020,라이베리아,입항,55.0,55.0,0.0
2020,라트비아,입항,11132.0,11122.0,10.0
2020,러시아,입항,84461.0,33840.0,50621.0
2020,레바논,입항,1797.0,729.0,1068.0
2020,레위니옹,입항,32.0,32.0,0.0
2020,루마니아,입항,8623.5,2789.5,5834.0
2020,리비아,입항,705.0,705.0,0.0
2020,리투아니아,입항,3127.25,3127.25,0.0
2020,마다가스카르,입항,223.0,223.0,0.0
2020,마르티니크,입항,2.0,2.0,0.0
2020,마샬 제도,입항,5311.0,126.0,5185.0
2020,말레이시아,입항,84039.0,57607.25,26431.75
2020,말리,입항,2.0,2.0,0.0
2020,멕시코,입항,81323.5,32741.0,48582.5
2020,모로코,입항,2169.0,1949.0,220.0
2020,모리셔스,입항,191.0,191.0,0.0
2020,모리타니,입항,323.0,323.0,0.0
2020,모잠비크,입항,1180.0,1180.0,0.0
2020,몬테네그로,입항,643.0,643.0,0.0
2020,몰타,입항,1264.0,229.0,1035.0
2020,미국,입항,687154.5,485052.25,202102.25
2020,미얀마,입항,7844.0,6788.0,1056.0
2020,미크로네시아,입항,140.0,19.0,121.0
2020,바누아투,입항,1111.0,6.0,1105.0
2020,바레인,입항,1325.0,1325.0,0.0
2020,바베이도스,입항,20.0,20.0,0.0
2020,바하마,입항,12.0,12.0,0.0
2020,방글라데시,입항,7472.0,5780.0,1692.0
2020,베냉,입항,8.0,0.0,8.0
2020,베네수엘라,입항,532.0,530.0,2.0
2020,베트남,입항,150785.0,136335.5,14449.5
2020,벨기에,입항,39833.25,38385.25,1448.0
2020,벨리즈,입항,1.0,1.0,0.0
2020,북마리아나 제도,입항,6515.25,96.0,6419.25
2020,불가리아,입항,885.0,865.0,20.0
2020,브라질,입항,34496.0,29174.0,5322.0
2020,브루나이,입항,59.0,59.0,0.0
2020,사모아,입항,3968.0,22.0,3946.0
2020,사우디아라비아,입항,22907.0,7369.0,15538.0
2020,세네갈,입항,1130.0,1118.0,12.0
2020,세르비아,입항,8.0,8.0,0.0
2020,세이셸,입항,34.0,34.0,0.0
2020,세인트 빈센트 그레나딘,입항,10.0,10.0,0.0
2020,세인트루시아,입항,12.0,12.0,0.0
2020,소말리아,입항,48.0,48.0,0.0
2020,솔로몬제도,입항,13.0,13.0,0.0
2020,수단,입항,205.0,205.0,0.0
2020,수리남,입항,1037.0,1037.0,0.0
2020,스리랑카,입항,4074.0,4002.0,72.0
2020,스웨덴,입항,14622.0,14530.0,92.0
2020,스위스,입항,8.0,8.0,0.0
2020,스페인,입항,36748.75,33074.5,3674.25
2020,슬로베니아,입항,14726.5,14527.5,199.0
2020,시리아,입항,1.0,1.0,0.0
2020,시에라 리온,입항,776.0,276.0,500.0
2020,싱가포르,입항,44875.75,33175.0,11700.75
2020,아랍에미리트연합국,입항,52722.75,16800.5,35922.25
2020,아르헨티나,입항,7597.0,3702.0,3895.0
2020,아메리칸사모아,입항,1644.0,194.0,1450.0
2020,아이슬란드,입항,84.0,84.0,0.0
2020,아이티,입항,59.0,59.0,0.0
2020,아일랜드,입항,1824.0,1756.0,68.0
2020,알바니아,입항,36.0,36.0,0.0
2020,알제리,입항,219.0,20.0,199.0
2020,앙골라,입항,1045.0,58.0,987.0
2020,앤틸리스제도,입항,33.0,9.0,24.0
2020,에스토니아,입항,4877.0,4877.0,0.0
2020,에콰도르,입항,10407.5,3698.0,6709.5
2020,엘살바도르,입항,868.0,825.0,43.0
2020,영국,입항,21389.25,18859.5,2529.75
2020,예멘,입항,1731.0,1731.0,0.0
2020,오만,입항,8443.0,1639.0,6804.0
2020,온두라스,입항,2527.75,689.0,1838.75
2020,요르단,입항,3333.0,1263.0,2070.0
2020,우루과이,입항,2210.0,1281.0,929.0
2020,우크라이나,입항,4802.0,3372.0,1430.0
2020,원양어획지역,입항,22.0,22.0,0.0
2020,이라크,입항,1649.0,35.0,1614.0
2020,이란,입항,118.0,32.0,86.0
2020,이스라엘,입항,8466.0,4321.0,4145.0
2020,이집트,입항,16039.5,4069.0,11970.5
2020,이탈리아,입항,54858.5,49726.5,5132.0
2020,인도,입항,110664.25,74522.0,36142.25
2020,인도네시아,입항,76765.75,59844.5,16921.25
2020,일본,입항,833983.75,239981.0,594002.75
2020,자메이카,입항,10370.25,257.0,10113.25
2020,적도 기니,입항,19.0,19.0,0.0
2020,조지아,입항,221.0,221.0,0.0
2020,중국,입항,1126398.5,867073.0,259325.5
2020,지부티,입항,1071.0,1071.0,0.0
2020,지브롤터,입항,29.0,29.0,0.0
2020,체코,입항,40.0,40.0,0.0
2020,칠레,입항,67051.0,61441.0,5610.0
2020,카메룬,입항,15.0,15.0,0.0
2020,카타르,입항,5475.0,4866.0,609.0
2020,캄보디아,입항,1644.0,1642.0,2.0
2020,캐나다,입항,90616.5,56573.5,34043.0
2020,케냐,입항,373.0,373.0,0.0
2020,코모로,입항,3.0,3.0,0.0
2020,코스타리카,입항,1105.0,1088.0,17.0
2020,코트디부아르,입항,78.0,78.0,0.0
2020,콜롬비아,입항,14837.0,7010.0,7827.0
2020,콩고,입항,140.0,44.0,96.0
2020,콩고 민주 공화국,입항,37.0,37.0,0.0
2020,쿠바,입항,8.0,8.0,0.0
2020,쿠웨이트,입항,644.0,551.0,93.0
2020,크로아티아,입항,1468.0,1434.0,34.0
2020,키리바시,입항,839.0,3.0,836.0
2020,키프로스,입항,144.0,144.0,0.0
2020,탄자니아,입항,2612.0,2612.0,0.0
2020,태국,입항,78970.25,74155.0,4815.25
2020,토고,입항,1240.0,1240.0,0.0
2020,통가,입항,1454.0,79.0,1375.0
2020,튀니지,입항,671.0,667.0,4.0
2020,튀르키예,입항,27303.75,17719.75,9584.0
2020,트리니다드 토바고,입항,662.0,662.0,0.0
2020,파나마,입항,47218.75,1451.0,45767.75
2020,파라과이,입항,317.0,317.0,0.0
2020,파키스탄,입항,15437.5,6242.0,9195.5
2020,파푸아 뉴기니,입항,347.0,347.0,0.0
2020,팔라우,입항,56.0,42.0,14.0
2020,페로 제도,입항,2.0,2.0,0.0
2020,페루,입항,27227.0,20528.0,6699.0
2020,포르투갈,입항,3082.0,3080.0,2.0
2020,폴란드,입항,12822.0,12760.0,62.0
2020,푸에르토리코,입항,1914.0,1914.0,0.0
2020,프랑스,입항,29817.25,27319.25,2498.0
2020,프랑스령 기아나,입항,9.0,9.0,0.0
2020,프랑스령 폴리네시아,입항,3425.0,49.0,3376.0
2020,피지,입항,1433.0,277.0,1156.0
2020,핀란드,입항,12626.0,12422.0,204.0
2020,필리핀,입항,57216.75,22255.0,34961.75
2020,헝가리,입항,115.0,115.0,0.0
2020,호주,입항,146466.5,70397.0,76069.5
2020,홍콩,입항,40253.0,29214.0,11039.0
2020,가나,출항,3203.0,3200.0,3.0
2020,가봉,출항,16.0,16.0,0.0
2020,가이아나,출항,73.0,73.0,0.0
2020,감비아,출항,6.0,6.0,0.0
2020,과들루프,출항,21.0,21.0,0.0
2020,과테말라,출항,2702.0,2568.0,134.0
2020,괌,출항,2785.0,2728.0,57.0
2020,그레나다,출항,32.0,32.0,0.0
2020,그리스,출항,16723.0,16697.0,26.0
2020,기니,출항,170.0,170.0,0.0
2020,나미비아,출항,55.0,55.0,0.0
2020,나이지리아,출항,2756.0,2756.0,0.0
2020,남아프리카,출항,4869.0,4779.0,90.0
2020,네덜란드,출항,68338.75,68095.75,243.0
2020,노르웨이,출항,306.0,306.0,0.0
2020,뉴질랜드,출항,16432.0,14690.0,1742.0
2020,뉴칼레도니아,출항,273.0,267.0,6.0
2020,니카라과,출항,803.5,803.5,0.0
2020,대만,출항,125381.5,118107.75,7273.75
2020,대한민국,출항,94203.5,1607.0,92596.5
2020,덴마크,출항,2137.0,2137.0,0.0
2020,도미니카 공화국,출항,2240.0,2097.0,143.0
2020,도미니카 연방,출항,5.0,5.0,0.0
2020,독일,출항,85075.0,84196.0,879.0
2020,동티모르,출항,10.0,10.0,0.0
2020,라이베리아,출항,66.0,66.0,0.0
2020,라트비아,출항,462.25,462.25,0.0
2020,러시아,출항,134270.5,126100.5,8170.0
2020,레바논,출항,1061.0,1061.0,0.0
2020,레위니옹,출항,51.0,51.0,0.0
2020,루마니아,출항,3180.0,3174.0,6.0
2020,리비아,출항,1387.0,1387.0,0.0
2020,리투아니아,출항,2491.0,2491.0,0.0
2020,마다가스카르,출항,90.0,90.0,0.0
2020,마르티니크,출항,37.0,37.0,0.0
2020,마샬 제도,출항,773.0,215.0,558.0
2020,마요트,출항,84.0,84.0,0.0
2020,마카오,출항,1.0,1.0,0.0
2020,말레이시아,출항,93544.25,91782.25,1762.0
2020,멕시코,출항,149003.5,143223.5,5780.0
2020,모로코,출항,2635.0,2635.0,0.0
2020,모리셔스,출항,150.0,150.0,0.0
2020,모리타니,출항,84.0,84.0,0.0
2020,모잠비크,출항,1309.0,1309.0,0.0
2020,몬테네그로,출항,38.0,38.0,0.0
2020,몰디브,출항,23.0,23.0,0.0
2020,몰타,출항,635.0,399.0,236.0
2020,미국,출항,801271.5,783218.25,18053.25
2020,미국령 버진아일랜드,출항,1.0,1.0,0.0
2020,미얀마,출항,1517.25,1517.25,0.0
2020,미크로네시아,출항,333.0,257.0,76.0
2020,바누아투,출항,483.0,118.0,365.0
2020,바레인,출항,451.0,451.0,0.0
2020,바베이도스,출항,38.0,38.0,0.0
2020,바하마,출항,25976.0,145.0,25831.0
2020,방글라데시,출항,565.0,565.0,0.0
2020,베냉,출항,58.0,58.0,0.0
2020,베네수엘라,출항,376.0,376.0,0.0
2020,베트남,출항,232100.0,216624.5,15475.5
2020,벨기에,출항,21883.0,21505.0,378.0
2020,벨리즈,출항,32.0,32.0,0.0
2020,북마리아나 제도,출항,924.0,906.0,18.0
2020,불가리아,출항,674.0,674.0,0.0
2020,브라질,출항,50219.0,48307.0,1912.0
2020,사모아,출항,94.0,88.0,6.0
2020,사우디아라비아,출항,44105.5,44095.5,10.0
2020,세네갈,출항,735.0,735.0,0.0
2020,세이셸,출항,123.0,123.0,0.0
2020,세인트루시아,출항,16.0,16.0,0.0
2020,세인트키츠 네비스,출항,12.0,12.0,0.0
2020,소말리아,출항,153.0,153.0,0.0
2020,솔로몬제도,출항,450.0,434.0,16.0
2020,수단,출항,1227.0,1227.0,0.0
2020,수리남,출항,32.0,32.0,0.0
2020,스리랑카,출항,13572.0,13572.0,0.0
2020,스웨덴,출항,4732.0,4721.0,11.0
2020,스페인,출항,34634.75,33891.75,743.0
2020,슬로베니아,출항,93265.75,93205.75,60.0
2020,시리아,출항,1716.0,1716.0,0.0
2020,시에라 리온,출항,34.0,34.0,0.0
2020,싱가포르,출항,77908.25,74763.25,3145.0
2020,아랍에미리트연합국,출항,68517.5,67939.5,578.0
2020,아루바,출항,1.0,1.0,0.0
2020,아르헨티나,출항,6418.0,5740.0,678.0
2020,아메리칸사모아,출항,820.0,736.0,84.0
2020,아이티,출항,208.0,208.0,0.0
2020,아일랜드,출항,427.0,427.0,0.0
2020,알바니아,출항,122.0,122.0,0.0
2020,알제리,출항,2674.0,2674.0,0.0
2020,앙골라,출항,713.0,713.0,0.0
2020,앤티가 바부다,출항,2.0,2.0,0.0
2020,앤틸리스제도,출항,46.0,46.0,0.0
2020,에스토니아,출항,714.25,714.25,0.0
2020,에콰도르,출항,20467.0,6045.0,14422.0
2020,엘살바도르,출항,794.0,794.0,0.0
2020,영국,출항,25296.75,24360.75,936.0
2020,영국령 버진아일랜드,출항,2.0,2.0,0.0
2020,예멘,출항,453.0,453.0,0.0
2020,오만,출항,4054.0,4054.0,0.0
2020,온두라스,출항,496.0,496.0,0.0
2020,요르단,출항,2774.25,2774.25,0.0
2020,우루과이,출항,2952.0,2626.0,326.0
2020,우크라이나,출항,2294.0,2282.0,12.0
2020,이라크,출항,2802.75,2802.75,0.0
2020,이란,출항,12.0,12.0,0.0
2020,이스라엘,출항,12971.25,12585.25,386.0
2020,이집트,출항,42384.25,41832.25,552.0
2020,이탈리아,출항,48541.5,47897.5,644.0
2020,인도,출항,130510.75,129251.75,1259.0
2020,인도네시아,출항,87049.25,84510.75,2538.5
2020,일본,출항,439522.0,330106.75,109415.25
2020,자메이카,출항,3323.0,3187.0,136.0
2020,적도 기니,출항,6.0,6.0,0.0
2020,조지아,출항,404.0,386.0,18.0
2020,중국,출항,1158596.25,605342.25,553254.0
2020,지부티,출항,334.0,334.0,0.0
2020,지브롤터,출항,1.0,1.0,0.0
2020,칠레,출항,27715.0,16488.0,11227.0
2020,카메룬,출항,326.0,326.0,0.0
2020,카타르,출항,4382.0,4178.0,204.0
2020,캄보디아,출항,5260.25,5260.25,0.0
2020,캐나다,출항,120916.0,120202.0,714.0
2020,케냐,출항,2134.0,2129.0,5.0
2020,케이맨 제도,출항,2.0,2.0,0.0
2020,코모로,출항,6.0,6.0,0.0
2020,코스타리카,출항,806.0,606.0,200.0
2020,코트디부아르,출항,691.0,691.0,0.0
2020,콜롬비아,출항,16058.0,13520.0,2538.0
2020,콩고,출항,263.0,263.0,0.0
2020,콩고 민주 공화국,출항,405.0,405.0,0.0
2020,쿠바,출항,273.0,273.0,0.0
2020,쿠웨이트,출항,1127.0,1127.0,0.0
2020,크로아티아,출항,8577.25,8567.25,10.0
2020,키리바시,출항,42.0,38.0,4.0
2020,키프로스,출항,133.0,133.0,0.0
2020,탄자니아,출항,2177.0,2177.0,0.0
2020,태국,출항,101437.0,87099.0,14338.0
2020,토고,출항,1979.0,1979.0,0.0
2020,통가,출항,75.0,29.0,46.0
2020,튀니지,출항,792.0,792.0,0.0
2020,튀르키예,출항,88383.25,88119.25,264.0
2020,트리니다드 토바고,출항,627.0,627.0,0.0
2020,파나마,출항,26774.5,14825.0,11949.5
2020,파라과이,출항,108.0,108.0,0.0
2020,파키스탄,출항,14317.0,14310.0,7.0
2020,파푸아 뉴기니,출항,940.0,846.0,94.0
2020,팔라우,출항,92.0,62.0,30.0
2020,페루,출항,15254.0,11434.0,3820.0
2020,포르투갈,출항,3052.0,3046.0,6.0
2020,폴란드,출항,8398.0,8398.0,0.0
2020,푸에르토리코,출항,328.0,328.0,0.0
2020,프랑스,출항,15623.0,14831.0,792.0
2020,프랑스령 기아나,출항,11.0,11.0,0.0
2020,프랑스령 폴리네시아,출항,70.0,70.0,0.0
2020,피지,출항,504.0,439.0,65.0
2020,핀란드,출항,479.0,479.0,0.0
2020,필리핀,출항,43610.0,41632.0,1978.0
2020,헝가리,출항,74.0,74.0,0.0
2020,호주,출항,64256.0,59858.0,4398.0
2020,홍콩,출항,76334.0,73762.75,2571.25
2020,가나,환적,1798.5,1798.5,0.0
2020,가봉,환적,984.0,984.0,0.0
2020,가이아나,환적,4860.0,4860.0,0.0
2020,감비아,환적,134.0,134.0,0.0
2020,과들루프,환적,182.0,182.0,0.0
2020,과테말라,환적,21203.75,21199.75,4.0
2020,괌,환적,7258.25,6411.25,847.0
2020,그레나다,환적,474.0,474.0,0.0
2020,그리스,환적,16204.25,14742.25,1462.0
2020,기니,환적,227.0,227.0,0.0
2020,기니비사우,환적,4.0,4.0,0.0
2020,기타국가,환적,15.0,15.0,0.0
2020,나미비아,환적,740.0,740.0,0.0
2020,나우루,환적,34.0,34.0,0.0
2020,나이지리아,환적,2827.0,2795.0,32.0
2020,남아프리카,환적,10854.0,10272.0,582.0
2020,네덜란드,환적,59197.75,57929.75,1268.0
2020,노르웨이,환적,2314.25,2314.25,0.0
2020,뉴질랜드,환적,45156.0,39999.0,5157.0
2020,뉴칼레도니아,환적,10485.0,9849.0,636.0
2020,니카라과,환적,5907.5,5907.5,0.0
2020,대만,환적,164725.5,159318.25,5407.25
2020,대한민국,환적,299790.5,285006.5,14784.0
2020,덴마크,환적,4469.0,4469.0,0.0
2020,도미니카 공화국,환적,19484.0,19484.0,0.0
2020,도미니카 연방,환적,83.25,83.25,0.0
2020,독일,환적,65379.5,62155.5,3224.0
2020,동티모르,환적,44.0,44.0,0.0
2020,라이베리아,환적,43.0,43.0,0.0
2020,라트비아,환적,3647.0,3647.0,0.0
2020,러시아,환적,406080.75,392909.75,13171.0
2020,레바논,환적,2185.75,2185.75,0.0
2020,레위니옹,환적,9.0,9.0,0.0
2020,루마니아,환적,12645.75,12625.75,20.0
2020,리비아,환적,988.25,988.25,0.0
2020,리투아니아,환적,1074.0,1074.0,0.0
2020,마다가스카르,환적,285.0,285.0,0.0
2020,마르티니크,환적,132.0,132.0,0.0
2020,마샬 제도,환적,2192.0,2167.0,25.0
2020,마카오,환적,14.0,14.0,0.0
2020,말레이시아,환적,139271.5,137028.5,2243.0
2020,멕시코,환적,311419.25,299689.75,11729.5
2020,모로코,환적,4131.75,4035.75,96.0
2020,모리셔스,환적,525.0,525.0,0.0
2020,모리타니,환적,468.0,468.0,0.0
2020,모잠비크,환적,1158.0,1158.0,0.0
2020,몬테네그로,환적,118.25,118.25,0.0
2020,몰디브,환적,45.0,45.0,0.0
2020,몰타,환적,808.0,708.0,100.0
2020,미국,환적,1743133.0,1651504.5,91628.5
2020,미국령 버진아일랜드,환적,34.0,34.0,0.0
2020,미얀마,환적,4271.0,3688.0,583.0
2020,미크로네시아,환적,1844.0,1836.0,8.0
2020,바누아투,환적,5017.0,4431.0,586.0
2020,바레인,환적,753.0,753.0,0.0
2020,바베이도스,환적,1343.0,1343.0,0.0
2020,바하마,환적,90454.25,1014.0,89440.25
2020,방글라데시,환적,5982.75,5973.75,9.0
2020,베냉,환적,71.0,71.0,0.0
2020,베네수엘라,환적,10192.5,10182.5,10.0
2020,베트남,환적,211212.0,206458.0,4754.0
2020,벨기에,환적,26341.75,25722.75,619.0
2020,벨리즈,환적,339.0,339.0,0.0
2020,볼리비아,환적,6.0,6.0,0.0
2020,북마리아나 제도,환적,1732.0,1112.0,620.0
2020,불가리아,환적,2073.0,2073.0,0.0
2020,브라질,환적,111031.0,108795.0,2236.0
2020,브루나이,환적,114.0,114.0,0.0
2020,사모아,환적,3092.0,3026.0,66.0
2020,사우디아라비아,환적,37085.5,35440.5,1645.0
2020,세네갈,환적,1894.0,1894.0,0.0
2020,세이셸,환적,157.0,157.0,0.0
2020,세인트 빈센트 그레나딘,환적,124.0,124.0,0.0
2020,세인트루시아,환적,321.0,321.0,0.0
2020,세인트키츠 네비스,환적,40.0,40.0,0.0
2020,소말리아,환적,46.0,46.0,0.0
2020,솔로몬제도,환적,2868.0,2868.0,0.0
2020,수단,환적,5836.0,5818.0,18.0
2020,수리남,환적,6287.0,6287.0,0.0
2020,스리랑카,환적,5079.75,5077.75,2.0
2020,스웨덴,환적,12208.0,12180.0,28.0
2020,스페인,환적,45069.5,42976.5,2093.0
2020,슬로베니아,환적,14646.0,14646.0,0.0
2020,시리아,환적,3752.75,3752.75,0.0
2020,시에라 리온,환적,232.0,232.0,0.0
2020,싱가포르,환적,87424.75,73163.75,14261.0
2020,아랍에미리트연합국,환적,75312.25,68643.0,6669.25
2020,아루바,환적,79.0,79.0,0.0
2020,아르헨티나,환적,19642.0,18828.0,814.0
2020,아메리칸사모아,환적,1776.0,1712.0,64.0
2020,아이슬란드,환적,97.0,97.0,0.0
2020,아이티,환적,3129.0,3129.0,0.0
2020,아일랜드,환적,1187.25,1185.25,2.0
2020,알바니아,환적,633.0,633.0,0.0
2020,알제리,환적,2257.0,2257.0,0.0
2020,앙골라,환적,334.0,72.0,262.0
2020,앤티가 바부다,환적,167.0,167.0,0.0
2020,앤틸리스제도,환적,405.0,405.0,0.0
2020,앵귈라,환적,9.0,9.0,0.0
2020,에리트레아,환적,7.0,7.0,0.0
2020,에스토니아,환적,869.0,869.0,0.0
2020,에콰도르,환적,109843.25,92769.0,17074.25
2020,엘살바도르,환적,5291.5,5291.5,0.0
2020,영국,환적,21566.5,21205.5,361.0
2020,영국령 버진아일랜드,환적,28.0,28.0,0.0
2020,예멘,환적,58.0,58.0,0.0
2020,오만,환적,12116.0,12086.0,30.0
2020,온두라스,환적,5424.75,5424.75,0.0
2020,요르단,환적,6350.0,3977.0,2373.0
2020,우루과이,환적,6818.0,6792.0,26.0
2020,우크라이나,환적,15479.5,15445.5,34.0
2020,원양어획지역,환적,917.0,917.0,0.0
2020,이라크,환적,865.25,865.25,0.0
2020,이란,환적,15.0,15.0,0.0
2020,이스라엘,환적,15042.25,13695.25,1347.0
2020,이집트,환적,27652.75,24581.75,3071.0
2020,이탈리아,환적,49566.75,47020.5,2546.25
2020,인도,환적,90122.25,89210.25,912.0
2020,인도네시아,환적,185317.25,185054.25,263.0
2020,일본,환적,1712547.25,1557289.0,155258.25
2020,자메이카,환적,16808.25,15254.25,1554.0
2020,적도 기니,환적,30.0,30.0,0.0
2020,조지아,환적,2172.5,2172.5,0.0
2020,중국,환적,3831163.75,3502136.5,329027.25
2020,지부티,환적,504.0,504.0,0.0
2020,차드,환적,1.0,1.0,0.0
2020,체코,환적,1.0,1.0,0.0
2020,칠레,환적,255048.75,241178.75,13870.0
2020,카메룬,환적,338.0,338.0,0.0
2020,카보 베르데,환적,19.0,19.0,0.0
2020,카타르,환적,6260.5,6260.5,0.0
2020,캄보디아,환적,5750.0,5727.0,23.0
2020,캐나다,환적,465154.5,456960.75,8193.75
2020,케냐,환적,1577.0,1577.0,0.0
2020,케이맨 제도,환적,94.0,94.0,0.0
2020,코모로,환적,2.0,2.0,0.0
2020,코스타리카,환적,14340.75,14108.75,232.0
2020,코트디부아르,환적,464.0,464.0,0.0
2020,콜롬비아,환적,90590.25,86066.5,4523.75
2020,콩고,환적,25.0,25.0,0.0
2020,콩고 민주 공화국,환적,146.0,146.0,0.0
2020,쿠바,환적,3362.0,3362.0,0.0
2020,쿠웨이트,환적,1027.0,1027.0,0.0
2020,쿡 제도,환적,1.0,1.0,0.0
2020,퀴라소,환적,26.0,26.0,0.0
2020,크로아티아,환적,2461.5,2461.5,0.0
2020,키리바시,환적,1975.0,1959.0,16.0
2020,키프로스,환적,299.0,299.0,0.0
2020,탄자니아,환적,708.0,708.0,0.0
2020,태국,환적,186158.75,184134.75,2024.0
2020,토고,환적,182.5,182.5,0.0
2020,통가,환적,1060.0,1034.0,26.0
2020,투발루,환적,2.0,2.0,0.0
2020,튀니지,환적,1736.5,1736.5,0.0
2020,튀르키예,환적,65732.75,63256.75,2476.0
2020,트리니다드 토바고,환적,5840.0,5640.0,200.0
2020,파나마,환적,75965.75,54331.5,21634.25
2020,파라과이,환적,508.0,508.0,0.0
2020,파키스탄,환적,19114.25,17967.25,1147.0
2020,파푸아 뉴기니,환적,5528.0,5525.0,3.0
2020,팔라우,환적,174.0,174.0,0.0
2020,페로 제도,환적,4.0,4.0,0.0
2020,페루,환적,89663.0,87719.0,1944.0
2020,포르투갈,환적,3392.25,3392.25,0.0
2020,폴란드,환적,4127.0,4125.0,2.0
2020,푸에르토리코,환적,9455.0,9455.0,0.0
2020,프랑스,환적,29837.5,27960.5,1877.0
2020,프랑스령 기아나,환적,38.0,38.0,0.0
2020,프랑스령 폴리네시아,환적,891.0,837.0,54.0
2020,피지,환적,5557.0,5381.0,176.0
2020,핀란드,환적,14132.0,14132.0,0.0
2020,필리핀,환적,141021.75,131101.0,9920.75
2020,헝가리,환적,14.0,14.0,0.0
2020,호주,환적,125990.75,113751.25,12239.5
2020,홍콩,환적,88540.5,85559.0,2981.5
2021,가나,입항,382.0,376.0,6.0
2021,가봉,입항,64.0,64.0,0.0
2021,가이아나,입항,45.0,43.0,2.0
2021,감비아,입항,58.0,58.0,0.0
2021,과들루프,입항,4.0,4.0,0.0
2021,과테말라,입항,4658.0,3383.0,1275.0
2021,괌,입항,6969.0,1068.5,5900.5
2021,그리스,입항,11364.25,4371.0,6993.25
2021,기니,입항,937.0,937.0,0.0
2021,기니비사우,입항,42.0,42.0,0.0
2021,나미비아,입항,140.0,140.0,0.0
2021,나이지리아,입항,689.0,689.0,0.0
2021,남아프리카,입항,9601.0,9213.0,388.0
2021,네덜란드,입항,89134.75,77646.25,11488.5
2021,노르웨이,입항,7352.0,7278.0,74.0
2021,뉴질랜드,입항,29332.0,24645.0,4687.0
2021,뉴칼레도니아,입항,2984.0,211.0,2773.0
2021,니카라과,입항,197.0,189.0,8.0
2021,대만,입항,86778.75,54712.0,32066.75
2021,대한민국,입항,77131.75,28.0,77103.75
2021,덴마크,입항,11970.0,11880.0,90.0
2021,도미니카 공화국,입항,1502.0,1226.0,276.0
2021,독일,입항,106528.0,98003.25,8524.75
2021,동티모르,입항,2.0,2.0,0.0
2021,라이베리아,입항,29.0,29.0,0.0
2021,라트비아,입항,11288.0,11287.0,1.0
2021,러시아,입항,143904.75,44973.0,98931.75
2021,레바논,입항,1254.0,1084.0,170.0
2021,레위니옹,입항,25.0,23.0,2.0
2021,루마니아,입항,6350.5,2863.5,3487.0
2021,리비아,입항,404.0,404.0,0.0
2021,리투아니아,입항,4620.25,3911.25,709.0
2021,마다가스카르,입항,101.0,101.0,0.0
2021,마르티니크,입항,6.0,6.0,0.0
2021,마샬 제도,입항,4858.0,76.0,4782.0
2021,말레이시아,입항,96223.25,63991.0,32232.25
2021,멕시코,입항,100306.5,34263.0,66043.5
2021,모로코,입항,3379.0,2374.0,1005.0
2021,모리셔스,입항,118.0,118.0,0.0
2021,모리타니,입항,303.0,303.0,0.0
2021,모잠비크,입항,1139.0,1139.0,0.0
2021,몬테네그로,입항,1444.0,1444.0,0.0
2021,몰타,입항,1537.25,96.0,1441.25
2021,미국,입항,735726.75,454933.0,280793.75
2021,미얀마,입항,4132.0,4124.0,8.0
2021,미크로네시아,입항,131.0,82.0,49.0
2021,바누아투,입항,1879.0,10.0,1869.0
2021,바레인,입항,2588.0,2588.0,0.0
2021,바하마,입항,3.0,3.0,0.0
2021,방글라데시,입항,7320.0,7162.0,158.0
2021,베냉,입항,27.0,13.0,14.0
2021,베네수엘라,입항,381.0,381.0,0.0
2021,베트남,입항,164976.0,149752.0,15224.0
2021,벨기에,입항,43211.0,40874.0,2337.0
2021,북마리아나 제도,입항,9795.5,174.0,9621.5
2021,불가리아,입항,914.25,908.25,6.0
2021,브라질,입항,38115.0,27605.0,10510.0
2021,브루나이,입항,22.0,19.0,3.0
2021,사모아,입항,2644.0,22.0,2622.0
2021,사우디아라비아,입항,22533.75,7517.0,15016.75
2021,세네갈,입항,1194.0,1177.0,17.0
2021,세르비아,입항,2.0,2.0,0.0
2021,세이셸,입항,103.0,103.0,0.0
2021,세인트루시아,입항,8.0,8.0,0.0
2021,소말리아,입항,34.0,1.0,33.0
2021,솔로몬제도,입항,56.0,26.0,30.0
2021,수단,입항,424.0,183.0,241.0
2021,수리남,입항,401.0,401.0,0.0
2021,스리랑카,입항,4812.0,3808.0,1004.0
2021,스웨덴,입항,15079.0,15023.0,56.0
2021,스위스,입항,15.0,15.0,0.0
2021,스페인,입항,44959.25,41785.25,3174.0
2021,슬로베니아,입항,15925.75,15680.75,245.0
2021,시리아,입항,1.0,1.0,0.0
2021,시에라 리온,입항,165.0,165.0,0.0
2021,싱가포르,입항,65197.25,34879.0,30318.25
2021,아랍에미리트연합국,입항,65359.0,15581.5,49777.5
2021,아루바,입항,10.0,10.0,0.0
2021,아르헨티나,입항,7962.0,3214.0,4748.0
2021,아메리칸사모아,입항,937.0,331.0,606.0
2021,아이슬란드,입항,12.0,12.0,0.0
2021,아이티,입항,93.0,93.0,0.0
2021,아일랜드,입항,2152.0,2098.0,54.0
2021,알바니아,입항,2367.0,2367.0,0.0
2021,알제리,입항,8.0,8.0,0.0
2021,앙골라,입항,56.0,56.0,0.0
2021,앤틸리스제도,입항,9.0,9.0,0.0
2021,에스토니아,입항,3096.25,3088.25,8.0
2021,에콰도르,입항,13330.0,3996.0,9334.0
2021,엘살바도르,입항,2176.0,979.0,1197.0
2021,영국,입항,27827.25,20033.25,7794.0
2021,예멘,입항,1687.75,1685.75,2.0
2021,오만,입항,7804.0,3239.0,4565.0
2021,오스트리아,입항,2.0,2.0,0.0
2021,온두라스,입항,891.0,891.0,0.0
2021,요르단,입항,2523.0,1996.0,527.0
2021,우루과이,입항,2496.0,1118.0,1378.0
2021,우크라이나,입항,4612.25,2778.25,1834.0
2021,원양어획지역,입항,4.0,4.0,0.0
2021,이라크,입항,16.0,0.0,16.0
2021,이란,입항,289.0,9.0,280.0
2021,이스라엘,입항,6730.0,5135.0,1595.0
2021,이집트,입항,17730.5,5362.0,12368.5
2021,이탈리아,입항,63326.5,58551.5,4775.0
2021,인도,입항,124093.75,83733.25,40360.5
2021,인도네시아,입항,90140.0,70411.75,19728.25
2021,일본,입항,775342.25,258107.0,517235.25
2021,자메이카,입항,7711.0,165.0,7546.0
2021,적도 기니,입항,13.0,13.0,0.0
2021,조지아,입항,221.0,221.0,0.0
2021,중국,입항,1232380.75,930917.75,301463.0
2021,지부티,입항,1148.0,1148.0,0.0
2021,체코,입항,9.0,9.0,0.0
2021,칠레,입항,63117.0,54732.0,8385.0
2021,카메룬,입항,26.0,26.0,0.0
2021,카보 베르데,입항,2.0,2.0,0.0
2021,카타르,입항,8405.75,6067.75,2338.0
2021,캄보디아,입항,1600.0,1600.0,0.0
2021,캐나다,입항,103319.5,56497.75,46821.75
2021,케냐,입항,542.0,542.0,0.0
2021,코스타리카,입항,2295.0,2268.0,27.0
2021,코트디부아르,입항,121.0,118.0,3.0
2021,콜롬비아,입항,14990.0,6969.0,8021.0
2021,콩고,입항,48.0,48.0,0.0
2021,콩고 민주 공화국,입항,68.0,68.0,0.0
2021,쿠바,입항,47.0,47.0,0.0
2021,쿠웨이트,입항,1296.0,1275.0,21.0
2021,퀴라소,입항,10.0,10.0,0.0
2021,크로아티아,입항,2253.0,2225.0,28.0
2021,키리바시,입항,2361.0,2.0,2359.0
2021,키프로스,입항,157.0,157.0,0.0
2021,탄자니아,입항,3074.0,3074.0,0.0
2021,태국,입항,84669.25,81401.0,3268.25
2021,토고,입항,384.0,384.0,0.0
2021,통가,입항,2540.0,163.0,2377.0
2021,튀니지,입항,898.0,898.0,0.0
2021,튀르키예,입항,26007.5,19809.25,6198.25
2021,트리니다드 토바고,입항,440.0,440.0,0.0
2021,파나마,입항,37584.0,1138.0,36446.0
2021,파라과이,입항,254.0,254.0,0.0
2021,파키스탄,입항,20882.25,6931.0,13951.25
2021,파푸아 뉴기니,입항,606.0,580.0,26.0
2021,팔라우,입항,24.0,23.0,1.0
2021,페루,입항,19018.0,16821.0,2197.0
2021,포르투갈,입항,3023.0,3017.0,6.0
2021,폴란드,입항,13953.75,13880.75,73.0
2021,푸에르토리코,입항,1793.0,1793.0,0.0
2021,프랑스,입항,38269.5,35578.0,2691.5
2021,프랑스령 기아나,입항,2.0,2.0,0.0
2021,프랑스령 폴리네시아,입항,2463.0,54.0,2409.0
2021,피지,입항,1000.0,204.0,796.0
2021,핀란드,입항,14204.0,13897.0,307.0
2021,필리핀,입항,53752.25,25617.0,28135.25
2021,헝가리,입항,106.0,106.0,0.0
2021,호주,입항,152347.0,71746.0,80601.0
2021,홍콩,입항,57540.0,45603.0,11937.0
2021,가나,출항,3610.0,3610.0,0.0
2021,가봉,출항,37.0,37.0,0.0
2021,가이아나,출항,164.0,164.0,0.0
2021,감비아,출항,8.0,8.0,0.0
2021,과들루프,출항,20.0,20.0,0.0
2021,과테말라,출항,5016.0,4964.0,52.0
2021,괌,출항,2599.75,2395.75,204.0
2021,그레나다,출항,20.0,20.0,0.0
2021,그리스,출항,10463.5,10447.5,16.0
2021,기니,출항,176.0,176.0,0.0
2021,나미비아,출항,58.0,58.0,0.0
2021,나우루,출항,1.0,1.0,0.0
2021,나이지리아,출항,2139.75,2139.75,0.0
2021,남아프리카,출항,4084.0,4083.0,1.0
2021,네덜란드,출항,92975.25,92720.25,255.0
2021,노르웨이,출항,315.25,315.25,0.0
2021,뉴질랜드,출항,14432.0,13405.0,1027.0
2021,뉴칼레도니아,출항,653.0,337.0,316.0
2021,니카라과,출항,482.0,482.0,0.0
2021,대만,출항,135897.75,128918.5,6979.25
2021,대한민국,출항,111735.25,1596.0,110139.25
2021,덴마크,출항,1347.0,1347.0,0.0
2021,도미니카 공화국,출항,2934.0,2530.0,404.0
2021,독일,출항,86322.75,85376.75,946.0
2021,동티모르,출항,2.0,2.0,0.0
2021,라이베리아,출항,132.0,132.0,0.0
2021,라트비아,출항,517.0,517.0,0.0
2021,러시아,출항,160318.5,156997.5,3321.0
2021,레바논,출항,970.75,970.75,0.0
2021,레위니옹,출항,125.0,125.0,0.0
2021,루마니아,출항,2901.5,2891.5,10.0
2021,리비아,출항,1643.25,1643.25,0.0
2021,리투아니아,출항,1682.0,1682.0,0.0
2021,마다가스카르,출항,207.0,207.0,0.0
2021,마르티니크,출항,24.0,24.0,0.0
2021,마샬 제도,출항,538.0,197.0,341.0
2021,마요트,출항,76.0,76.0,0.0
2021,말레이시아,출항,89606.75,88825.75,781.0
2021,멕시코,출항,176086.0,173651.0,2435.0
2021,모로코,출항,3357.75,3347.75,10.0
2021,모리셔스,출항,136.0,136.0,0.0
2021,모리타니,출항,123.0,123.0,0.0
2021,모잠비크,출항,1017.0,1017.0,0.0
2021,몬테네그로,출항,35.0,35.0,0.0
2021,몰디브,출항,82.0,82.0,0.0
2021,몰타,출항,1674.0,1634.0,40.0
2021,미국,출항,910698.75,904022.75,6676.0
2021,미국령 버진아일랜드,출항,5.0,5.0,0.0
2021,미얀마,출항,224.0,224.0,0.0
2021,미크로네시아,출항,320.0,263.0,57.0
2021,바누아투,출항,319.0,111.0,208.0
2021,바레인,출항,556.0,556.0,0.0
2021,바베이도스,출항,21.0,21.0,0.0
2021,바하마,출항,14442.0,100.0,14342.0
2021,방글라데시,출항,2107.0,2107.0,0.0
2021,베냉,출항,80.0,80.0,0.0
2021,베네수엘라,출항,431.0,431.0,0.0
2021,베트남,출항,243607.0,236289.75,7317.25
2021,벨기에,출항,25361.25,25262.25,99.0
2021,벨리즈,출항,34.0,34.0,0.0
2021,북마리아나 제도,출항,1090.0,1056.0,34.0
2021,불가리아,출항,433.0,433.0,0.0
2021,브라질,출항,60081.0,60031.0,50.0
2021,브루나이,출항,5.0,5.0,0.0
2021,사모아,출항,269.0,139.0,130.0
2021,사우디아라비아,출항,39112.0,39092.0,20.0
2021,세네갈,출항,654.0,642.0,12.0
2021,세이셸,출항,134.0,134.0,0.0
2021,세인트루시아,출항,27.0,27.0,0.0
2021,세인트키츠 네비스,출항,3.0,3.0,0.0
2021,소말리아,출항,101.0,101.0,0.0
2021,솔로몬제도,출항,272.0,238.0,34.0
2021,수단,출항,24.0,24.0,0.0
2021,수리남,출항,36.0,36.0,0.0
2021,스리랑카,출항,11074.25,11058.25,16.0
2021,스웨덴,출항,5055.0,5055.0,0.0
2021,스페인,출항,38003.0,36402.0,1601.0
2021,슬로베니아,출항,109109.0,108985.0,124.0
2021,시리아,출항,256.0,256.0,0.0
2021,시에라 리온,출항,54.0,54.0,0.0
2021,싱가포르,출항,74986.0,73029.75,1956.25
2021,아랍에미리트연합국,출항,59437.75,59247.75,190.0
2021,아루바,출항,103.0,103.0,0.0
2021,아르헨티나,출항,6299.0,6198.0,101.0
2021,아메리칸사모아,출항,629.0,629.0,0.0
2021,아이티,출항,181.0,181.0,0.0
2021,아일랜드,출항,366.0,366.0,0.0
2021,알바니아,출항,119.0,119.0,0.0
2021,알제리,출항,1768.25,1758.25,10.0
2021,앙골라,출항,1234.0,1234.0,0.0
2021,앤티가 바부다,출항,1.0,1.0,0.0
2021,앤틸리스제도,출항,52.0,52.0,0.0
2021,에스토니아,출항,389.25,389.25,0.0
2021,에콰도르,출항,19367.0,6669.0,12698.0
2021,엘살바도르,출항,879.0,879.0,0.0
2021,영국,출항,23200.5,22991.5,209.0
2021,영국령 버진아일랜드,출항,3.0,3.0,0.0
2021,예멘,출항,254.0,254.0,0.0
2021,오만,출항,2119.25,2119.25,0.0
2021,온두라스,출항,988.0,690.0,298.0
2021,요르단,출항,2838.0,2838.0,0.0
2021,우루과이,출항,3647.0,3627.0,20.0
2021,우크라이나,출항,1385.25,1367.25,18.0
2021,이라크,출항,1869.5,1869.5,0.0
2021,이란,출항,1044.0,1044.0,0.0
2021,이스라엘,출항,11058.0,10894.0,164.0
2021,이집트,출항,41764.25,41458.25,306.0
2021,이탈리아,출항,46890.75,46791.75,99.0
2021,인도,출항,163915.5,162619.5,1296.0
2021,인도네시아,출항,104197.75,103586.75,611.0
2021,일본,출항,422874.5,340290.25,82584.25
2021,자메이카,출항,2615.0,2207.0,408.0
2021,적도 기니,출항,9.0,9.0,0.0
2021,조지아,출항,157.0,157.0,0.0
2021,중국,출항,1173936.5,669714.75,504221.75
2021,지부티,출항,118.0,118.0,0.0
2021,칠레,출항,23657.0,22340.0,1317.0
2021,카메룬,출항,353.0,353.0,0.0
2021,카보 베르데,출항,5.0,5.0,0.0
2021,카타르,출항,5131.25,4895.25,236.0
2021,캄보디아,출항,4453.0,4453.0,0.0
2021,캐나다,출항,127315.0,127162.0,153.0
2021,케냐,출항,1409.0,1409.0,0.0
2021,케이맨 제도,출항,5.0,5.0,0.0
2021,코모로,출항,1.0,1.0,0.0
2021,코스타리카,출항,1132.0,1098.0,34.0
2021,코트디부아르,출항,870.0,870.0,0.0
2021,콜롬비아,출항,19494.0,17837.0,1657.0
2021,콩고,출항,56.0,56.0,0.0
2021,콩고 민주 공화국,출항,172.0,172.0,0.0
2021,쿠바,출항,71.0,71.0,0.0
2021,쿠웨이트,출항,1412.0,1412.0,0.0
2021,크로아티아,출항,13121.75,13061.75,60.0
2021,키리바시,출항,90.0,90.0,0.0
2021,키프로스,출항,106.0,106.0,0.0
2021,탄자니아,출항,1485.0,1485.0,0.0
2021,태국,출항,96899.25,91040.25,5859.0
2021,토고,출항,4561.0,2505.0,2056.0
2021,통가,출항,4.0,4.0,0.0
2021,튀니지,출항,657.0,657.0,0.0
2021,튀르키예,출항,97455.5,95960.5,1495.0
2021,트리니다드 토바고,출항,467.0,467.0,0.0
2021,파나마,출항,19191.0,14383.0,4808.0
2021,파라과이,출항,61.0,61.0,0.0
2021,파키스탄,출항,19748.5,19732.5,16.0
2021,파푸아 뉴기니,출항,1429.0,1267.0,162.0
2021,팔라우,출항,113.0,85.0,28.0
2021,페루,출항,16462.0,14850.0,1612.0
2021,포르투갈,출항,1954.0,1954.0,0.0
2021,폴란드,출항,5192.75,5190.75,2.0
2021,푸에르토리코,출항,362.0,362.0,0.0
2021,프랑스,출항,16409.75,16163.75,246.0
2021,프랑스령 기아나,출항,16.0,16.0,0.0
2021,프랑스령 폴리네시아,출항,123.0,81.0,42.0
2021,피지,출항,482.0,472.0,10.0
2021,핀란드,출항,605.25,605.25,0.0
2021,필리핀,출항,47394.0,47362.0,32.0
2021,헝가리,출항,28.0,28.0,0.0
2021,호주,출항,61421.25,58501.25,2920.0
2021,홍콩,출항,82646.5,78092.5,4554.0
2021,가나,환적,1235.25,1235.25,0.0
2021,가봉,환적,762.0,762.0,0.0
2021,가이아나,환적,4126.0,4126.0,0.0
2021,감비아,환적,23.0,23.0,0.0
2021,과들루프,환적,97.0,97.0,0.0
2021,과테말라,환적,24513.0,24501.0,12.0
2021,괌,환적,8660.25,7237.25,1423.0
2021,그레나다,환적,161.25,161.25,0.0
2021,그리스,환적,12780.0,11838.25,941.75
2021,기니,환적,120.5,120.5,0.0
2021,나미비아,환적,760.0,760.0,0.0
2021,나우루,환적,167.0,167.0,0.0
2021,나이지리아,환적,3710.0,3710.0,0.0
2021,남아프리카,환적,8648.0,8634.0,14.0
2021,네덜란드,환적,60663.75,60318.75,345.0
2021,노르웨이,환적,2892.0,2892.0,0.0
2021,뉴질랜드,환적,34828.5,33871.5,957.0
2021,뉴칼레도니아,환적,6522.0,6485.0,37.0
2021,니카라과,환적,7469.0,7467.0,2.0
2021,대만,환적,149740.5,146956.75,2783.75
2021,대한민국,환적,308725.0,300970.0,7755.0
2021,덴마크,환적,4097.0,4073.0,24.0
2021,도미니카 공화국,환적,19967.5,19917.5,50.0
2021,도미니카 연방,환적,113.0,113.0,0.0
2021,독일,환적,53350.5,53256.5,94.0
2021,동티모르,환적,143.0,143.0,0.0
2021,라이베리아,환적,27.0,27.0,0.0
2021,라트비아,환적,3639.25,3639.25,0.0
2021,러시아,환적,530390.5,521606.75,8783.75
2021,레바논,환적,3219.25,3219.25,0.0
2021,레위니옹,환적,29.0,29.0,0.0
2021,루마니아,환적,9363.25,9363.25,0.0
2021,리비아,환적,1401.25,1401.25,0.0
2021,리투아니아,환적,1528.0,1427.0,101.0
2021,마다가스카르,환적,371.0,371.0,0.0
2021,마르티니크,환적,180.0,180.0,0.0
2021,마샬 제도,환적,1645.0,1643.0,2.0
2021,마요트,환적,7.0,7.0,0.0
2021,마카오,환적,15.0,15.0,0.0
2021,말레이시아,환적,122977.25,121927.25,1050.0
2021,멕시코,환적,349049.0,346010.25,3038.75
2021,모로코,환적,9980.0,9978.0,2.0
2021,모리셔스,환적,477.0,477.0,0.0
2021,모리타니,환적,251.0,251.0,0.0
2021,모잠비크,환적,1684.0,1684.0,0.0
2021,몬테네그로,환적,131.0,131.0,0.0
2021,몰디브,환적,98.0,98.0,0.0
2021,몰타,환적,737.5,576.5,161.0
2021,미국,환적,1649876.75,1613080.25,36796.5
2021,미국령 버진아일랜드,환적,47.0,47.0,0.0
2021,미얀마,환적,1908.0,1898.0,10.0
2021,미크로네시아,환적,1457.0,1450.0,7.0
2021,바누아투,환적,4522.0,4255.0,267.0
2021,바레인,환적,541.0,541.0,0.0
2021,바베이도스,환적,1024.0,1024.0,0.0
2021,바하마,환적,54160.5,859.0,53301.5
2021,방글라데시,환적,7494.75,7490.75,4.0
2021,버뮤다,환적,2.0,2.0,0.0
2021,베냉,환적,206.0,206.0,0.0
2021,베네수엘라,환적,11877.0,11877.0,0.0
2021,베트남,환적,219084.0,216952.75,2131.25
2021,벨기에,환적,36566.0,36446.0,120.0
2021,벨리즈,환적,1268.0,1268.0,0.0
2021,북마리아나 제도,환적,1730.25,1116.25,614.0
2021,불가리아,환적,1878.0,1878.0,0.0
2021,브라질,환적,130221.0,128868.0,1353.0
2021,브루나이,환적,171.0,171.0,0.0
2021,사모아,환적,3183.0,3183.0,0.0
2021,사우디아라비아,환적,28281.25,27668.25,613.0
2021,상투메 프린시페,환적,2.0,2.0,0.0
2021,세네갈,환적,874.0,874.0,0.0
2021,세이셸,환적,27.0,27.0,0.0
2021,세인트 빈센트 그레나딘,환적,87.0,87.0,0.0
2021,세인트루시아,환적,214.0,214.0,0.0
2021,세인트키츠 네비스,환적,86.0,86.0,0.0
2021,소말리아,환적,69.0,69.0,0.0
2021,솔로몬제도,환적,1668.0,1668.0,0.0
2021,수단,환적,2155.0,2155.0,0.0
2021,수리남,환적,2399.0,2399.0,0.0
2021,스리랑카,환적,4769.0,4731.0,38.0
2021,스웨덴,환적,12026.0,12026.0,0.0
2021,스페인,환적,56063.25,55285.25,778.0
2021,슬로베니아,환적,18016.5,18013.5,3.0
2021,시리아,환적,449.0,449.0,0.0
2021,시에라 리온,환적,145.0,145.0,0.0
2021,싱가포르,환적,93313.5,82322.25,10991.25
2021,아랍에미리트연합국,환적,59885.5,57759.5,2126.0
2021,아루바,환적,225.75,225.75,0.0
2021,아르헨티나,환적,21900.0,21846.0,54.0
2021,아메리칸사모아,환적,1348.0,1348.0,0.0
2021,아이슬란드,환적,58.0,58.0,0.0
2021,아이티,환적,1805.0,1805.0,0.0
2021,아일랜드,환적,1663.0,1663.0,0.0
2021,알바니아,환적,949.0,949.0,0.0
2021,알제리,환적,2540.5,2540.5,0.0
2021,앙골라,환적,108.0,108.0,0.0
2021,앤티가 바부다,환적,170.0,170.0,0.0
2021,앤틸리스제도,환적,474.0,474.0,0.0
2021,앵귈라,환적,6.0,6.0,0.0
2021,에리트레아,환적,8.0,8.0,0.0
2021,에스토니아,환적,1176.0,1176.0,0.0
2021,에콰도르,환적,84479.25,78458.25,6021.0
2021,엘살바도르,환적,7787.5,7779.5,8.0
2021,영국,환적,32629.0,32447.25,181.75
2021,영국령 버진아일랜드,환적,13.0,13.0,0.0
2021,예멘,환적,77.0,77.0,0.0
2021,오만,환적,12121.75,11364.75,757.0
2021,오스트리아,환적,2.0,2.0,0.0
2021,온두라스,환적,6427.75,5965.75,462.0
2021,왈리스 푸투나,환적,2.0,2.0,0.0
2021,요르단,환적,3293.25,3292.25,1.0
2021,우루과이,환적,10304.0,10304.0,0.0
2021,우크라이나,환적,12949.5,12769.5,180.0
2021,원양어획지역,환적,897.0,897.0,0.0
2021,이라크,환적,364.0,364.0,0.0
2021,이란,환적,16.0,16.0,0.0
2021,이스라엘,환적,21031.0,19393.0,1638.0
2021,이집트,환적,28911.0,27639.0,1272.0
2021,이탈리아,환적,66787.75,66185.75,602.0
2021,인도,환적,114604.0,113646.0,958.0
2021,인도네시아,환적,203194.75,203090.75,104.0
2021,일본,환적,1716627.0,1638154.25,78472.75
2021,자메이카,환적,16256.0,16228.0,28.0
2021,적도 기니,환적,189.0,189.0,0.0
2021,조지아,환적,1625.25,1625.25,0.0
2021,중국,환적,3891253.25,3757424.0,133829.25
2021,지부티,환적,474.0,474.0,0.0
2021,지브롤터,환적,4.0,4.0,0.0
2021,칠레,환적,319448.75,315079.75,4369.0
2021,카메룬,환적,594.0,594.0,0.0
2021,카타르,환적,5487.5,5455.5,32.0
2021,캄보디아,환적,6015.25,6015.25,0.0
2021,캐나다,환적,501811.25,500225.75,1585.5
2021,케냐,환적,1589.0,1589.0,0.0
2021,케이맨 제도,환적,102.0,102.0,0.0
2021,코모로,환적,4.0,4.0,0.0
2021,코스타리카,환적,15718.75,15460.75,258.0
2021,코트디부아르,환적,1050.0,1050.0,0.0
2021,콜롬비아,환적,96033.0,94241.75,1791.25
2021,콩고,환적,89.0,89.0,0.0
2021,콩고 민주 공화국,환적,62.0,62.0,0.0
2021,쿠바,환적,4034.0,4034.0,0.0
2021,쿠웨이트,환적,703.0,703.0,0.0
2021,쿡 제도,환적,6.0,6.0,0.0
2021,퀴라소,환적,180.0,180.0,0.0
2021,크로아티아,환적,4482.5,4460.5,22.0
2021,키리바시,환적,2596.0,2596.0,0.0
2021,키프로스,환적,540.0,540.0,0.0
2021,탄자니아,환적,853.0,853.0,0.0
2021,태국,환적,187613.75,186790.75,823.0
2021,토고,환적,349.0,349.0,0.0
2021,통가,환적,1458.0,1458.0,0.0
2021,튀니지,환적,1610.5,1610.5,0.0
2021,튀르키예,환적,76699.25,76307.25,392.0
2021,트리니다드 토바고,환적,5145.0,5145.0,0.0
2021,파나마,환적,56814.75,51857.0,4957.75
2021,파라과이,환적,646.0,646.0,0.0
2021,파키스탄,환적,19377.0,17320.0,2057.0
2021,파푸아 뉴기니,환적,4584.0,4583.0,1.0
2021,팔라우,환적,121.0,121.0,0.0
2021,페로 제도,환적,4.0,4.0,0.0
2021,페루,환적,104738.25,103456.25,1282.0
2021,포르투갈,환적,2507.0,2507.0,0.0
2021,폴란드,환적,4593.5,4593.5,0.0
2021,푸에르토리코,환적,8687.0,8687.0,0.0
2021,프랑스,환적,44652.75,44356.75,296.0
2021,프랑스령 기아나,환적,59.0,59.0,0.0
2021,프랑스령 폴리네시아,환적,1969.0,1747.0,222.0
2021,피지,환적,6447.0,6438.0,9.0
2021,핀란드,환적,16194.0,16194.0,0.0
2021,필리핀,환적,139520.25,137242.25,2278.0
2021,헝가리,환적,8.0,8.0,0.0
2021,호주,환적,113269.0,106698.0,6571.0
2021,홍콩,환적,90232.75,88350.75,1882.0
2022,가나,입항,2526.0,286.0,2240.0
2022,가봉,입항,160.0,160.0,0.0
2022,가이아나,입항,53.0,50.0,3.0
2022,감비아,입항,96.0,96.0,0.0
2022,과들루프,입항,7.0,7.0,0.0
2022,과테말라,입항,5122.0,3836.0,1286.0
2022,괌,입항,12501.0,1004.25,11496.75
2022,그레나다,입항,2.0,2.0,0.0
2022,그리스,입항,6607.25,4114.0,2493.25
2022,기니,입항,780.0,780.0,0.0
2022,기니비사우,입항,14.0,14.0,0.0
2022,나미비아,입항,158.0,158.0,0.0
2022,나이지리아,입항,2529.0,1193.0,1336.0
2022,남아프리카,입항,8444.0,7610.0,834.0
2022,네덜란드,입항,73827.0,68246.0,5581.0
2022,노르웨이,입항,6935.25,6881.25,54.0
2022,뉴질랜드,입항,30793.0,24209.0,6584.0
2022,뉴칼레도니아,입항,3220.0,993.0,2227.0
2022,니카라과,입항,227.0,225.0,2.0
2022,대만,입항,85566.5,51550.0,34016.5
2022,대한민국,입항,68290.0,217.0,68073.0
2022,덴마크,입항,13101.0,13091.0,10.0
2022,도미니카 공화국,입항,3269.0,2549.0,720.0
2022,독일,입항,99673.25,95430.25,4243.0
2022,동티모르,입항,18.0,17.0,1.0
2022,라이베리아,입항,36.0,36.0,0.0
2022,라트비아,입항,6994.0,6994.0,0.0
2022,러시아,입항,136597.0,37107.0,99490.0
2022,레바논,입항,904.0,880.0,24.0
2022,레위니옹,입항,33.0,33.0,0.0
2022,루마니아,입항,5382.0,3380.0,2002.0
2022,리비아,입항,523.0,255.0,268.0
2022,리투아니아,입항,2049.0,2049.0,0.0
2022,마다가스카르,입항,345.0,345.0,0.0
2022,마르티니크,입항,17.0,17.0,0.0
2022,마샬 제도,입항,4827.0,51.0,4776.0
2022,마카오,입항,1.0,1.0,0.0
2022,말레이시아,입항,94098.75,71090.0,23008.75
2022,멕시코,입항,102146.5,34807.0,67339.5
2022,모로코,입항,2755.0,2669.0,86.0
2022,모리셔스,입항,366.0,366.0,0.0
2022,모리타니,입항,354.0,354.0,0.0
2022,모잠비크,입항,1133.0,1133.0,0.0
2022,몬테네그로,입항,1400.0,1400.0,0.0
2022,몰디브,입항,4.0,4.0,0.0
2022,몰타,입항,931.0,81.0,850.0
2022,미국,입항,784513.25,446985.5,337527.75
2022,미얀마,입항,3754.0,3663.0,91.0
2022,미크로네시아,입항,190.0,46.0,144.0
2022,바누아투,입항,2028.0,5.0,2023.0
2022,바레인,입항,2790.0,2790.0,0.0
2022,바베이도스,입항,1.0,1.0,0.0
2022,바하마,입항,1292.0,0.0,1292.0
2022,방글라데시,입항,7794.0,7596.0,198.0
2022,베냉,입항,102.0,2.0,100.0
2022,베네수엘라,입항,880.0,880.0,0.0
2022,베트남,입항,162114.75,148948.25,13166.5
2022,벨기에,입항,43754.0,41923.0,1831.0
2022,벨리즈,입항,4.0,4.0,0.0
2022,북마리아나 제도,입항,4528.5,172.0,4356.5
2022,불가리아,입항,1327.0,1324.0,3.0
2022,브라질,입항,46956.0,31851.0,15105.0
2022,브루나이,입항,10.0,2.0,8.0
2022,사모아,입항,1106.0,15.0,1091.0
2022,사우디아라비아,입항,27214.25,8624.0,18590.25
2022,세네갈,입항,958.0,958.0,0.0
2022,세이셸,입항,79.0,79.0,0.0
2022,세인트루시아,입항,48.0,48.0,0.0
2022,솔로몬제도,입항,148.0,9.0,139.0
2022,수단,입항,113.0,103.0,10.0
2022,수리남,입항,553.0,553.0,0.0
2022,스리랑카,입항,5026.0,3400.0,1626.0
2022,스웨덴,입항,15547.25,15393.25,154.0
2022,스페인,입항,52456.5,48308.25,4148.25
2022,슬로바키아,입항,5.0,5.0,0.0
2022,슬로베니아,입항,13991.25,13009.0,982.25
2022,시리아,입항,18.0,18.0,0.0
2022,시에라 리온,입항,174.0,174.0,0.0
2022,싱가포르,입항,52979.25,31628.75,21350.5
2022,아랍에미리트연합국,입항,61025.75,14075.25,46950.5
2022,아루바,입항,4.0,4.0,0.0
2022,아르헨티나,입항,14074.0,3086.0,10988.0
2022,아메리칸사모아,입항,3998.0,378.0,3620.0
2022,아이슬란드,입항,64.0,64.0,0.0
2022,아이티,입항,143.0,143.0,0.0
2022,아일랜드,입항,3156.0,3035.0,121.0
2022,알바니아,입항,664.0,664.0,0.0
2022,알제리,입항,40.0,40.0,0.0
2022,앙골라,입항,172.0,143.0,29.0
2022,앤티가 바부다,입항,2.0,2.0,0.0
2022,앤틸리스제도,입항,34.0,33.0,1.0
2022,에스토니아,입항,2391.0,2391.0,0.0
2022,에콰도르,입항,11026.0,3033.0,7993.0
2022,엘살바도르,입항,1022.0,1001.0,21.0
2022,영국,입항,20455.0,19666.0,789.0
2022,예멘,입항,2527.0,2185.0,342.0
2022,오만,입항,5459.25,4271.0,1188.25
2022,온두라스,입항,881.0,881.0,0.0
2022,요르단,입항,3663.0,2226.0,1437.0
2022,우루과이,입항,5114.0,1830.0,3284.0
2022,우크라이나,입항,1726.0,1264.0,462.0
2022,이라크,입항,72.0,10.0,62.0
2022,이란,입항,556.0,145.0,411.0
2022,이스라엘,입항,10862.0,5177.0,5685.0
2022,이집트,입항,7238.0,3813.0,3425.0
2022,이탈리아,입항,67366.5,60479.25,6887.25
2022,인도,입항,105394.0,79303.0,26091.0
2022,인도네시아,입항,81565.25,66875.25,14690.0
2022,일본,입항,756854.0,250990.0,505864.0
2022,자메이카,입항,9216.0,204.0,9012.0
2022,적도 기니,입항,10.0,10.0,0.0
2022,조지아,입항,152.0,152.0,0.0
2022,중국,입항,1176160.75,928417.75,247743.0
2022,지부티,입항,1085.0,1085.0,0.0
2022,체코,입항,8.0,8.0,0.0
2022,칠레,입항,61448.0,60411.0,1037.0
2022,카메룬,입항,14.0,14.0,0.0
2022,카보 베르데,입항,7.0,7.0,0.0
2022,카자흐스탄,입항,2.0,2.0,0.0
2022,카타르,입항,5671.5,4805.0,866.5
2022,캄보디아,입항,1761.0,1713.0,48.0
2022,캐나다,입항,118453.25,51998.5,66454.75
2022,케냐,입항,802.0,795.0,7.0
2022,코스타리카,입항,2143.0,2085.0,58.0
2022,코트디부아르,입항,158.0,158.0,0.0
2022,콜롬비아,입항,14595.0,5194.0,9401.0
2022,콩고,입항,30.0,30.0,0.0
2022,콩고 민주 공화국,입항,65.0,65.0,0.0
2022,쿠바,입항,13.0,13.0,0.0
2022,쿠웨이트,입항,702.0,698.0,4.0
2022,퀴라소,입항,4.0,4.0,0.0
2022,크로아티아,입항,2088.0,2074.0,14.0
2022,키리바시,입항,365.0,2.0,363.0
2022,키프로스,입항,144.0,144.0,0.0
2022,탄자니아,입항,3563.0,3563.0,0.0
2022,태국,입항,90377.5,87060.25,3317.25
2022,토고,입항,1335.0,517.0,818.0
2022,통가,입항,1476.0,91.0,1385.0
2022,튀니지,입항,868.0,868.0,0.0
2022,튀르키예,입항,31981.75,20516.25,11465.5
2022,트리니다드 토바고,입항,562.0,562.0,0.0
2022,파나마,입항,56514.5,1787.0,54727.5
2022,파라과이,입항,272.0,206.0,66.0
2022,파키스탄,입항,16088.0,7104.0,8984.0
2022,파푸아 뉴기니,입항,884.0,884.0,0.0
2022,팔라우,입항,41.0,39.0,2.0
2022,페루,입항,18110.0,15257.0,2853.0
2022,포르투갈,입항,3448.0,3448.0,0.0
2022,폴란드,입항,13283.0,13136.0,147.0
2022,푸에르토리코,입항,2732.0,2732.0,0.0
2022,프랑스,입항,38834.25,35466.0,3368.25
2022,프랑스령 기아나,입항,3.0,3.0,0.0
2022,프랑스령 폴리네시아,입항,4378.0,82.0,4296.0
2022,피지,입항,1756.0,258.0,1498.0
2022,핀란드,입항,12599.25,12531.25,68.0
2022,필리핀,입항,71176.75,28240.0,42936.75
2022,헝가리,입항,3.0,3.0,0.0
2022,호주,입항,142809.25,78866.0,63943.25
2022,홍콩,입항,40212.0,36346.0,3866.0
2022,가나,출항,2713.0,2713.0,0.0
2022,가봉,출항,9.0,9.0,0.0
2022,가이아나,출항,177.0,177.0,0.0
2022,감비아,출항,6.0,6.0,0.0
2022,과들루프,출항,50.0,50.0,0.0
2022,과테말라,출항,5984.0,5984.0,0.0
2022,괌,출항,3099.5,3024.5,75.0
2022,그레나다,출항,27.0,27.0,0.0
2022,그리스,출항,10746.0,10746.0,0.0
2022,기니,출항,116.25,116.25,0.0
2022,기니비사우,출항,11.0,11.0,0.0
2022,나미비아,출항,20.0,14.0,6.0
2022,나이지리아,출항,2627.0,2627.0,0.0
2022,남아프리카,출항,3344.0,3344.0,0.0
2022,네덜란드,출항,64172.75,63652.75,520.0
2022,노르웨이,출항,320.0,320.0,0.0
2022,뉴질랜드,출항,14057.0,11565.0,2492.0
2022,뉴칼레도니아,출항,1061.0,357.0,704.0
2022,니카라과,출항,328.0,328.0,0.0
2022,대만,출항,134897.75,124039.5,10858.25
2022,대한민국,출항,121080.0,1910.25,119169.75
2022,덴마크,출항,2035.0,1203.0,832.0
2022,도미니카 공화국,출항,3092.0,3092.0,0.0
2022,도미니카 연방,출항,3.0,3.0,0.0
2022,독일,출항,62987.75,61823.75,1164.0
2022,동티모르,출항,57.0,57.0,0.0
2022,라이베리아,출항,34.0,34.0,0.0
2022,라트비아,출항,356.0,352.0,4.0
2022,러시아,출항,143859.0,142045.0,1814.0
2022,레바논,출항,2059.0,563.0,1496.0
2022,레위니옹,출항,141.0,141.0,0.0
2022,루마니아,출항,2260.0,2244.0,16.0
2022,리비아,출항,2913.0,2913.0,0.0
2022,리투아니아,출항,930.0,930.0,0.0
2022,마다가스카르,출항,160.0,160.0,0.0
2022,마르티니크,출항,45.0,45.0,0.0
2022,마샬 제도,출항,262.0,143.0,119.0
2022,마요트,출항,3.0,3.0,0.0
2022,마카오,출항,2.0,2.0,0.0
2022,말레이시아,출항,88789.5,87130.5,1659.0
2022,멕시코,출항,177809.0,175986.0,1823.0
2022,모로코,출항,2146.0,2146.0,0.0
2022,모리셔스,출항,145.0,145.0,0.0
2022,모리타니,출항,99.0,99.0,0.0
2022,모잠비크,출항,873.0,873.0,0.0
2022,몬테네그로,출항,29.0,29.0,0.0
2022,몰디브,출항,75.0,75.0,0.0
2022,몰타,출항,758.0,758.0,0.0
2022,미국,출항,924209.25,916531.25,7678.0
2022,미국령 버진아일랜드,출항,7.0,7.0,0.0
2022,미얀마,출항,504.0,504.0,0.0
2022,미크로네시아,출항,332.0,244.0,88.0
2022,바누아투,출항,261.0,183.0,78.0
2022,바레인,출항,424.0,424.0,0.0
2022,바베이도스,출항,40.0,40.0,0.0
2022,바하마,출항,8765.0,146.0,8619.0
2022,방글라데시,출항,3833.5,3833.5,0.0
2022,베냉,출항,32.0,32.0,0.0
2022,베네수엘라,출항,441.0,441.0,0.0
2022,베트남,출항,238725.5,222161.75,16563.75
2022,벨기에,출항,22620.75,22436.75,184.0
2022,벨리즈,출항,41.0,41.0,0.0
2022,북마리아나 제도,출항,1019.5,986.5,33.0
2022,불가리아,출항,206.0,206.0,0.0
2022,브라질,출항,56535.0,56453.0,82.0
2022,브루나이,출항,22.0,22.0,0.0
2022,사모아,출항,187.0,144.0,43.0
2022,사우디아라비아,출항,37663.5,37499.5,164.0
2022,상투메 프린시페,출항,4.0,4.0,0.0
2022,세네갈,출항,682.0,682.0,0.0
2022,세이셸,출항,168.0,168.0,0.0
2022,세인트 빈센트 그레나딘,출항,7.0,7.0,0.0
2022,세인트루시아,출항,34.0,34.0,0.0
2022,세인트키츠 네비스,출항,3.0,3.0,0.0
2022,소말리아,출항,86.0,86.0,0.0
2022,솔로몬제도,출항,339.0,219.0,120.0
2022,수단,출항,23.0,23.0,0.0
2022,수리남,출항,27.0,27.0,0.0
2022,스리랑카,출항,12742.25,12442.25,300.0
2022,스웨덴,출항,5215.0,5215.0,0.0
2022,스페인,출항,31222.0,30894.0,328.0
2022,슬로베니아,출항,108583.5,108529.5,54.0
2022,시리아,출항,281.25,281.25,0.0
2022,시에라 리온,출항,62.0,62.0,0.0
2022,싱가포르,출항,68019.25,64884.25,3135.0
2022,아랍에미리트연합국,출항,61862.5,61713.5,149.0
2022,아루바,출항,164.0,164.0,0.0
2022,아르헨티나,출항,6340.0,6118.0,222.0
2022,아메리칸사모아,출항,622.0,622.0,0.0
2022,아이슬란드,출항,23.0,23.0,0.0
2022,아이티,출항,299.0,299.0,0.0
2022,아일랜드,출항,386.0,386.0,0.0
2022,알바니아,출항,59.0,59.0,0.0
2022,알제리,출항,1865.0,1865.0,0.0
2022,앙골라,출항,543.0,543.0,0.0
2022,앤티가 바부다,출항,6.0,6.0,0.0
2022,앤틸리스제도,출항,42.0,42.0,0.0
2022,에리트레아,출항,4.0,4.0,0.0
2022,에스토니아,출항,231.5,231.5,0.0
2022,에콰도르,출항,23184.0,6688.0,16496.0
2022,엘살바도르,출항,680.0,680.0,0.0
2022,영국,출항,10748.75,10748.75,0.0
2022,영국령 버진아일랜드,출항,9.0,9.0,0.0
2022,예멘,출항,93.0,93.0,0.0
2022,오만,출항,2114.0,2114.0,0.0
2022,온두라스,출항,433.0,433.0,0.0
2022,요르단,출항,2879.0,2879.0,0.0
2022,우루과이,출항,2843.0,2843.0,0.0
2022,우크라이나,출항,203.0,197.0,6.0
2022,이라크,출항,3159.75,3159.75,0.0
2022,이란,출항,1971.0,1971.0,0.0
2022,이스라엘,출항,13559.5,12998.5,561.0
2022,이집트,출항,39879.0,39232.0,647.0
2022,이탈리아,출항,57959.0,57743.0,216.0
2022,인도,출항,154496.0,153347.0,1149.0
2022,인도네시아,출항,110966.0,110236.0,730.0
2022,일본,출항,420403.0,338018.0,82385.0
2022,자메이카,출항,1885.0,1884.0,1.0
2022,적도 기니,출항,114.0,114.0,0.0
2022,조지아,출항,157.0,157.0,0.0
2022,중국,출항,1229386.5,640086.0,589300.5
2022,지부티,출항,534.0,534.0,0.0
2022,지브롤터,출항,1.0,1.0,0.0
2022,칠레,출항,26901.0,20636.0,6265.0
2022,카메룬,출항,156.0,156.0,0.0
2022,카타르,출항,4273.75,3837.75,436.0
2022,캄보디아,출항,3579.0,3579.0,0.0
2022,캐나다,출항,122763.5,121990.5,773.0
2022,케냐,출항,1946.0,1946.0,0.0
2022,케이맨 제도,출항,5.0,5.0,0.0
2022,코모로,출항,1.0,1.0,0.0
2022,코스타리카,출항,981.0,981.0,0.0
2022,코트디부아르,출항,560.0,560.0,0.0
2022,콜롬비아,출항,19166.0,18408.0,758.0
2022,콩고,출항,32.0,32.0,0.0
2022,콩고 민주 공화국,출항,116.0,116.0,0.0
2022,쿠바,출항,84.0,84.0,0.0
2022,쿠웨이트,출항,1244.0,1244.0,0.0
2022,크로아티아,출항,17358.0,17358.0,0.0
2022,키리바시,출항,121.0,93.0,28.0
2022,키프로스,출항,115.0,115.0,0.0
2022,탄자니아,출항,1129.0,1129.0,0.0
2022,태국,출항,100523.0,84079.5,16443.5
2022,토고,출항,6010.0,5206.0,804.0
2022,통가,출항,9.0,9.0,0.0
2022,튀니지,출항,736.0,736.0,0.0
2022,튀르키예,출항,79542.5,79498.5,44.0
2022,트리니다드 토바고,출항,592.0,592.0,0.0
2022,파나마,출항,26230.0,14123.0,12107.0
2022,파라과이,출항,47.0,47.0,0.0
2022,파키스탄,출항,14987.75,14987.75,0.0
2022,파푸아 뉴기니,출항,1194.0,1137.0,57.0
2022,팔라우,출항,132.0,96.0,36.0
2022,페루,출항,16037.0,14275.0,1762.0
2022,포르투갈,출항,1564.0,1564.0,0.0
2022,폴란드,출항,8049.0,8049.0,0.0
2022,푸에르토리코,출항,375.0,375.0,0.0
2022,프랑스,출항,13957.0,13704.0,253.0
2022,프랑스령 기아나,출항,7.0,7.0,0.0
2022,프랑스령 폴리네시아,출항,183.0,122.0,61.0
2022,피지,출항,626.0,551.0,75.0
2022,핀란드,출항,381.0,380.0,1.0
2022,필리핀,출항,46023.5,46022.5,1.0
2022,호주,출항,61956.5,57342.5,4614.0
2022,홍콩,출항,67816.0,59004.0,8812.0
2022,가나,환적,2615.0,2613.0,2.0
2022,가봉,환적,807.0,807.0,0.0
2022,가이아나,환적,5836.25,5836.25,0.0
2022,감비아,환적,72.0,72.0,0.0
2022,과들루프,환적,438.0,438.0,0.0
2022,과테말라,환적,29278.25,27842.25,1436.0
2022,괌,환적,8310.75,6674.75,1636.0
2022,그레나다,환적,291.0,291.0,0.0
2022,그리스,환적,9836.0,8884.75,951.25
2022,기니,환적,190.0,190.0,0.0
2022,기니비사우,환적,57.0,57.0,0.0
2022,나미비아,환적,745.0,745.0,0.0
2022,나우루,환적,278.0,278.0,0.0
2022,나이지리아,환적,5255.5,5251.5,4.0
2022,남아프리카,환적,9759.0,9759.0,0.0
2022,네덜란드,환적,42250.0,41037.0,1213.0
2022,노르웨이,환적,2962.25,2962.25,0.0
2022,뉴질랜드,환적,26066.0,25402.0,664.0
2022,뉴칼레도니아,환적,8006.0,7989.0,17.0
2022,니카라과,환적,7396.25,7392.25,4.0
2022,대만,환적,131864.25,126423.75,5440.5
2022,대한민국,환적,308835.5,302826.5,6009.0
2022,덴마크,환적,6353.0,5649.0,704.0
2022,도미니카 공화국,환적,27124.0,27074.0,50.0
2022,도미니카 연방,환적,160.0,160.0,0.0
2022,독일,환적,45741.75,43399.75,2342.0
2022,동티모르,환적,166.0,166.0,0.0
2022,라이베리아,환적,151.0,151.0,0.0
2022,라트비아,환적,5382.0,5382.0,0.0
2022,러시아,환적,354351.25,351342.25,3009.0
2022,레바논,환적,2512.75,2508.75,4.0
2022,레위니옹,환적,166.0,166.0,0.0
2022,루마니아,환적,11989.75,11989.75,0.0
2022,리비아,환적,1632.75,1632.75,0.0
2022,리투아니아,환적,1561.0,1561.0,0.0
2022,마다가스카르,환적,541.0,541.0,0.0
2022,마르티니크,환적,429.0,429.0,0.0
2022,마샬 제도,환적,970.0,970.0,0.0
2022,마요트,환적,20.0,20.0,0.0
2022,마카오,환적,7.0,7.0,0.0
2022,말레이시아,환적,127536.5,125542.5,1994.0
2022,멕시코,환적,363015.75,356618.25,6397.5
2022,모로코,환적,4745.25,4711.25,34.0
2022,모리셔스,환적,427.0,427.0,0.0
2022,모리타니,환적,461.5,461.5,0.0
2022,모잠비크,환적,2221.0,2221.0,0.0
2022,몬테네그로,환적,84.0,84.0,0.0
2022,몰디브,환적,425.0,425.0,0.0
2022,몰타,환적,1640.25,290.25,1350.0
2022,미국,환적,1686186.0,1652630.75,33555.25
2022,미국령 버진아일랜드,환적,104.0,104.0,0.0
2022,미얀마,환적,3140.0,3138.0,2.0
2022,미크로네시아,환적,1224.0,1213.0,11.0
2022,바누아투,환적,4089.0,3775.0,314.0
2022,바레인,환적,1093.0,1093.0,0.0
2022,바베이도스,환적,2352.0,2352.0,0.0
2022,바하마,환적,68463.75,1369.0,67094.75
2022,방글라데시,환적,8208.0,8175.0,33.0
2022,베냉,환적,701.0,701.0,0.0
2022,베네수엘라,환적,12851.0,12851.0,0.0
2022,베트남,환적,257122.5,253897.25,3225.25
2022,벨기에,환적,28320.5,28224.5,96.0
2022,벨리즈,환적,754.0,754.0,0.0
2022,북마리아나 제도,환적,1909.25,1277.25,632.0
2022,불가리아,환적,2006.25,2006.25,0.0
2022,브라질,환적,131611.0,130050.0,1561.0
2022,브루나이,환적,73.0,73.0,0.0
2022,사모아,환적,3058.0,3045.0,13.0
2022,사우디아라비아,환적,33792.75,30413.25,3379.5
2022,세네갈,환적,3203.0,3203.0,0.0
2022,세이셸,환적,89.0,89.0,0.0
2022,세인트 빈센트 그레나딘,환적,192.0,192.0,0.0
2022,세인트루시아,환적,405.0,405.0,0.0
2022,세인트키츠 네비스,환적,124.0,124.0,0.0
2022,소말리아,환적,185.0,185.0,0.0
2022,솔로몬제도,환적,1981.0,1981.0,0.0
2022,수단,환적,1377.0,1377.0,0.0
2022,수리남,환적,3005.0,3005.0,0.0
2022,스리랑카,환적,3945.0,3939.0,6.0
2022,스웨덴,환적,15018.0,15006.0,12.0
2022,스위스,환적,4.0,4.0,0.0
2022,스페인,환적,45496.5,44091.75,1404.75
2022,슬로베니아,환적,16243.75,16243.75,0.0
2022,시리아,환적,563.0,563.0,0.0
2022,시에라 리온,환적,125.0,125.0,0.0
2022,싱가포르,환적,94552.0,75166.25,19385.75
2022,아랍에미리트연합국,환적,69666.25,67703.25,1963.0
2022,아루바,환적,585.25,585.25,0.0
2022,아르헨티나,환적,27043.0,26915.0,128.0
2022,아메리칸사모아,환적,1767.0,1767.0,0.0
2022,아이슬란드,환적,108.0,108.0,0.0
2022,아이티,환적,1886.0,1886.0,0.0
2022,아일랜드,환적,1377.25,1377.25,0.0
2022,알바니아,환적,709.25,709.25,0.0
2022,알제리,환적,2953.75,2948.75,5.0
2022,앙골라,환적,634.0,634.0,0.0
2022,앤티가 바부다,환적,254.25,254.25,0.0
2022,앤틸리스제도,환적,781.5,781.5,0.0
2022,앵귈라,환적,25.0,25.0,0.0
2022,에리트레아,환적,2.0,2.0,0.0
2022,에스토니아,환적,2315.0,2315.0,0.0
2022,에콰도르,환적,103648.0,97562.0,6086.0
2022,에티오피아,환적,2.0,2.0,0.0
2022,엘살바도르,환적,7677.5,7677.5,0.0
2022,영국,환적,16716.75,16386.75,330.0
2022,영국령 버진아일랜드,환적,46.0,46.0,0.0
2022,예멘,환적,191.0,191.0,0.0
2022,오만,환적,13093.5,12893.5,200.0
2022,온두라스,환적,8662.75,8662.75,0.0
2022,왈리스 푸투나,환적,3.0,3.0,0.0
2022,요르단,환적,5109.25,5106.0,3.25
2022,우간다,환적,21.0,21.0,0.0
2022,우루과이,환적,14610.0,14328.0,282.0
2022,우크라이나,환적,4868.0,4868.0,0.0
2022,원양어획지역,환적,1500.0,1500.0,0.0
2022,이라크,환적,904.0,704.0,200.0
2022,이란,환적,77.0,77.0,0.0
2022,이스라엘,환적,23780.5,23274.5,506.0
2022,이집트,환적,18812.25,18704.25,108.0
2022,이탈리아,환적,64394.25,63479.25,915.0
2022,인도,환적,125467.25,123669.25,1798.0
2022,인도네시아,환적,200990.5,200255.5,735.0
2022,일본,환적,1788389.25,1695512.25,92877.0
2022,자메이카,환적,24568.75,24565.75,3.0
2022,적도 기니,환적,38.0,38.0,0.0
2022,조지아,환적,2853.75,2853.75,0.0
2022,중국,환적,3539634.0,3342965.25,196668.75
2022,지부티,환적,1162.0,1062.0,100.0
2022,체코,환적,7.0,7.0,0.0
2022,칠레,환적,274842.5,267179.5,7663.0
2022,카메룬,환적,926.0,926.0,0.0
2022,카보 베르데,환적,11.0,11.0,0.0
2022,카타르,환적,5419.5,5417.5,2.0
2022,캄보디아,환적,7527.25,7527.25,0.0
2022,캐나다,환적,434748.0,431981.75,2766.25
2022,케냐,환적,2239.0,2239.0,0.0
2022,케이맨 제도,환적,259.25,259.25,0.0
2022,코모로,환적,15.0,15.0,0.0
2022,코스타리카,환적,13686.0,11924.0,1762.0
2022,코트디부아르,환적,1580.0,1580.0,0.0
2022,콜롬비아,환적,85359.5,85000.5,359.0
2022,콩고,환적,116.0,116.0,0.0
2022,콩고 민주 공화국,환적,139.0,139.0,0.0
2022,쿠바,환적,5711.0,5711.0,0.0
2022,쿠웨이트,환적,911.0,911.0,0.0
2022,쿡 제도,환적,32.0,32.0,0.0
2022,퀴라소,환적,272.0,272.0,0.0
2022,크로아티아,환적,5399.25,5399.25,0.0
2022,키리바시,환적,1916.0,1914.0,2.0
2022,키프로스,환적,417.0,417.0,0.0
2022,탄자니아,환적,2708.25,2708.25,0.0
2022,태국,환적,199416.25,198137.75,1278.5
2022,토고,환적,862.0,862.0,0.0
2022,통가,환적,1391.0,1387.0,4.0
2022,투발루,환적,13.0,13.0,0.0
2022,튀니지,환적,1626.0,1626.0,0.0
2022,튀르키예,환적,71639.25,71045.25,594.0
2022,트리니다드 토바고,환적,8103.25,8093.25,10.0
2022,파나마,환적,67576.0,60139.5,7436.5
2022,파라과이,환적,986.0,986.0,0.0
2022,파키스탄,환적,17484.5,16419.5,1065.0
2022,파푸아 뉴기니,환적,3569.0,3509.0,60.0
2022,팔라우,환적,73.0,73.0,0.0
2022,페로 제도,환적,6.0,6.0,0.0
2022,페루,환적,98490.5,95985.5,2505.0
2022,포르투갈,환적,2221.0,2221.0,0.0
2022,폴란드,환적,2743.0,2743.0,0.0
2022,푸에르토리코,환적,7809.0,7801.0,8.0
2022,프랑스,환적,41811.75,41390.75,421.0
2022,프랑스령 기아나,환적,244.0,244.0,0.0
2022,프랑스령 폴리네시아,환적,2974.0,2945.0,29.0
2022,피지,환적,7774.0,7711.0,63.0
2022,핀란드,환적,14136.0,14136.0,0.0
2022,필리핀,환적,129499.25,124392.25,5107.0
2022,헝가리,환적,16.0,16.0,0.0
2022,호주,환적,97648.0,93655.0,3993.0
2022,홍콩,환적,71599.0,70412.0,1187.0
2023,가나,입항,2670.0,511.0,2159.0
2023,가봉,입항,61.0,61.0,0.0
2023,가이아나,입항,15.0,1.0,14.0
2023,감비아,입항,103.0,103.0,0.0
2023,과들루프,입항,4.0,4.0,0.0
2023,과테말라,입항,3824.0,2796.0,1028.0
2023,괌,입항,11275.25,1013.5,10261.75
2023,그레나다,입항,4.0,4.0,0.0
2023,그리스,입항,14533.5,3416.0,11117.5
2023,기니,입항,705.0,705.0,0.0
2023,기니비사우,입항,6.0,6.0,0.0
2023,나미비아,입항,65.0,65.0,0.0
2023,나이지리아,입항,3454.0,1424.0,2030.0
2023,남아프리카,입항,7137.0,6955.0,182.0
2023,네덜란드,입항,87316.5,56934.5,30382.0
2023,노르웨이,입항,5090.25,5090.25,0.0
2023,뉴질랜드,입항,34214.0,24073.0,10141.0
2023,뉴칼레도니아,입항,2978.0,825.0,2153.0
2023,니카라과,입항,315.0,287.0,28.0
2023,대만,입항,89855.25,42740.0,47115.25
2023,대한민국,입항,72041.0,45.0,71996.0
2023,덴마크,입항,12539.0,12458.0,81.0
2023,도미니카 공화국,입항,2128.0,1744.0,384.0
2023,독일,입항,102020.0,91240.0,10780.0
2023,동티모르,입항,14.0,11.0,3.0
2023,라이베리아,입항,67.0,67.0,0.0
2023,라트비아,입항,7161.0,7161.0,0.0
2023,러시아,입항,128199.0,36251.0,91948.0
2023,레바논,입항,936.0,901.0,35.0
2023,레위니옹,입항,28.0,28.0,0.0
2023,루마니아,입항,2656.75,2614.75,42.0
2023,리비아,입항,835.0,835.0,0.0
2023,리투아니아,입항,1857.0,1857.0,0.0
2023,마다가스카르,입항,550.0,550.0,0.0
2023,마르티니크,입항,31.0,31.0,0.0
2023,마샬 제도,입항,3608.0,26.0,3582.0
2023,마요트,입항,2.0,2.0,0.0
2023,마카오,입항,1.0,1.0,0.0
2023,말레이시아,입항,100393.75,54570.0,45823.75
2023,멕시코,입항,178959.0,32453.0,146506.0
2023,모로코,입항,4544.0,2201.0,2343.0
2023,모리셔스,입항,116.0,116.0,0.0
2023,모리타니,입항,359.0,359.0,0.0
2023,모잠비크,입항,1237.0,1237.0,0.0
2023,몬테네그로,입항,1627.0,1627.0,0.0
2023,몰타,입항,284.0,72.0,212.0
2023,미국,입항,751097.0,414906.5,336190.5
2023,미얀마,입항,3455.0,3371.0,84.0
2023,미크로네시아,입항,128.0,62.0,66.0
2023,바누아투,입항,2392.0,4.0,2388.0
2023,바레인,입항,1721.0,1721.0,0.0
2023,바하마,입항,2954.0,0.0,2954.0
2023,방글라데시,입항,8439.75,7140.75,1299.0
2023,베네수엘라,입항,366.0,366.0,0.0
2023,베트남,입항,156915.5,140821.25,16094.25
2023,벨기에,입항,44682.25,39345.25,5337.0
2023,북마리아나 제도,입항,2246.0,302.0,1944.0
2023,불가리아,입항,1032.0,1027.0,5.0
2023,브라질,입항,57886.0,31650.0,26236.0
2023,브루나이,입항,32.0,32.0,0.0
2023,사모아,입항,935.0,11.0,924.0
2023,사우디아라비아,입항,49319.5,8164.5,41155.0
2023,세네갈,입항,860.0,860.0,0.0
2023,세이셸,입항,106.0,106.0,0.0
2023,세인트루시아,입항,32.0,32.0,0.0
2023,소말리아,입항,5.0,5.0,0.0
2023,솔로몬제도,입항,146.0,13.0,133.0
2023,수단,입항,62.0,62.0,0.0
2023,수리남,입항,783.0,783.0,0.0
2023,스리랑카,입항,3504.0,3137.0,367.0
2023,스웨덴,입항,15163.5,15163.5,0.0
2023,스페인,입항,52991.75,34157.75,18834.0
2023,슬로바키아,입항,14.0,14.0,0.0
2023,슬로베니아,입항,13780.25,13663.25,117.0
2023,시리아,입항,5.0,5.0,0.0
2023,시에라 리온,입항,182.0,182.0,0.0
2023,싱가포르,입항,74247.5,32758.0,41489.5
2023,아랍에미리트연합국,입항,61896.5,13145.0,48751.5
2023,아루바,입항,8.0,8.0,0.0
2023,아르헨티나,입항,17225.0,2933.0,14292.0
2023,아메리칸사모아,입항,4055.0,357.0,3698.0
2023,아이슬란드,입항,85.0,85.0,0.0
2023,아이티,입항,44.0,44.0,0.0
2023,아일랜드,입항,2913.0,2716.0,197.0
2023,알바니아,입항,20.0,20.0,0.0
2023,알제리,입항,59.0,6.0,53.0
2023,앙골라,입항,85.0,84.0,1.0
2023,앤티가 바부다,입항,2.0,2.0,0.0
2023,앤틸리스제도,입항,54.0,54.0,0.0
2023,에스토니아,입항,2755.0,2747.0,8.0
2023,에콰도르,입항,11268.0,3990.0,7278.0
2023,엘살바도르,입항,925.0,909.0,16.0
2023,영국,입항,28014.25,16942.25,11072.0
2023,예멘,입항,668.0,668.0,0.0
2023,오만,입항,7833.25,5091.0,2742.25
2023,오스트리아,입항,16.0,16.0,0.0
2023,온두라스,입항,550.0,543.0,7.0
2023,요르단,입항,6695.0,1491.0,5204.0
2023,우루과이,입항,4091.0,1208.0,2883.0
2023,원양어획지역,입항,24.0,24.0,0.0
2023,이라크,입항,770.0,1.0,769.0
2023,이란,입항,55.0,15.0,40.0
2023,이스라엘,입항,34896.75,5612.0,29284.75
2023,이집트,입항,13409.0,2711.0,10698.0
2023,이탈리아,입항,61040.25,52521.25,8519.0
2023,인도,입항,99908.5,71389.25,28519.25
2023,인도네시아,입항,89659.75,61432.25,28227.5
2023,일본,입항,645989.5,228349.0,417640.5
2023,자메이카,입항,10403.0,34.0,10369.0
2023,적도 기니,입항,14.0,14.0,0.0
2023,조지아,입항,205.0,205.0,0.0
2023,중국,입항,1310101.25,1016530.25,293571.0
2023,지부티,입항,2086.0,952.0,1134.0
2023,체코,입항,171.0,171.0,0.0
2023,칠레,입항,61458.0,58164.0,3294.0
2023,카메룬,입항,39.0,39.0,0.0
2023,카보 베르데,입항,12.0,12.0,0.0
2023,카타르,입항,5882.5,4373.0,1509.5
2023,캄보디아,입항,1715.0,1714.0,1.0
2023,캐나다,입항,119008.25,47120.25,71888.0
2023,케냐,입항,731.0,657.0,74.0
2023,코스타리카,입항,4029.0,3694.0,335.0
2023,코트디부아르,입항,283.0,133.0,150.0
2023,콜롬비아,입항,23011.0,4031.0,18980.0
2023,콩고,입항,277.0,27.0,250.0
2023,콩고 민주 공화국,입항,22.0,22.0,0.0
2023,쿠바,입항,39.0,39.0,0.0
2023,쿠웨이트,입항,881.0,818.0,63.0
2023,퀴라소,입항,41.0,40.0,1.0
2023,크로아티아,입항,2335.25,2239.25,96.0
2023,키리바시,입항,38.0,4.0,34.0
2023,키프로스,입항,233.0,233.0,0.0
2023,탄자니아,입항,2890.0,2876.0,14.0
2023,태국,입항,92095.5,87630.0,4465.5
2023,토고,입항,2077.0,398.0,1679.0
2023,통가,입항,1152.0,48.0,1104.0
2023,튀니지,입항,1038.0,917.0,121.0
2023,튀르키예,입항,25641.5,19609.5,6032.0
2023,트리니다드 토바고,입항,95.0,88.0,7.0
2023,파나마,입항,17593.25,1052.0,16541.25
2023,파라과이,입항,198.0,198.0,0.0
2023,파키스탄,입항,16117.75,6861.0,9256.75
2023,파푸아 뉴기니,입항,1287.0,784.0,503.0
2023,팔라우,입항,23.0,21.0,2.0
2023,페로 제도,입항,13.0,13.0,0.0
2023,페루,입항,26407.0,20572.0,5835.0
2023,포르투갈,입항,5030.0,4985.0,45.0
2023,폴란드,입항,14470.25,14256.25,214.0
2023,푸에르토리코,입항,1233.0,1215.0,18.0
2023,프랑스,입항,36389.25,27805.25,8584.0
2023,프랑스령 기아나,입항,4.0,4.0,0.0
2023,프랑스령 폴리네시아,입항,4085.0,88.0,3997.0
2023,피지,입항,1854.0,205.0,1649.0
2023,핀란드,입항,10700.0,10628.0,72.0
2023,필리핀,입항,123259.0,29744.0,93515.0
2023,헝가리,입항,2.0,2.0,0.0
2023,호주,입항,137153.75,69810.0,67343.75
2023,홍콩,입항,40451.0,30934.0,9517.0
2023,가나,출항,3197.0,3197.0,0.0
2023,가봉,출항,17.0,17.0,0.0
2023,가이아나,출항,280.0,280.0,0.0
2023,감비아,출항,3.0,3.0,0.0
2023,과들루프,출항,40.0,40.0,0.0
2023,과테말라,출항,8076.0,8059.0,17.0
2023,괌,출항,3955.25,3735.25,220.0
2023,그레나다,출항,20.0,20.0,0.0
2023,그리스,출항,14060.0,14060.0,0.0
2023,기니,출항,130.0,130.0,0.0
2023,기니비사우,출항,1.0,1.0,0.0
2023,나미비아,출항,24.0,24.0,0.0
2023,나우루,출항,5.0,5.0,0.0
2023,나이지리아,출항,5629.0,5629.0,0.0
2023,남아프리카,출항,4295.0,4295.0,0.0
2023,네덜란드,출항,63668.0,63538.0,130.0
2023,네팔,출항,5.0,5.0,0.0
2023,노르웨이,출항,911.0,907.0,4.0
2023,뉴질랜드,출항,15320.0,12114.0,3206.0
2023,뉴칼레도니아,출항,741.0,275.0,466.0
2023,니카라과,출항,170.0,170.0,0.0
2023,대만,출항,113281.0,103805.0,9476.0
2023,대한민국,출항,125503.0,3813.0,121690.0
2023,덴마크,출항,1614.75,975.0,639.75
2023,도미니카 공화국,출항,4255.0,4255.0,0.0
2023,독일,출항,66705.25,65562.25,1143.0
2023,동티모르,출항,32.0,32.0,0.0
2023,라오스,출항,1.0,1.0,0.0
2023,라이베리아,출항,34.0,34.0,0.0
2023,라트비아,출항,724.0,724.0,0.0
2023,러시아,출항,172822.0,170427.0,2395.0
2023,레바논,출항,372.0,372.0,0.0
2023,레위니옹,출항,174.0,174.0,0.0
2023,루마니아,출항,1651.0,1641.0,10.0
2023,리비아,출항,2123.0,2123.0,0.0
2023,리투아니아,출항,3107.25,3107.25,0.0
2023,마다가스카르,출항,226.0,226.0,0.0
2023,마르티니크,출항,74.0,74.0,0.0
2023,마샬 제도,출항,215.0,161.0,54.0
2023,마요트,출항,31.0,31.0,0.0
2023,마카오,출항,4.0,4.0,0.0
2023,말레이시아,출항,85288.0,83680.75,1607.25
2023,멕시코,출항,190792.0,184235.0,6557.0
2023,모로코,출항,8403.0,8363.0,40.0
2023,모리셔스,출항,240.0,240.0,0.0
2023,모리타니,출항,41.0,41.0,0.0
2023,모잠비크,출항,1021.0,1021.0,0.0
2023,몬테네그로,출항,39.0,39.0,0.0
2023,몰디브,출항,97.0,97.0,0.0
2023,몰타,출항,625.0,625.0,0.0
2023,미국,출항,1025095.0,1016830.0,8265.0
2023,미국령 버진아일랜드,출항,3.0,3.0,0.0
2023,미얀마,출항,843.0,843.0,0.0
2023,미크로네시아,출항,348.0,241.0,107.0
2023,바누아투,출항,230.0,230.0,0.0
2023,바레인,출항,436.0,436.0,0.0
2023,바베이도스,출항,25.0,25.0,0.0
2023,바하마,출항,7521.0,328.0,7193.0
2023,방글라데시,출항,7526.5,7526.5,0.0
2023,베냉,출항,119.0,119.0,0.0
2023,베네수엘라,출항,260.0,259.0,1.0
2023,베트남,출항,211413.5,187477.25,23936.25
2023,벨기에,출항,25984.75,25846.75,138.0
2023,벨리즈,출항,62.0,62.0,0.0
2023,북마리아나 제도,출항,1057.25,1014.25,43.0
2023,불가리아,출항,324.0,324.0,0.0
2023,브라질,출항,43849.0,43399.0,450.0
2023,브루나이,출항,18.0,18.0,0.0
2023,사모아,출항,618.0,193.0,425.0
2023,사우디아라비아,출항,52822.5,52798.5,24.0
2023,상투메 프린시페,출항,7.0,7.0,0.0
2023,세네갈,출항,708.0,708.0,0.0
2023,세이셸,출항,113.0,113.0,0.0
2023,세인트 빈센트 그레나딘,출항,9.0,9.0,0.0
2023,세인트루시아,출항,42.0,42.0,0.0
2023,세인트키츠 네비스,출항,1.0,1.0,0.0
2023,소말리아,출항,87.0,87.0,0.0
2023,솔로몬제도,출항,214.0,202.0,12.0
2023,수단,출항,76.0,76.0,0.0
2023,수리남,출항,68.0,68.0,0.0
2023,스리랑카,출항,7559.0,7559.0,0.0
2023,스웨덴,출항,6797.0,6797.0,0.0
2023,스페인,출항,40220.0,39904.0,316.0
2023,슬로베니아,출항,106232.25,106158.25,74.0
2023,시리아,출항,113.25,113.25,0.0
2023,시에라 리온,출항,85.0,85.0,0.0
2023,싱가포르,출항,67669.0,65026.0,2643.0
2023,아랍에미리트연합국,출항,61494.0,61387.0,107.0
2023,아루바,출항,145.0,145.0,0.0
2023,아르헨티나,출항,4843.0,4623.0,220.0
2023,아메리칸사모아,출항,724.0,711.0,13.0
2023,아이슬란드,출항,68.0,68.0,0.0
2023,아이티,출항,195.0,195.0,0.0
2023,아일랜드,출항,480.0,479.0,1.0
2023,알바니아,출항,119.0,119.0,0.0
2023,알제리,출항,1995.25,1995.25,0.0
2023,앙골라,출항,952.25,952.25,0.0
2023,앤티가 바부다,출항,8.0,8.0,0.0
2023,앤틸리스제도,출항,108.0,108.0,0.0
2023,에리트레아,출항,3.0,3.0,0.0
2023,에스토니아,출항,173.0,173.0,0.0
2023,에콰도르,출항,19308.5,7176.5,12132.0
2023,엘살바도르,출항,366.0,366.0,0.0
2023,영국,출항,22937.25,22793.25,144.0
2023,영국령 버진아일랜드,출항,4.0,4.0,0.0
2023,예멘,출항,203.0,203.0,0.0
2023,오만,출항,11888.5,11860.5,28.0
2023,온두라스,출항,524.0,524.0,0.0
2023,요르단,출항,4432.0,4432.0,0.0
2023,우루과이,출항,2789.0,2789.0,0.0
2023,우크라이나,출항,78.0,78.0,0.0
2023,원양어획지역,출항,6.0,6.0,0.0
2023,이라크,출항,3421.25,3420.25,1.0
2023,이란,출항,4657.0,4657.0,0.0
2023,이스라엘,출항,13945.25,13447.25,498.0
2023,이집트,출항,43996.0,43985.0,11.0
2023,이탈리아,출항,70368.75,70130.75,238.0
2023,인도,출항,166956.25,166206.25,750.0
2023,인도네시아,출항,106196.75,105804.75,392.0
2023,일본,출항,448352.5,319041.5,129311.0
2023,자메이카,출항,4257.0,3993.0,264.0
2023,적도 기니,출항,191.0,191.0,0.0
2023,조지아,출항,167.0,167.0,0.0
2023,중국,출항,1232089.0,584883.25,647205.75
2023,지부티,출항,486.0,486.0,0.0
2023,칠레,출항,28255.0,21665.0,6590.0
2023,카메룬,출항,402.0,402.0,0.0
2023,카타르,출항,5833.5,5192.5,641.0
2023,캄보디아,출항,4021.0,3811.0,210.0
2023,캐나다,출항,118063.75,117970.75,93.0
2023,케냐,출항,2595.0,2595.0,0.0
2023,케이맨 제도,출항,7.0,7.0,0.0
2023,코스타리카,출항,548.0,548.0,0.0
2023,코트디부아르,출항,3803.25,3775.25,28.0
2023,콜롬비아,출항,20936.0,17569.0,3367.0
2023,콩고,출항,626.0,626.0,0.0
2023,콩고 민주 공화국,출항,551.0,551.0,0.0
2023,쿠바,출항,551.0,551.0,0.0
2023,쿠웨이트,출항,1113.0,1113.0,0.0
2023,크로아티아,출항,6990.0,6990.0,0.0
2023,키리바시,출항,79.0,79.0,0.0
2023,키프로스,출항,129.0,129.0,0.0
2023,탄자니아,출항,2496.0,2496.0,0.0
2023,태국,출항,94222.5,78632.5,15590.0
2023,토고,출항,7619.0,7619.0,0.0
2023,통가,출항,12.0,2.0,10.0
2023,튀니지,출항,876.0,868.0,8.0
2023,튀르키예,출항,109357.5,109351.5,6.0
2023,트리니다드 토바고,출항,663.0,663.0,0.0
2023,파나마,출항,36637.25,21849.25,14788.0
2023,파라과이,출항,22.0,22.0,0.0
2023,파키스탄,출항,13248.0,13248.0,0.0
2023,파푸아 뉴기니,출항,1173.0,1119.0,54.0
2023,팔라우,출항,100.0,64.0,36.0
2023,페루,출항,18175.0,14141.0,4034.0
2023,포르투갈,출항,1386.0,1386.0,0.0
2023,폴란드,출항,14007.0,13993.0,14.0
2023,푸에르토리코,출항,70.0,70.0,0.0
2023,프랑스,출항,20288.75,19911.75,377.0
2023,프랑스령 기아나,출항,20.0,20.0,0.0
2023,프랑스령 폴리네시아,출항,430.0,70.0,360.0
2023,피지,출항,697.0,440.0,257.0
2023,핀란드,출항,382.0,382.0,0.0
2023,필리핀,출항,43855.25,43737.25,118.0
2023,호주,출항,67217.0,62099.0,5118.0
2023,홍콩,출항,48660.0,44490.0,4170.0
2023,가나,환적,4450.5,4450.5,0.0
2023,가봉,환적,1837.0,1837.0,0.0
2023,가이아나,환적,10319.0,10314.0,5.0
2023,감비아,환적,172.0,172.0,0.0
2023,과들루프,환적,515.0,515.0,0.0
2023,과테말라,환적,36123.5,35569.5,554.0
2023,괌,환적,10935.25,6973.25,3962.0
2023,그레나다,환적,707.0,575.0,132.0
2023,그리스,환적,15839.0,15396.75,442.25
2023,기니,환적,942.5,942.5,0.0
2023,기니비사우,환적,55.0,55.0,0.0
2023,나미비아,환적,1452.0,1452.0,0.0
2023,나우루,환적,117.0,117.0,0.0
2023,나이지리아,환적,6835.0,6827.0,8.0
2023,남아프리카,환적,11300.0,11297.0,3.0
2023,네덜란드,환적,37845.5,35020.5,2825.0
2023,노르웨이,환적,1876.0,1876.0,0.0
2023,뉴질랜드,환적,24697.0,24436.0,261.0
2023,뉴칼레도니아,환적,4965.0,4921.0,44.0
2023,니카라과,환적,9322.25,9262.25,60.0
2023,대만,환적,137419.75,122380.75,15039.0
2023,대한민국,환적,301393.5,292058.5,9335.0
2023,덴마크,환적,7698.0,7698.0,0.0
2023,도미니카 공화국,환적,47750.25,47740.25,10.0
2023,도미니카 연방,환적,100.0,100.0,0.0
2023,독일,환적,43351.75,42583.75,768.0
2023,동티모르,환적,114.0,114.0,0.0
2023,라이베리아,환적,470.0,470.0,0.0
2023,라트비아,환적,4144.0,4144.0,0.0
2023,러시아,환적,255123.0,250289.0,4834.0
2023,레바논,환적,718.5,718.5,0.0
2023,레위니옹,환적,44.0,44.0,0.0
2023,루마니아,환적,9881.25,9881.25,0.0
2023,리비아,환적,1978.5,1978.5,0.0
2023,리투아니아,환적,2303.5,2285.5,18.0
2023,마다가스카르,환적,344.0,344.0,0.0
2023,마르티니크,환적,407.0,407.0,0.0
2023,마샬 제도,환적,1238.0,1212.0,26.0
2023,마요트,환적,22.0,22.0,0.0
2023,마카오,환적,4.0,4.0,0.0
2023,말레이시아,환적,149202.5,148074.5,1128.0
2023,멕시코,환적,513977.5,483013.5,30964.0
2023,모로코,환적,17940.25,17819.25,121.0
2023,모리셔스,환적,667.0,667.0,0.0
2023,모리타니,환적,1737.75,1737.75,0.0
2023,모잠비크,환적,1845.0,1845.0,0.0
2023,몬세라트,환적,6.0,6.0,0.0
2023,몬테네그로,환적,298.75,298.75,0.0
2023,몰디브,환적,716.0,716.0,0.0
2023,몰타,환적,443.25,443.25,0.0
2023,미국,환적,1717971.25,1657311.5,60659.75
2023,미국령 버진아일랜드,환적,79.0,79.0,0.0
2023,미얀마,환적,4934.0,4894.0,40.0
2023,미크로네시아,환적,1583.0,1570.0,13.0
2023,바누아투,환적,4870.0,4642.0,228.0
2023,바레인,환적,2109.0,2109.0,0.0
2023,바베이도스,환적,2073.0,2073.0,0.0
2023,바하마,환적,114243.0,2517.0,111726.0
2023,방글라데시,환적,9283.5,9283.5,0.0
2023,베냉,환적,765.0,765.0,0.0
2023,베네수엘라,환적,24125.25,24125.25,0.0
2023,베트남,환적,284313.0,283067.0,1246.0
2023,벨기에,환적,26659.0,26233.0,426.0
2023,벨리즈,환적,632.0,632.0,0.0
2023,북마리아나 제도,환적,1180.75,1020.75,160.0
2023,불가리아,환적,1925.0,1925.0,0.0
2023,브라질,환적,130746.0,128753.0,1993.0
2023,브루나이,환적,149.0,149.0,0.0
2023,사모아,환적,3370.0,3337.0,33.0
2023,사우디아라비아,환적,31326.25,29455.25,1871.0
2023,상투메 프린시페,환적,6.0,6.0,0.0
2023,세네갈,환적,3362.0,3362.0,0.0
2023,세르비아,환적,6.0,6.0,0.0
2023,세이셸,환적,253.0,253.0,0.0
2023,세인트 빈센트 그레나딘,환적,135.0,135.0,0.0
2023,세인트루시아,환적,640.25,640.25,0.0
2023,세인트키츠 네비스,환적,101.25,101.25,0.0
2023,소말리아,환적,213.0,213.0,0.0
2023,솔로몬제도,환적,920.0,920.0,0.0
2023,수단,환적,1273.0,1273.0,0.0
2023,수리남,환적,4156.25,4156.25,0.0
2023,스리랑카,환적,4906.25,4836.25,70.0
2023,스웨덴,환적,18932.0,18932.0,0.0
2023,스위스,환적,1.0,1.0,0.0
2023,스페인,환적,58059.5,51715.5,6344.0
2023,슬로바키아,환적,3.0,3.0,0.0
2023,슬로베니아,환적,13739.5,13739.5,0.0
2023,시리아,환적,204.25,204.25,0.0
2023,시에라 리온,환적,853.0,853.0,0.0
2023,싱가포르,환적,94435.25,82012.75,12422.5
2023,아랍에미리트연합국,환적,80662.5,77693.5,2969.0
2023,아루바,환적,795.5,795.5,0.0
2023,아르헨티나,환적,21608.0,20439.0,1169.0
2023,아메리칸사모아,환적,1252.0,1252.0,0.0
2023,아이슬란드,환적,594.0,594.0,0.0
2023,아이티,환적,2917.25,2917.25,0.0
2023,아일랜드,환적,1973.0,1973.0,0.0
2023,알바니아,환적,578.0,578.0,0.0
2023,알제리,환적,4850.0,4850.0,0.0
2023,앙골라,환적,703.0,703.0,0.0
2023,앤티가 바부다,환적,319.0,319.0,0.0
2023,앤틸리스제도,환적,1354.25,1354.25,0.0
2023,앵귈라,환적,2.0,2.0,0.0
2023,에리트레아,환적,1.0,1.0,0.0
2023,에스토니아,환적,1404.0,1404.0,0.0
2023,에콰도르,환적,130331.25,126070.25,4261.0
2023,엘살바도르,환적,13964.5,13884.5,80.0
2023,영국,환적,36071.75,36027.75,44.0
2023,영국령 버진아일랜드,환적,77.0,77.0,0.0
2023,예멘,환적,785.5,785.5,0.0
2023,오만,환적,9378.75,9361.5,17.25
2023,오스트리아,환적,1.0,1.0,0.0
2023,온두라스,환적,10114.25,10114.25,0.0
2023,왈리스 푸투나,환적,8.0,8.0,0.0
2023,요르단,환적,5491.25,5049.75,441.5
2023,우루과이,환적,11885.0,11369.0,516.0
2023,우크라이나,환적,273.0,273.0,0.0
2023,원양어획지역,환적,1044.0,1044.0,0.0
2023,이라크,환적,521.25,521.25,0.0
2023,이란,환적,102.0,102.0,0.0
2023,이스라엘,환적,17343.25,16815.25,528.0
2023,이집트,환적,23605.5,23112.0,493.5
2023,이탈리아,환적,74202.5,73733.5,469.0
2023,인도,환적,144797.0,143916.75,880.25
2023,인도네시아,환적,221990.75,221569.75,421.0
2023,일본,환적,1764466.0,1658904.75,105561.25
2023,자메이카,환적,30840.5,30526.5,314.0
2023,적도 기니,환적,7.0,7.0,0.0
2023,조지아,환적,16120.0,16120.0,0.0
2023,중국,환적,3711802.5,3538175.5,173627.0
2023,지부티,환적,1413.25,961.25,452.0
2023,체코,환적,18.0,18.0,0.0
2023,칠레,환적,317592.75,305727.75,11865.0
2023,카메룬,환적,1978.0,1978.0,0.0
2023,카보 베르데,환적,32.0,32.0,0.0
2023,카타르,환적,4644.25,4358.25,286.0
2023,캄보디아,환적,10409.25,10409.25,0.0
2023,캐나다,환적,417581.25,411609.25,5972.0
2023,케냐,환적,3262.0,3262.0,0.0
2023,케이맨 제도,환적,356.0,356.0,0.0
2023,코모로,환적,61.0,61.0,0.0
2023,코스타리카,환적,16268.0,16150.0,118.0
2023,코트디부아르,환적,3140.0,3140.0,0.0
2023,콜롬비아,환적,102953.5,99123.5,3830.0
2023,콩고,환적,411.0,411.0,0.0
2023,콩고 민주 공화국,환적,757.0,753.0,4.0
2023,쿠바,환적,8120.0,8120.0,0.0
2023,쿠웨이트,환적,910.0,897.0,13.0
2023,쿡 제도,환적,17.0,17.0,0.0
2023,퀴라소,환적,67.0,67.0,0.0
2023,크로아티아,환적,9103.5,9103.5,0.0
2023,키리바시,환적,2489.0,2489.0,0.0
2023,키프로스,환적,1436.0,1436.0,0.0
2023,탄자니아,환적,4564.25,4544.25,20.0
2023,태국,환적,218357.75,217453.75,904.0
2023,토고,환적,1637.25,1637.25,0.0
2023,통가,환적,1707.0,1705.0,2.0
2023,투발루,환적,10.0,10.0,0.0
2023,튀니지,환적,1325.25,1325.25,0.0
2023,튀르키예,환적,78084.0,77471.0,613.0
2023,트리니다드 토바고,환적,12530.75,12524.75,6.0
2023,파나마,환적,75127.0,68679.25,6447.75
2023,파라과이,환적,3354.0,3354.0,0.0
2023,파키스탄,환적,15819.75,15279.75,540.0
2023,파푸아 뉴기니,환적,3136.0,3065.0,71.0
2023,팔라우,환적,263.0,263.0,0.0
2023,페로 제도,환적,16.0,16.0,0.0
2023,페루,환적,129021.5,122858.5,6163.0
2023,포르투갈,환적,2885.0,2885.0,0.0
2023,폴란드,환적,4406.0,4394.0,12.0
2023,푸에르토리코,환적,10871.5,10871.5,0.0
2023,프랑스,환적,35465.5,35098.5,367.0
2023,프랑스령 기아나,환적,257.0,257.0,0.0
2023,프랑스령 폴리네시아,환적,1163.0,1156.0,7.0
2023,피지,환적,3473.0,3455.0,18.0
2023,핀란드,환적,11253.0,11253.0,0.0
2023,필리핀,환적,139283.5,122856.5,16427.0
2023,헝가리,환적,1.0,1.0,0.0
2023,호주,환적,99928.25,92969.25,6959.0
2023,홍콩,환적,61384.75,60775.75,609.0
2024,가나,입항,3000.0,511.0,2489.0
2024,가봉,입항,12.0,12.0,0.0
2024,가이아나,입항,9.0,9.0,0.0
2024,감비아,입항,151.0,151.0,0.0
2024,과테말라,입항,3648.0,3276.0,372.0
2024,괌,입항,12938.75,672.5,12266.25
2024,그레나다,입항,2.0,2.0,0.0
2024,그리스,입항,7201.0,2317.0,4884.0
2024,기니,입항,475.0,475.0,0.0
2024,기니비사우,입항,10.0,10.0,0.0
2024,나미비아,입항,67.0,67.0,0.0
2024,나이지리아,입항,2553.0,1783.0,770.0
2024,남아프리카,입항,8956.0,8901.0,55.0
2024,네덜란드,입항,84044.25,64868.25,19176.0
2024,노르웨이,입항,6351.0,6346.0,5.0
2024,뉴질랜드,입항,34736.0,24717.0,10019.0
2024,뉴칼레도니아,입항,2125.0,371.0,1754.0
2024,니카라과,입항,347.0,144.0,203.0
2024,대만,입항,101895.75,42936.25,58959.5
2024,대한민국,입항,83113.0,5.0,83108.0
2024,덴마크,입항,12538.25,12110.25,428.0
2024,도미니카 공화국,입항,2312.0,1446.0,866.0
2024,독일,입항,91140.75,87473.75,3667.0
2024,동티모르,입항,3.0,3.0,0.0
2024,라이베리아,입항,14.0,14.0,0.0
2024,라트비아,입항,8130.0,8124.0,6.0
2024,러시아,입항,130221.0,28219.0,102002.0
2024,레바논,입항,861.0,861.0,0.0
2024,레위니옹,입항,23.0,23.0,0.0
2024,루마니아,입항,2680.25,2668.25,12.0
2024,리비아,입항,790.0,790.0,0.0
2024,리투아니아,입항,3354.5,3354.5,0.0
2024,마다가스카르,입항,410.0,410.0,0.0
2024,마르티니크,입항,4.0,4.0,0.0
2024,마샬 제도,입항,3075.0,46.0,3029.0
2024,마요트,입항,1.0,1.0,0.0
2024,마카오,입항,2.0,2.0,0.0
2024,말레이시아,입항,80875.75,53044.25,27831.5
2024,멕시코,입항,191591.0,32211.0,159380.0
2024,모로코,입항,4417.0,1235.0,3182.0
2024,모리셔스,입항,164.0,164.0,0.0
2024,모리타니,입항,480.0,480.0,0.0
2024,모잠비크,입항,1082.0,1082.0,0.0
2024,몬테네그로,입항,1142.0,1142.0,0.0
2024,몰디브,입항,1.0,1.0,0.0
2024,몰타,입항,1704.0,107.0,1597.0
2024,미국,입항,901699.75,420650.0,481049.75
2024,미얀마,입항,2188.0,2178.0,10.0
2024,미크로네시아,입항,72.0,20.0,52.0
2024,바누아투,입항,2028.0,6.0,2022.0
2024,바레인,입항,2505.0,2473.0,32.0
2024,바베이도스,입항,1.0,1.0,0.0
2024,바하마,입항,1429.0,0.0,1429.0
2024,방글라데시,입항,4385.0,4294.0,91.0
2024,베냉,입항,30.0,30.0,0.0
2024,베네수엘라,입항,217.0,217.0,0.0
2024,베트남,입항,185013.75,154560.75,30453.0
2024,벨기에,입항,39853.5,37502.5,2351.0
2024,북마리아나 제도,입항,2843.25,199.0,2644.25
2024,불가리아,입항,1408.0,1408.0,0.0
2024,브라질,입항,40384.0,32459.0,7925.0
2024,브루나이,입항,38.0,34.0,4.0
2024,사모아,입항,2602.0,15.0,2587.0
2024,사우디아라비아,입항,24922.5,7481.0,17441.5
2024,세네갈,입항,970.0,970.0,0.0
2024,세이셸,입항,17.0,17.0,0.0
2024,세인트 빈센트 그레나딘,입항,1.0,1.0,0.0
2024,세인트루시아,입항,3.0,3.0,0.0
2024,소말리아,입항,79.0,25.0,54.0
2024,솔로몬제도,입항,24.0,18.0,6.0
2024,수단,입항,22.0,22.0,0.0
2024,수리남,입항,546.0,546.0,0.0
2024,스리랑카,입항,3746.0,3331.0,415.0
2024,스웨덴,입항,13873.5,13873.5,0.0
2024,스위스,입항,2.0,2.0,0.0
2024,스페인,입항,49162.25,32107.0,17055.25
2024,슬로베니아,입항,11190.75,11128.75,62.0
2024,시리아,입항,2.0,2.0,0.0
2024,시에라 리온,입항,145.0,145.0,0.0
2024,싱가포르,입항,59034.25,31757.25,27277.0
2024,아랍에미리트연합국,입항,68071.0,15228.0,52843.0
2024,아루바,입항,18.0,18.0,0.0
2024,아르헨티나,입항,4054.0,3481.0,573.0
2024,아메리칸사모아,입항,3196.0,364.0,2832.0
2024,아이슬란드,입항,124.0,124.0,0.0
2024,아이티,입항,14.0,14.0,0.0
2024,아일랜드,입항,2856.0,2640.0,216.0
2024,알바니아,입항,9.0,9.0,0.0
2024,알제리,입항,59.0,59.0,0.0
2024,앙골라,입항,21.0,21.0,0.0
2024,앤틸리스제도,입항,42.0,42.0,0.0
2024,에스토니아,입항,2597.0,2593.0,4.0
2024,에콰도르,입항,22404.0,10132.0,12272.0
2024,엘살바도르,입항,1121.0,838.0,283.0
2024,영국,입항,23133.5,17131.5,6002.0
2024,예멘,입항,894.0,781.0,113.0
2024,오만,입항,6180.75,4364.0,1816.75
2024,오스트리아,입항,185.0,185.0,0.0
2024,온두라스,입항,707.0,707.0,0.0
2024,요르단,입항,2401.0,1878.0,523.0
2024,우루과이,입항,1058.0,918.0,140.0
2024,우크라이나,입항,23.0,23.0,0.0
2024,이라크,입항,2364.0,182.0,2182.0
2024,이란,입항,99.0,99.0,0.0
2024,이스라엘,입항,23828.5,6255.0,17573.5
2024,이집트,입항,9390.75,2673.0,6717.75
2024,이탈리아,입항,65734.0,55273.25,10460.75
2024,인도,입항,108985.0,73598.5,35386.5
2024,인도네시아,입항,87943.5,68025.75,19917.75
2024,일본,입항,674401.0,230539.0,443862.0
2024,자메이카,입항,8642.0,8.0,8634.0
2024,적도 기니,입항,10.0,10.0,0.0
2024,조지아,입항,263.0,260.0,3.0
2024,중국,입항,1278576.5,1091363.5,187213.0
2024,지부티,입항,3753.0,1356.0,2397.0
2024,체코,입항,69.0,69.0,0.0
2024,칠레,입항,68868.0,62743.0,6125.0
2024,카메룬,입항,96.0,96.0,0.0
2024,카보 베르데,입항,8.0,8.0,0.0
2024,카타르,입항,4456.75,4189.0,267.75
2024,캄보디아,입항,2139.0,2033.0,106.0
2024,캐나다,입항,110124.0,46632.75,63491.25
2024,케냐,입항,654.0,622.0,32.0
2024,코스타리카,입항,3178.0,3118.0,60.0
2024,코트디부아르,입항,1280.0,972.0,308.0
2024,콜롬비아,입항,22058.0,3793.0,18265.0
2024,콩고,입항,9.0,9.0,0.0
2024,콩고 민주 공화국,입항,12.0,12.0,0.0
2024,쿠바,입항,27.0,27.0,0.0
2024,쿠웨이트,입항,729.0,320.0,409.0
2024,퀴라소,입항,2.0,2.0,0.0
2024,크로아티아,입항,1549.0,1547.0,2.0
2024,키리바시,입항,886.0,8.0,878.0
2024,키프로스,입항,152.0,152.0,0.0
2024,탄자니아,입항,4106.0,4106.0,0.0
2024,태국,입항,99452.75,89662.0,9790.75
2024,토고,입항,2369.0,732.0,1637.0
2024,통가,입항,703.0,6.0,697.0
2024,튀니지,입항,775.0,731.0,44.0
2024,튀르키예,입항,28903.5,19633.75,9269.75
2024,트리니다드 토바고,입항,476.0,476.0,0.0
2024,파나마,입항,28745.0,1055.0,27690.0
2024,파라과이,입항,165.0,165.0,0.0
2024,파키스탄,입항,9911.0,5753.0,4158.0
2024,파푸아 뉴기니,입항,2105.0,902.0,1203.0
2024,팔라우,입항,38.0,37.0,1.0
2024,페로 제도,입항,40.0,40.0,0.0
2024,페루,입항,20327.0,15017.0,5310.0
2024,포르투갈,입항,3986.0,3851.0,135.0
2024,폴란드,입항,14911.25,13587.25,1324.0
2024,푸에르토리코,입항,973.0,964.0,9.0
2024,프랑스,입항,28665.5,25865.5,2800.0
2024,프랑스령 기아나,입항,4.0,4.0,0.0
2024,프랑스령 폴리네시아,입항,4717.0,71.0,4646.0
2024,피지,입항,975.0,165.0,810.0
2024,핀란드,입항,10281.0,10210.0,71.0
2024,필리핀,입항,94013.0,31277.0,62736.0
2024,헝가리,입항,103.0,103.0,0.0
2024,호주,입항,161687.0,70779.0,90908.0
2024,홍콩,입항,32715.25,27331.25,5384.0
2024,가나,출항,2338.0,2338.0,0.0
2024,가봉,출항,27.0,27.0,0.0
2024,가이아나,출항,179.0,179.0,0.0
2024,감비아,출항,11.0,11.0,0.0
2024,과들루프,출항,36.0,36.0,0.0
2024,과테말라,출항,6983.0,6983.0,0.0
2024,괌,출항,1373.75,1281.75,92.0
2024,그레나다,출항,25.0,25.0,0.0
2024,그리스,출항,9663.0,9661.0,2.0
2024,기니,출항,71.0,71.0,0.0
2024,기니비사우,출항,13.0,13.0,0.0
2024,나미비아,출항,12.0,12.0,0.0
2024,나우루,출항,4.0,4.0,0.0
2024,나이지리아,출항,4336.0,4336.0,0.0
2024,남아프리카,출항,3867.0,3075.0,792.0
2024,네덜란드,출항,69907.5,69695.5,212.0
2024,노르웨이,출항,465.0,465.0,0.0
2024,뉴질랜드,출항,16632.0,13234.0,3398.0
2024,뉴칼레도니아,출항,777.0,183.0,594.0
2024,니카라과,출항,124.0,124.0,0.0
2024,대만,출항,108900.0,99436.0,9464.0
2024,대한민국,출항,96960.25,3581.0,93379.25
2024,덴마크,출항,792.0,792.0,0.0
2024,도미니카 공화국,출항,3078.0,3077.0,1.0
2024,독일,출항,68734.25,68280.25,454.0
2024,동티모르,출항,142.0,142.0,0.0
2024,라이베리아,출항,21.0,21.0,0.0
2024,라트비아,출항,263.0,263.0,0.0
2024,러시아,출항,110826.0,110508.0,318.0
2024,레바논,출항,532.0,532.0,0.0
2024,레위니옹,출항,140.0,140.0,0.0
2024,루마니아,출항,1117.25,1117.25,0.0
2024,리비아,출항,1887.0,1886.0,1.0
2024,리투아니아,출항,1055.0,1055.0,0.0
2024,마다가스카르,출항,142.0,142.0,0.0
2024,마르티니크,출항,63.0,63.0,0.0
2024,마샬 제도,출항,230.0,168.0,62.0
2024,마요트,출항,6.0,6.0,0.0
2024,마카오,출항,3.0,3.0,0.0
2024,말레이시아,출항,86641.0,83919.0,2722.0
2024,멕시코,출항,198348.0,194774.0,3574.0
2024,모로코,출항,8437.25,8430.25,7.0
2024,모리셔스,출항,193.0,193.0,0.0
2024,모리타니,출항,37.0,37.0,0.0
2024,모잠비크,출항,1166.0,1166.0,0.0
2024,몬테네그로,출항,40.0,40.0,0.0
2024,몰디브,출항,79.0,79.0,0.0
2024,몰타,출항,295.0,295.0,0.0
2024,미국,출항,1095045.25,1087596.25,7449.0
2024,미국령 버진아일랜드,출항,4.0,4.0,0.0
2024,미얀마,출항,674.0,674.0,0.0
2024,미크로네시아,출항,305.0,189.0,116.0
2024,바누아투,출항,247.0,237.0,10.0
2024,바레인,출항,398.0,398.0,0.0
2024,바베이도스,출항,49.0,49.0,0.0
2024,바하마,출항,1183.25,160.0,1023.25
2024,방글라데시,출항,5215.0,5215.0,0.0
2024,베냉,출항,159.0,159.0,0.0
2024,베네수엘라,출항,349.0,349.0,0.0
2024,베트남,출항,223474.5,212218.25,11256.25
2024,벨기에,출항,23313.0,22579.0,734.0
2024,벨리즈,출항,40.0,40.0,0.0
2024,북마리아나 제도,출항,558.5,539.5,19.0
2024,불가리아,출항,234.0,234.0,0.0
2024,브라질,출항,35003.25,34988.25,15.0
2024,브루나이,출항,13.0,13.0,0.0
2024,사모아,출항,449.0,154.0,295.0
2024,사우디아라비아,출항,41017.75,41015.75,2.0
2024,세네갈,출항,342.0,342.0,0.0
2024,세이셸,출항,60.0,60.0,0.0
2024,세인트 빈센트 그레나딘,출항,4.0,4.0,0.0
2024,세인트루시아,출항,31.0,31.0,0.0
2024,세인트키츠 네비스,출항,1.0,1.0,0.0
2024,소말리아,출항,41.0,41.0,0.0
2024,솔로몬제도,출항,196.0,190.0,6.0
2024,수단,출항,73.0,73.0,0.0
2024,수리남,출항,27.0,27.0,0.0
2024,스리랑카,출항,3528.0,3528.0,0.0
2024,스웨덴,출항,5892.0,5892.0,0.0
2024,스페인,출항,40597.5,40151.5,446.0
2024,슬로베니아,출항,83949.75,83927.75,22.0
2024,시리아,출항,126.0,126.0,0.0
2024,시에라 리온,출항,37.0,37.0,0.0
2024,싱가포르,출항,65296.25,62594.25,2702.0
2024,아랍에미리트연합국,출항,65143.0,65015.0,128.0
2024,아루바,출항,55.0,55.0,0.0
2024,아르헨티나,출항,1289.0,1289.0,0.0
2024,아메리칸사모아,출항,742.0,742.0,0.0
2024,아이슬란드,출항,122.0,122.0,0.0
2024,아이티,출항,148.0,148.0,0.0
2024,아일랜드,출항,280.0,280.0,0.0
2024,알바니아,출항,79.25,79.25,0.0
2024,알제리,출항,1165.25,1165.25,0.0
2024,앙골라,출항,683.25,683.25,0.0
2024,앤티가 바부다,출항,26.0,26.0,0.0
2024,앤틸리스제도,출항,48.0,48.0,0.0
2024,에리트레아,출항,2.0,2.0,0.0
2024,에스토니아,출항,139.0,139.0,0.0
2024,에콰도르,출항,17708.0,5370.0,12338.0
2024,엘살바도르,출항,412.0,412.0,0.0
2024,영국,출항,25536.25,25495.25,41.0
2024,영국령 버진아일랜드,출항,6.0,6.0,0.0
2024,예멘,출항,141.0,141.0,0.0
2024,오만,출항,8014.0,8012.0,2.0
2024,온두라스,출항,247.0,247.0,0.0
2024,요르단,출항,1454.25,1454.25,0.0
2024,우루과이,출항,620.0,620.0,0.0
2024,우크라이나,출항,136.0,136.0,0.0
2024,이라크,출항,2333.25,2333.25,0.0
2024,이란,출항,5504.0,5504.0,0.0
2024,이스라엘,출항,15803.25,14816.25,987.0
2024,이집트,출항,36088.25,36088.25,0.0
2024,이탈리아,출항,65823.75,64832.75,991.0
2024,인도,출항,174775.25,173995.25,780.0
2024,인도네시아,출항,98681.5,97615.5,1066.0
2024,일본,출항,411319.25,320977.25,90342.0
2024,자메이카,출항,2038.0,2038.0,0.0
2024,적도 기니,출항,31.0,31.0,0.0
2024,조지아,출항,194.0,194.0,0.0
2024,중국,출항,1433559.5,665158.25,768401.25
2024,지부티,출항,178.0,178.0,0.0
2024,칠레,출항,38123.0,22601.0,15522.0
2024,카메룬,출항,172.0,172.0,0.0
2024,카타르,출항,5880.0,5439.0,441.0
2024,캄보디아,출항,3494.0,3494.0,0.0
2024,캐나다,출항,126347.0,125308.0,1039.0
2024,케냐,출항,1658.0,1658.0,0.0
2024,케이맨 제도,출항,9.0,9.0,0.0
2024,코모로,출항,2.0,2.0,0.0
2024,코스타리카,출항,696.0,696.0,0.0
2024,코트디부아르,출항,1719.25,1719.25,0.0
2024,콜롬비아,출항,23287.0,19596.0,3691.0
2024,콩고,출항,221.0,221.0,0.0
2024,콩고 민주 공화국,출항,243.0,243.0,0.0
2024,쿠바,출항,302.0,302.0,0.0
2024,쿠웨이트,출항,1040.0,1040.0,0.0
2024,크로아티아,출항,2143.0,2143.0,0.0
2024,키리바시,출항,94.0,93.0,1.0
2024,키프로스,출항,98.0,98.0,0.0
2024,탄자니아,출항,1293.0,1293.0,0.0
2024,태국,출항,92852.25,86749.25,6103.0
2024,토고,출항,4744.0,4519.0,225.0
2024,통가,출항,9.0,9.0,0.0
2024,투발루,출항,1.0,1.0,0.0
2024,튀니지,출항,681.0,681.0,0.0
2024,튀르키예,출항,100143.75,100042.75,101.0
2024,트리니다드 토바고,출항,553.0,553.0,0.0
2024,파나마,출항,46885.0,22070.0,24815.0
2024,파라과이,출항,73.0,73.0,0.0
2024,파키스탄,출항,20824.0,20824.0,0.0
2024,파푸아 뉴기니,출항,1512.0,1465.0,47.0
2024,팔라우,출항,81.0,66.0,15.0
2024,페루,출항,19225.0,14007.0,5218.0
2024,포르투갈,출항,1122.0,1122.0,0.0
2024,폴란드,출항,10559.0,10533.0,26.0
2024,푸에르토리코,출항,183.0,183.0,0.0
2024,프랑스,출항,19482.5,19301.5,181.0
2024,프랑스령 기아나,출항,22.0,22.0,0.0
2024,프랑스령 폴리네시아,출항,190.0,65.0,125.0
2024,피지,출항,609.0,476.0,133.0
2024,핀란드,출항,301.0,301.0,0.0
2024,필리핀,출항,48453.25,48385.25,68.0
2024,호주,출항,67513.25,62273.25,5240.0
2024,홍콩,출항,46874.0,44418.0,2456.0
2024,가나,환적,6127.5,6074.5,53.0
2024,가봉,환적,2867.0,2867.0,0.0
2024,가이아나,환적,6357.0,6352.0,5.0
2024,감비아,환적,302.0,302.0,0.0
2024,과들루프,환적,618.0,618.0,0.0
2024,과테말라,환적,53065.25,52451.25,614.0
2024,괌,환적,8592.0,3970.0,4622.0
2024,그레나다,환적,287.0,287.0,0.0
2024,그리스,환적,24763.5,21122.75,3640.75
2024,기니,환적,1897.0,1897.0,0.0
2024,기니비사우,환적,84.0,84.0,0.0
2024,나미비아,환적,2294.0,2294.0,0.0
2024,나우루,환적,172.0,172.0,0.0
2024,나이지리아,환적,7826.75,7825.75,1.0
2024,남아프리카,환적,21269.0,19930.0,1339.0
2024,네덜란드,환적,36338.25,33177.25,3161.0
2024,노르웨이,환적,1442.5,1442.5,0.0
2024,뉴질랜드,환적,35189.0,34252.0,937.0
2024,뉴칼레도니아,환적,3236.0,3052.0,184.0
2024,니우에,환적,3.0,3.0,0.0
2024,니카라과,환적,11054.25,10465.25,589.0
2024,대만,환적,131424.25,111321.25,20103.0
2024,대한민국,환적,329529.0,314938.0,14591.0
2024,덴마크,환적,4100.0,4100.0,0.0
2024,도미니카 공화국,환적,38321.25,38300.25,21.0
2024,도미니카 연방,환적,170.0,170.0,0.0
2024,독일,환적,39605.75,37848.75,1757.0
2024,동티모르,환적,70.0,70.0,0.0
2024,라이베리아,환적,401.75,401.75,0.0
2024,라트비아,환적,3546.0,3546.0,0.0
2024,러시아,환적,226781.0,224722.0,2059.0
2024,레바논,환적,2642.0,2642.0,0.0
2024,레위니옹,환적,130.0,126.0,4.0
2024,루마니아,환적,14834.75,14834.75,0.0
2024,리비아,환적,2020.5,2020.5,0.0
2024,리투아니아,환적,876.0,874.0,2.0
2024,마다가스카르,환적,795.0,795.0,0.0
2024,마르티니크,환적,416.0,416.0,0.0
2024,마샬 제도,환적,1571.0,1484.0,87.0
2024,마요트,환적,3.0,3.0,0.0
2024,마카오,환적,1.0,1.0,0.0
2024,말레이시아,환적,157974.0,155995.0,1979.0
2024,멕시코,환적,550060.25,521381.0,28679.25
2024,모로코,환적,24547.5,24426.5,121.0
2024,모리셔스,환적,1546.25,621.25,925.0
2024,모리타니,환적,1340.25,1340.25,0.0
2024,모잠비크,환적,3027.0,3027.0,0.0
2024,몬세라트,환적,2.0,2.0,0.0
2024,몬테네그로,환적,303.0,303.0,0.0
2024,몰디브,환적,418.0,418.0,0.0
2024,몰타,환적,872.0,872.0,0.0
2024,미국,환적,2058044.75,1949273.5,108771.25
2024,미국령 버진아일랜드,환적,34.0,34.0,0.0
2024,미얀마,환적,4039.25,4039.25,0.0
2024,미크로네시아,환적,1840.0,1837.0,3.0
2024,바누아투,환적,5690.0,5573.0,117.0
2024,바레인,환적,1988.0,1988.0,0.0
2024,바베이도스,환적,999.0,999.0,0.0
2024,바하마,환적,154249.25,2528.75,151720.5
2024,방글라데시,환적,8717.5,8717.5,0.0
2024,베냉,환적,1122.0,1122.0,0.0
2024,베네수엘라,환적,23846.5,23844.5,2.0
2024,베트남,환적,386899.0,381654.75,5244.25
2024,벨기에,환적,18801.0,18219.0,582.0
2024,벨리즈,환적,376.0,376.0,0.0
2024,북마리아나 제도,환적,1528.25,504.25,1024.0
2024,북마케도니아,환적,2.0,2.0,0.0
2024,불가리아,환적,3652.25,3652.25,0.0
2024,브라질,환적,121430.0,117137.0,4293.0
2024,브루나이,환적,51.0,51.0,0.0
2024,사모아,환적,3812.0,3670.0,142.0
2024,사우디아라비아,환적,27727.25,25953.25,1774.0
2024,상투메 프린시페,환적,63.0,63.0,0.0
2024,세네갈,환적,2933.25,2933.25,0.0
2024,세이셸,환적,181.0,181.0,0.0
2024,세인트 빈센트 그레나딘,환적,102.0,102.0,0.0
2024,세인트루시아,환적,354.0,354.0,0.0
2024,세인트키츠 네비스,환적,93.0,93.0,0.0
2024,소말리아,환적,127.0,125.0,2.0
2024,솔로몬제도,환적,758.0,758.0,0.0
2024,수단,환적,217.0,217.0,0.0
2024,수리남,환적,4122.25,4114.25,8.0
2024,스리랑카,환적,8663.5,7569.0,1094.5
2024,스웨덴,환적,18133.5,18133.5,0.0
2024,스페인,환적,56834.5,52160.0,4674.5
2024,슬로베니아,환적,14572.25,14572.25,0.0
2024,시리아,환적,936.5,935.5,1.0
2024,시에라 리온,환적,680.25,680.25,0.0
2024,신트마르턴,환적,2.0,2.0,0.0
2024,싱가포르,환적,92960.75,81785.25,11175.5
2024,아랍에미리트연합국,환적,83895.75,79508.0,4387.75
2024,아루바,환적,508.0,508.0,0.0
2024,아르헨티나,환적,10243.0,9939.0,304.0
2024,아메리칸사모아,환적,1295.0,1160.0,135.0
2024,아이슬란드,환적,268.0,268.0,0.0
2024,아이티,환적,3020.0,3020.0,0.0
2024,아일랜드,환적,1635.25,1635.25,0.0
2024,알바니아,환적,1232.0,1232.0,0.0
2024,알제리,환적,3689.0,3688.0,1.0
2024,앙골라,환적,2174.25,2174.25,0.0
2024,앤티가 바부다,환적,196.0,196.0,0.0
2024,앤틸리스제도,환적,705.0,705.0,0.0
2024,에리트레아,환적,51.0,0.0,51.0
2024,에스토니아,환적,1000.0,1000.0,0.0
2024,에콰도르,환적,105666.75,103625.75,2041.0
2024,엘살바도르,환적,17086.25,16746.25,340.0
2024,영국,환적,45080.0,42947.0,2133.0
2024,영국령 버진아일랜드,환적,76.0,76.0,0.0
2024,예멘,환적,43.0,43.0,0.0
2024,오만,환적,8008.75,7968.0,40.75
2024,오스트리아,환적,4.0,4.0,0.0
2024,온두라스,환적,11549.75,11549.75,0.0
2024,왈리스 푸투나,환적,2.0,2.0,0.0
2024,요르단,환적,2454.5,2449.5,5.0
2024,우루과이,환적,5614.0,5614.0,0.0
2024,우크라이나,환적,741.0,741.0,0.0
2024,원양어획지역,환적,1310.0,1310.0,0.0
2024,이라크,환적,4522.5,1980.5,2542.0
2024,이란,환적,116.0,116.0,0.0
2024,이스라엘,환적,27736.75,21258.0,6478.75
2024,이집트,환적,22269.5,21126.75,1142.75
2024,이탈리아,환적,82313.25,81584.25,729.0
2024,인도,환적,180455.5,176788.25,3667.25
2024,인도네시아,환적,284655.5,282385.5,2270.0
2024,일본,환적,1699515.5,1608901.75,90613.75
2024,자메이카,환적,34099.75,34025.75,74.0
2024,적도 기니,환적,2.0,2.0,0.0
2024,조지아,환적,14666.0,14666.0,0.0
2024,중국,환적,4044877.75,3866440.5,178437.25
2024,지부티,환적,1783.0,1773.0,10.0
2024,체코,환적,115.0,115.0,0.0
2024,칠레,환적,333182.0,318436.0,14746.0
2024,카메룬,환적,2142.5,2142.5,0.0
2024,카보 베르데,환적,118.0,118.0,0.0
2024,카타르,환적,5847.75,5695.25,152.5
2024,캄보디아,환적,11860.75,11860.75,0.0
2024,캐나다,환적,474100.75,461969.5,12131.25
2024,케냐,환적,2179.25,2179.25,0.0
2024,케이맨 제도,환적,234.0,234.0,0.0
2024,코모로,환적,4.0,4.0,0.0
2024,코스타리카,환적,23799.75,23771.75,28.0
2024,코트디부아르,환적,3826.0,3723.0,103.0
2024,콜롬비아,환적,128293.75,123922.75,4371.0
2024,콩고,환적,696.0,696.0,0.0
2024,콩고 민주 공화국,환적,220.0,216.0,4.0
2024,쿠바,환적,5357.0,5357.0,0.0
2024,쿠웨이트,환적,1494.0,1494.0,0.0
2024,쿡 제도,환적,55.0,55.0,0.0
2024,퀴라소,환적,249.0,249.0,0.0
2024,크로아티아,환적,6315.5,6309.5,6.0
2024,키리바시,환적,4183.0,3912.0,271.0
2024,키프로스,환적,1214.0,1214.0,0.0
2024,탄자니아,환적,1984.0,1984.0,0.0
2024,태국,환적,247064.0,245285.0,1779.0
2024,토고,환적,2173.0,1981.0,192.0
2024,통가,환적,2375.0,2294.0,81.0
2024,투발루,환적,55.0,55.0,0.0
2024,튀니지,환적,998.25,998.25,0.0
2024,튀르키예,환적,80178.75,76849.25,3329.5
2024,트리니다드 토바고,환적,7666.25,7641.25,25.0
2024,파나마,환적,77467.25,69788.0,7679.25
2024,파라과이,환적,623.0,623.0,0.0
2024,파키스탄,환적,17460.25,17228.25,232.0
2024,파푸아 뉴기니,환적,5564.0,3691.0,1873.0
2024,팔라우,환적,273.0,273.0,0.0
2024,페로 제도,환적,2.0,2.0,0.0
2024,페루,환적,138663.0,135673.0,2990.0
2024,포르투갈,환적,1639.75,1595.75,44.0
2024,폴란드,환적,3716.5,3710.5,6.0
2024,푸에르토리코,환적,7980.75,7980.75,0.0
2024,프랑스,환적,38585.5,37695.75,889.75
2024,프랑스령 기아나,환적,283.0,283.0,0.0
2024,프랑스령 폴리네시아,환적,1179.0,974.0,205.0
2024,피지,환적,7308.0,7173.0,135.0
2024,핀란드,환적,12038.0,12038.0,0.0
2024,필리핀,환적,172799.5,153162.0,19637.5
2024,헝가리,환적,11.0,11.0,0.0
2024,호주,환적,121011.75,105808.75,15203.0
2024,홍콩,환적,50340.0,49113.5,1226.5
2025,가나,입항,1943.0,806.0,1137.0
2025,가봉,입항,26.0,26.0,0.0
2025,가이아나,입항,58.0,58.0,0.0
2025,감비아,입항,132.0,132.0,0.0
2025,과들루프,입항,16.0,2.0,14.0
2025,과테말라,입항,7166.0,1824.0,5342.0
2025,괌,입항,12050.75,775.5,11275.25
2025,그리스,입항,2574.5,1957.25,617.25
2025,기니,입항,366.0,366.0,0.0
2025,기니비사우,입항,12.0,12.0,0.0
2025,나미비아,입항,270.0,244.0,26.0
2025,나이지리아,입항,1397.0,1134.0,263.0
2025,남아프리카,입항,8788.0,8632.0,156.0
2025,네덜란드,입항,69040.5,57479.0,11561.5
2025,노르웨이,입항,6842.25,6839.25,3.0
2025,뉴질랜드,입항,31212.0,24419.0,6793.0
2025,뉴칼레도니아,입항,1468.0,301.0,1167.0
2025,니카라과,입항,1171.0,161.0,1010.0
2025,대만,입항,88676.0,41005.0,47671.0
2025,대한민국,입항,69501.75,13.0,69488.75
2025,덴마크,입항,12069.0,11624.0,445.0
2025,도미니카 공화국,입항,3257.0,770.0,2487.0
2025,독일,입항,83822.75,79028.75,4794.0
2025,동티모르,입항,5.0,2.0,3.0
2025,라이베리아,입항,8.0,8.0,0.0
2025,라트비아,입항,8826.0,8733.0,93.0
2025,러시아,입항,111517.0,23705.0,87812.0
2025,레바논,입항,805.0,727.0,78.0
2025,레위니옹,입항,27.0,27.0,0.0
2025,루마니아,입항,1488.5,1455.5,33.0
2025,리비아,입항,1267.0,1264.0,3.0
2025,리투아니아,입항,2795.5,2786.5,9.0
2025,마다가스카르,입항,482.0,482.0,0.0
2025,마르티니크,입항,718.0,5.0,713.0
2025,마샬 제도,입항,4258.0,43.0,4215.0
2025,마요트,입항,6.0,6.0,0.0
2025,말레이시아,입항,72997.5,52135.25,20862.25
2025,멕시코,입항,112828.25,31101.0,81727.25
2025,모로코,입항,4336.0,2008.0,2328.0
2025,모리셔스,입항,145.0,128.0,17.0
2025,모리타니,입항,149.0,149.0,0.0
2025,모잠비크,입항,1854.0,1754.0,100.0
2025,몬테네그로,입항,1316.0,1316.0,0.0
2025,몰타,입항,3016.0,81.0,2935.0
2025,미국,입항,873331.5,420298.0,453033.5
2025,미얀마,입항,2172.0,2168.0,4.0
2025,미크로네시아,입항,62.0,61.0,1.0
2025,바누아투,입항,1107.0,7.0,1100.0
2025,바레인,입항,5838.0,2311.0,3527.0
2025,바베이도스,입항,2.0,2.0,0.0
2025,바하마,입항,825.0,0.0,825.0
2025,방글라데시,입항,3522.0,3490.0,32.0
2025,베냉,입항,196.0,0.0,196.0
2025,베네수엘라,입항,250.0,250.0,0.0
2025,베트남,입항,181919.0,152081.0,29838.0
2025,벨기에,입항,39918.25,36813.25,3105.0
2025,북마리아나 제도,입항,846.25,184.0,662.25
2025,불가리아,입항,724.0,722.0,2.0
2025,브라질,입항,47008.0,30826.0,16182.0
2025,브루나이,입항,32.0,29.0,3.0
2025,사모아,입항,2267.0,18.0,2249.0
2025,사우디아라비아,입항,36290.25,7278.5,29011.75
2025,세네갈,입항,957.0,898.0,59.0
2025,세이셸,입항,21.0,21.0,0.0
2025,세인트루시아,입항,6.0,6.0,0.0
2025,소말리아,입항,81.0,26.0,55.0
2025,솔로몬제도,입항,1635.0,57.0,1578.0
2025,수단,입항,3.0,3.0,0.0
2025,수리남,입항,565.0,565.0,0.0
2025,스리랑카,입항,5505.0,3285.0,2220.0
2025,스웨덴,입항,13429.0,13418.0,11.0
2025,스페인,입항,56435.5,35779.75,20655.75
2025,슬로베니아,입항,13194.5,12134.25,1060.25
2025,시에라 리온,입항,129.0,129.0,0.0
2025,싱가포르,입항,51592.75,29947.25,21645.5
2025,아랍에미리트연합국,입항,65254.0,15495.0,49759.0
2025,아루바,입항,10.0,10.0,0.0
2025,아르헨티나,입항,3752.0,3691.0,61.0
2025,아메리칸사모아,입항,2380.0,250.0,2130.0
2025,아이슬란드,입항,82.0,82.0,0.0
2025,아이티,입항,44.0,41.0,3.0
2025,아일랜드,입항,2931.0,2659.0,272.0
2025,알바니아,입항,12.0,12.0,0.0
2025,알제리,입항,36.0,14.0,22.0
2025,앙골라,입항,25.0,25.0,0.0
2025,앤티가 바부다,입항,2.0,2.0,0.0
2025,앤틸리스제도,입항,50.0,50.0,0.0
2025,에스토니아,입항,3366.5,3339.5,27.0
2025,에콰도르,입항,22228.25,8020.0,14208.25
2025,엘살바도르,입항,1214.0,1009.0,205.0
2025,영국,입항,22818.75,14962.75,7856.0
2025,예멘,입항,585.0,386.0,199.0
2025,오만,입항,3022.0,2607.0,415.0
2025,오스트리아,입항,122.0,122.0,0.0
2025,온두라스,입항,669.0,647.0,22.0
2025,요르단,입항,2492.0,1679.0,813.0
2025,우루과이,입항,1154.0,800.0,354.0
2025,우즈베키스탄,입항,2.0,2.0,0.0
2025,우크라이나,입항,155.0,155.0,0.0
2025,이라크,입항,2671.0,1264.0,1407.0
2025,이란,입항,28.0,24.0,4.0
2025,이스라엘,입항,27033.25,5964.0,21069.25
2025,이집트,입항,7006.0,2405.0,4601.0
2025,이탈리아,입항,55039.75,48779.0,6260.75
2025,인도,입항,108558.25,73301.75,35256.5
2025,인도네시아,입항,85233.25,76726.0,8507.25
2025,일본,입항,781873.0,229198.0,552675.0
2025,자메이카,입항,7819.0,222.0,7597.0
2025,적도 기니,입항,7.0,7.0,0.0
2025,조지아,입항,143.0,143.0,0.0
2025,중국,입항,1270019.0,1126943.25,143075.75
2025,지부티,입항,1979.0,1479.0,500.0
2025,체코,입항,138.0,138.0,0.0
2025,칠레,입항,65324.75,51482.0,13842.75
2025,카메룬,입항,9.0,7.0,2.0
2025,카보 베르데,입항,4.0,4.0,0.0
2025,카타르,입항,5159.0,3588.0,1571.0
2025,캄보디아,입항,3804.0,3735.0,69.0
2025,캐나다,입항,125733.5,50573.25,75160.25
2025,케냐,입항,625.0,501.0,124.0
2025,코스타리카,입항,2941.0,2521.0,420.0
2025,코트디부아르,입항,3219.0,3055.0,164.0
2025,콜롬비아,입항,38029.0,3046.0,34983.0
2025,콩고,입항,144.0,56.0,88.0
2025,콩고 민주 공화국,입항,24.0,24.0,0.0
2025,쿠바,입항,98.0,98.0,0.0
2025,쿠웨이트,입항,881.0,267.0,614.0
2025,크로아티아,입항,1479.25,1471.25,8.0
2025,키리바시,입항,2284.0,9.0,2275.0
2025,키프로스,입항,133.0,124.0,9.0
2025,탄자니아,입항,6562.0,6192.0,370.0
2025,태국,입항,94107.0,89979.0,4128.0
2025,토고,입항,2579.0,589.0,1990.0
2025,통가,입항,235.0,6.0,229.0
2025,튀니지,입항,535.0,535.0,0.0
2025,튀르키예,입항,30797.5,20030.0,10767.5
2025,트리니다드 토바고,입항,380.0,380.0,0.0
2025,파나마,입항,22921.25,612.0,22309.25
2025,파라과이,입항,205.0,205.0,0.0
2025,파키스탄,입항,15038.25,6466.0,8572.25
2025,파푸아 뉴기니,입항,2349.0,1177.0,1172.0
2025,팔라우,입항,16.0,15.0,1.0
2025,페로 제도,입항,38.0,38.0,0.0
2025,페루,입항,40093.0,16210.0,23883.0
2025,포르투갈,입항,3308.5,3225.5,83.0
2025,폴란드,입항,17145.5,13527.5,3618.0
2025,푸에르토리코,입항,1185.0,1167.0,18.0
2025,프랑스,입항,28923.25,24494.0,4429.25
2025,프랑스령 기아나,입항,10.0,10.0,0.0
2025,프랑스령 폴리네시아,입항,4929.0,103.0,4826.0
2025,피지,입항,650.0,160.0,490.0
2025,핀란드,입항,13018.0,12991.0,27.0
2025,필리핀,입항,90877.75,29560.0,61317.75
2025,헝가리,입항,33.0,33.0,0.0
2025,호주,입항,159320.0,72567.0,86753.0
2025,홍콩,입항,27288.0,23814.0,3474.0
2025,가나,출항,3504.0,3504.0,0.0
2025,가봉,출항,30.0,30.0,0.0
2025,가이아나,출항,107.0,107.0,0.0
2025,감비아,출항,11.0,11.0,0.0
2025,과들루프,출항,42.0,42.0,0.0
2025,과테말라,출항,4130.0,4130.0,0.0
2025,괌,출항,2883.25,2843.25,40.0
2025,그레나다,출항,56.0,56.0,0.0
2025,그리스,출항,7380.0,7380.0,0.0
2025,기니,출항,139.0,139.0,0.0
2025,기니비사우,출항,2.0,2.0,0.0
2025,나미비아,출항,266.0,266.0,0.0
2025,나우루,출항,8.0,8.0,0.0
2025,나이지리아,출항,3868.0,3868.0,0.0
2025,남아프리카,출항,2170.0,2010.0,160.0
2025,네덜란드,출항,65936.5,65542.5,394.0
2025,노르웨이,출항,203.0,203.0,0.0
2025,뉴질랜드,출항,17575.0,14271.0,3304.0
2025,뉴칼레도니아,출항,523.0,182.0,341.0
2025,니카라과,출항,102.0,102.0,0.0
2025,대만,출항,114468.75,103738.25,10730.5
2025,대한민국,출항,97051.75,3327.0,93724.75
2025,덴마크,출항,727.0,727.0,0.0
2025,도미니카 공화국,출항,3050.0,3050.0,0.0
2025,독일,출항,46694.25,46027.25,667.0
2025,동티모르,출항,53.0,53.0,0.0
2025,라이베리아,출항,17.0,17.0,0.0
2025,라트비아,출항,107.0,107.0,0.0
2025,러시아,출항,96092.0,94993.0,1099.0
2025,레바논,출항,1391.0,1388.0,3.0
2025,레위니옹,출항,208.0,208.0,0.0
2025,루마니아,출항,985.0,985.0,0.0
2025,리비아,출항,1714.0,1714.0,0.0
2025,리투아니아,출항,770.0,770.0,0.0
2025,마다가스카르,출항,122.0,122.0,0.0
2025,마르티니크,출항,82.0,82.0,0.0
2025,마샬 제도,출항,226.0,196.0,30.0
2025,마요트,출항,12.0,12.0,0.0
2025,마카오,출항,11.0,11.0,0.0
2025,말레이시아,출항,192742.5,191730.5,1012.0
2025,멕시코,출항,195100.75,191643.75,3457.0
2025,모로코,출항,2110.0,2110.0,0.0
2025,모리셔스,출항,137.0,137.0,0.0
2025,모리타니,출항,33.0,33.0,0.0
2025,모잠비크,출항,1138.0,1138.0,0.0
2025,몬테네그로,출항,5.0,5.0,0.0
2025,몰디브,출항,61.0,61.0,0.0
2025,몰타,출항,14697.0,14689.0,8.0
2025,미국,출항,999600.75,990481.75,9119.0
2025,미국령 버진아일랜드,출항,2.0,2.0,0.0
2025,미얀마,출항,938.0,938.0,0.0
2025,미크로네시아,출항,359.0,257.0,102.0
2025,바누아투,출항,231.0,231.0,0.0
2025,바레인,출항,658.0,658.0,0.0
2025,바베이도스,출항,42.0,42.0,0.0
2025,바하마,출항,2616.25,267.0,2349.25
2025,방글라데시,출항,5585.0,5585.0,0.0
2025,베냉,출항,256.0,256.0,0.0
2025,베네수엘라,출항,263.0,263.0,0.0
2025,베트남,출항,232174.25,209815.75,22358.5
2025,벨기에,출항,16535.0,16486.0,49.0
2025,벨리즈,출항,196.0,196.0,0.0
2025,북마리아나 제도,출항,708.75,684.75,24.0
2025,불가리아,출항,167.0,167.0,0.0
2025,브라질,출항,45893.0,43663.0,2230.0
2025,브루나이,출항,1.0,1.0,0.0
2025,사모아,출항,269.0,241.0,28.0
2025,사우디아라비아,출항,42101.25,42009.25,92.0
2025,상투메 프린시페,출항,1.0,1.0,0.0
2025,세네갈,출항,396.0,396.0,0.0
2025,세이셸,출항,60.0,60.0,0.0
2025,세인트 빈센트 그레나딘,출항,4.0,4.0,0.0
2025,세인트루시아,출항,8.0,8.0,0.0
2025,세인트키츠 네비스,출항,3.0,3.0,0.0
2025,소말리아,출항,55.0,55.0,0.0
2025,솔로몬제도,출항,201.0,189.0,12.0
2025,수단,출항,234.0,234.0,0.0
2025,수리남,출항,24.0,24.0,0.0
2025,스리랑카,출항,3632.5,3632.5,0.0
2025,스웨덴,출항,2744.0,2744.0,0.0
2025,스페인,출항,32449.25,32420.25,29.0
2025,슬로베니아,출항,50922.25,50914.25,8.0
2025,시리아,출항,1437.0,1437.0,0.0
2025,시에라 리온,출항,26.0,26.0,0.0
2025,싱가포르,출항,67844.0,65951.0,1893.0
2025,아랍에미리트연합국,출항,70846.75,70786.75,60.0
2025,아루바,출항,58.0,58.0,0.0
2025,아르헨티나,출항,1194.0,1194.0,0.0
2025,아메리칸사모아,출항,849.0,823.0,26.0
2025,아이슬란드,출항,43.0,43.0,0.0
2025,아이티,출항,94.0,94.0,0.0
2025,아일랜드,출항,587.0,587.0,0.0
2025,알바니아,출항,72.0,72.0,0.0
2025,알제리,출항,1960.75,1960.75,0.0
2025,앙골라,출항,119.0,119.0,0.0
2025,앤티가 바부다,출항,7.0,7.0,0.0
2025,앤틸리스제도,출항,25.0,25.0,0.0
2025,에스토니아,출항,25.0,25.0,0.0
2025,에콰도르,출항,14787.0,5685.0,9102.0
2025,엘살바도르,출항,367.0,367.0,0.0
2025,영국,출항,23579.0,23572.0,7.0
2025,영국령 버진아일랜드,출항,2.0,2.0,0.0
2025,예멘,출항,134.0,134.0,0.0
2025,오만,출항,2393.75,2393.75,0.0
2025,온두라스,출항,269.0,269.0,0.0
2025,요르단,출항,1659.75,1659.75,0.0
2025,우루과이,출항,146.0,146.0,0.0
2025,우크라이나,출항,258.0,258.0,0.0
2025,이라크,출항,4163.0,4163.0,0.0
2025,이란,출항,4400.0,4400.0,0.0
2025,이스라엘,출항,16421.0,15778.0,643.0
2025,이집트,출항,17171.0,17135.0,36.0
2025,이탈리아,출항,45817.5,45799.5,18.0
2025,인도,출항,171987.5,170743.5,1244.0
2025,인도네시아,출항,96504.0,94727.0,1777.0
2025,일본,출항,424074.0,331165.25,92908.75
2025,자메이카,출항,2578.0,1974.0,604.0
2025,적도 기니,출항,36.0,36.0,0.0
2025,조지아,출항,146.0,146.0,0.0
2025,중국,출항,1467888.0,674757.25,793130.75
2025,지부티,출항,423.0,423.0,0.0
2025,칠레,출항,40854.0,24295.0,16559.0
2025,카메룬,출항,292.0,292.0,0.0
2025,카보 베르데,출항,1.0,1.0,0.0
2025,카타르,출항,5760.75,5432.75,328.0
2025,캄보디아,출항,3831.0,3831.0,0.0
2025,캐나다,출항,115485.75,115331.75,154.0
2025,케냐,출항,2073.0,2069.0,4.0
2025,케이맨 제도,출항,4.0,4.0,0.0
2025,코모로,출항,9.0,9.0,0.0
2025,코스타리카,출항,411.0,411.0,0.0
2025,코트디부아르,출항,2511.0,2511.0,0.0
2025,콜롬비아,출항,33825.5,27290.5,6535.0
2025,콩고,출항,67.0,67.0,0.0
2025,콩고 민주 공화국,출항,194.0,194.0,0.0
2025,쿠바,출항,351.0,351.0,0.0
2025,쿠웨이트,출항,1009.0,1009.0,0.0
2025,크로아티아,출항,1274.0,1274.0,0.0
2025,키리바시,출항,110.0,46.0,64.0
2025,키프로스,출항,80.0,80.0,0.0
2025,탄자니아,출항,1461.0,1461.0,0.0
2025,태국,출항,87879.0,82321.0,5558.0
2025,토고,출항,5576.0,5576.0,0.0
2025,통가,출항,41.0,14.0,27.0
2025,튀니지,출항,488.0,488.0,0.0
2025,튀르키예,출항,83368.25,83368.25,0.0
2025,트리니다드 토바고,출항,185.0,185.0,0.0
2025,파나마,출항,30437.25,17494.0,12943.25
2025,파라과이,출항,77.0,77.0,0.0
2025,파키스탄,출항,28348.5,28348.5,0.0
2025,파푸아 뉴기니,출항,1735.0,1584.0,151.0
2025,팔라우,출항,81.0,54.0,27.0
2025,페루,출항,18334.0,14224.0,4110.0
2025,포르투갈,출항,2903.0,2903.0,0.0
2025,폴란드,출항,14229.0,14229.0,0.0
2025,푸에르토리코,출항,105.0,105.0,0.0
2025,프랑스,출항,14089.0,14013.0,76.0
2025,프랑스령 기아나,출항,17.0,17.0,0.0
2025,프랑스령 폴리네시아,출항,309.0,75.0,234.0
2025,피지,출항,645.0,499.0,146.0
2025,핀란드,출항,133.0,133.0,0.0
2025,필리핀,출항,51801.0,51761.0,40.0
2025,호주,출항,71143.5,65910.5,5233.0
2025,홍콩,출항,42193.25,40321.25,1872.0
2025,가나,환적,4895.0,3783.0,1112.0
2025,가봉,환적,2245.0,2245.0,0.0
2025,가이아나,환적,6511.25,6502.25,9.0
2025,감비아,환적,101.0,101.0,0.0
2025,과들루프,환적,652.0,621.0,31.0
2025,과테말라,환적,56011.5,54530.5,1481.0
2025,괌,환적,11468.75,5567.25,5901.5
2025,그레나다,환적,288.0,288.0,0.0
2025,그리스,환적,8921.0,8493.75,427.25
2025,기니,환적,876.25,876.25,0.0
2025,기니비사우,환적,56.0,56.0,0.0
2025,나미비아,환적,3713.0,3707.0,6.0
2025,나우루,환적,307.0,307.0,0.0
2025,나이지리아,환적,8001.0,7999.0,2.0
2025,남아프리카,환적,22935.0,22824.0,111.0
2025,네덜란드,환적,40089.0,34585.75,5503.25
2025,노르웨이,환적,1127.0,1127.0,0.0
2025,뉴질랜드,환적,52258.0,51271.0,987.0
2025,뉴칼레도니아,환적,3636.0,3260.0,376.0
2025,니우에,환적,8.0,8.0,0.0
2025,니카라과,환적,10549.25,10541.25,8.0
2025,대만,환적,116716.25,103832.0,12884.25
2025,대한민국,환적,327446.5,312719.5,14727.0
2025,덴마크,환적,5285.5,5175.0,110.5
2025,도미니카 공화국,환적,42725.5,42219.5,506.0
2025,도미니카 연방,환적,137.0,137.0,0.0
2025,독일,환적,33412.0,32705.5,706.5
2025,동티모르,환적,50.0,50.0,0.0
2025,라이베리아,환적,275.0,275.0,0.0
2025,라트비아,환적,4840.0,4840.0,0.0
2025,러시아,환적,191550.0,189476.0,2074.0
2025,레바논,환적,5967.75,5950.5,17.25
2025,레위니옹,환적,38.0,38.0,0.0
2025,루마니아,환적,7252.75,7248.75,4.0
2025,리비아,환적,3601.75,3601.75,0.0
2025,리투아니아,환적,1085.25,1085.25,0.0
2025,마다가스카르,환적,1073.0,1073.0,0.0
2025,마르티니크,환적,475.0,475.0,0.0
2025,마샬 제도,환적,1292.0,1282.0,10.0
2025,마요트,환적,28.0,28.0,0.0
2025,말레이시아,환적,178742.0,177924.0,818.0
2025,멕시코,환적,532849.75,491448.0,41401.75
2025,모로코,환적,11832.75,11081.75,751.0
2025,모리셔스,환적,786.0,786.0,0.0
2025,모리타니,환적,1006.0,1006.0,0.0
2025,모잠비크,환적,4130.0,4130.0,0.0
2025,몬세라트,환적,3.0,3.0,0.0
2025,몬테네그로,환적,221.0,221.0,0.0
2025,몰디브,환적,257.0,256.0,1.0
2025,몰타,환적,1385.0,1011.0,374.0
2025,미국,환적,2174065.75,1945371.25,228694.5
2025,미국령 버진아일랜드,환적,46.0,46.0,0.0
2025,미얀마,환적,3451.0,3451.0,0.0
2025,미크로네시아,환적,2084.0,2083.0,1.0
2025,바누아투,환적,6255.0,6095.0,160.0
2025,바레인,환적,3683.0,3125.0,558.0
2025,바베이도스,환적,1313.25,1313.25,0.0
2025,바하마,환적,225622.0,1830.25,223791.75
2025,방글라데시,환적,9099.25,8991.25,108.0
2025,베냉,환적,513.0,507.0,6.0
2025,베네수엘라,환적,36828.5,36828.5,0.0
2025,베트남,환적,395872.75,381085.5,14787.25
2025,벨기에,환적,23033.25,21592.25,1441.0
2025,벨리즈,환적,190.0,190.0,0.0
2025,볼리비아,환적,8.0,8.0,0.0
2025,북마리아나 제도,환적,1474.25,970.25,504.0
2025,불가리아,환적,1591.0,1591.0,0.0
2025,브라질,환적,171020.0,166417.0,4603.0
2025,브루나이,환적,73.0,73.0,0.0
2025,사모아,환적,4463.0,4329.0,134.0
2025,사우디아라비아,환적,22535.75,21144.75,1391.0
2025,상투메 프린시페,환적,37.0,37.0,0.0
2025,세네갈,환적,1003.5,995.5,8.0
2025,세이셸,환적,43.0,43.0,0.0
2025,세인트 빈센트 그레나딘,환적,101.0,101.0,0.0
2025,세인트루시아,환적,298.0,298.0,0.0
2025,세인트키츠 네비스,환적,93.0,93.0,0.0
2025,소말리아,환적,196.0,196.0,0.0
2025,솔로몬제도,환적,975.0,945.0,30.0
2025,수단,환적,65.0,65.0,0.0
2025,수리남,환적,6410.75,6410.75,0.0
2025,스리랑카,환적,5668.75,4554.5,1114.25
2025,스웨덴,환적,24084.0,24082.0,2.0
2025,스페인,환적,77945.75,65100.25,12845.5
2025,슬로베니아,환적,14124.0,14123.0,1.0
2025,시리아,환적,2594.5,2594.5,0.0
2025,시에라 리온,환적,326.0,326.0,0.0
2025,싱가포르,환적,83771.0,66516.0,17255.0
2025,아랍에미리트연합국,환적,78368.75,71244.75,7124.0
2025,아루바,환적,582.25,582.25,0.0
2025,아르헨티나,환적,13272.0,12957.0,315.0
2025,아메리칸사모아,환적,1781.0,1773.0,8.0
2025,아이슬란드,환적,65.0,65.0,0.0
2025,아이티,환적,3681.0,3681.0,0.0
2025,아일랜드,환적,2162.0,2162.0,0.0
2025,알바니아,환적,916.25,916.25,0.0
2025,알제리,환적,4270.75,4268.75,2.0
2025,앙골라,환적,1994.0,1994.0,0.0
2025,앤티가 바부다,환적,158.0,158.0,0.0
2025,앤틸리스제도,환적,366.25,366.25,0.0
2025,앵귈라,환적,2.0,2.0,0.0
2025,에리트레아,환적,3.0,3.0,0.0
2025,에스토니아,환적,1784.0,1784.0,0.0
2025,에콰도르,환적,104047.25,97331.25,6716.0
2025,엘살바도르,환적,19240.5,19076.5,164.0
2025,영국,환적,27434.0,21574.75,5859.25
2025,영국령 버진아일랜드,환적,37.0,37.0,0.0
2025,예멘,환적,153.0,153.0,0.0
2025,오만,환적,7265.5,7253.5,12.0
2025,오스트리아,환적,6.0,6.0,0.0
2025,온두라스,환적,17087.25,16246.25,841.0
2025,왈리스 푸투나,환적,53.0,51.0,2.0
2025,요르단,환적,1067.75,1066.75,1.0
2025,우루과이,환적,4942.0,4942.0,0.0
2025,우크라이나,환적,1146.0,1146.0,0.0
2025,원양어획지역,환적,1050.0,1050.0,0.0
2025,이라크,환적,1265.25,895.25,370.0
2025,이란,환적,97.0,97.0,0.0
2025,이스라엘,환적,12929.0,10831.0,2098.0
2025,이집트,환적,20607.25,16218.25,4389.0
2025,이탈리아,환적,55007.25,48859.0,6148.25
2025,인도,환적,148760.75,143999.5,4761.25
2025,인도네시아,환적,283181.25,283049.25,132.0
2025,일본,환적,1681423.5,1596294.5,85129.0
2025,자메이카,환적,32202.75,28717.75,3485.0
2025,적도 기니,환적,147.0,147.0,0.0
2025,조지아,환적,11082.5,11082.5,0.0
2025,중국,환적,4247309.5,3906261.5,341048.0
2025,지부티,환적,2928.0,2928.0,0.0
2025,체코,환적,9.0,9.0,0.0
2025,칠레,환적,440219.75,424992.75,15227.0
2025,카메룬,환적,2482.0,2226.0,256.0
2025,카보 베르데,환적,73.0,73.0,0.0
2025,카타르,환적,4394.0,3995.75,398.25
2025,캄보디아,환적,21635.25,21635.25,0.0
2025,캐나다,환적,580968.0,556295.25,24672.75
2025,케냐,환적,6013.0,5814.0,199.0
2025,케이맨 제도,환적,170.0,170.0,0.0
2025,코모로,환적,18.0,18.0,0.0
2025,코스타리카,환적,26292.5,25468.5,824.0
2025,코트디부아르,환적,6608.0,5496.0,1112.0
2025,콜롬비아,환적,143017.25,134015.25,9002.0
2025,콩고,환적,284.0,280.0,4.0
2025,콩고 민주 공화국,환적,161.0,161.0,0.0
2025,쿠바,환적,5810.0,5810.0,0.0
2025,쿠웨이트,환적,1566.0,1554.0,12.0
2025,쿡 제도,환적,110.0,110.0,0.0
2025,퀴라소,환적,673.0,673.0,0.0
2025,크로아티아,환적,6581.25,6577.25,4.0
2025,키리바시,환적,4273.0,4242.0,31.0
2025,키프로스,환적,2181.0,2181.0,0.0
2025,탄자니아,환적,3596.0,3596.0,0.0
2025,태국,환적,240782.25,240222.25,560.0
2025,토고,환적,3212.0,960.0,2252.0
2025,통가,환적,2462.0,2374.0,88.0
2025,투발루,환적,68.0,68.0,0.0
2025,튀니지,환적,730.0,730.0,0.0
2025,튀르키예,환적,46728.5,41367.25,5361.25
2025,트리니다드 토바고,환적,10769.75,10769.75,0.0
2025,파나마,환적,109467.25,90294.0,19173.25
2025,파라과이,환적,2614.0,2614.0,0.0
2025,파키스탄,환적,16993.75,13465.75,3528.0
2025,파푸아 뉴기니,환적,4754.0,4753.0,1.0
2025,팔라우,환적,276.0,275.0,1.0
2025,페로 제도,환적,16.0,16.0,0.0
2025,페루,환적,192732.5,183848.5,8884.0
2025,포르투갈,환적,2325.25,2087.25,238.0
2025,폴란드,환적,6437.25,5915.0,522.25
2025,푸에르토리코,환적,10918.75,10912.75,6.0
2025,프랑스,환적,24216.5,23095.75,1120.75
2025,프랑스령 기아나,환적,72.0,72.0,0.0
2025,프랑스령 폴리네시아,환적,1991.0,1828.0,163.0
2025,피지,환적,8813.0,8697.0,116.0
2025,핀란드,환적,12484.0,12484.0,0.0
2025,필리핀,환적,144273.5,139316.75,4956.75
2025,헝가리,환적,4.0,4.0,0.0
2025,호주,환적,139014.5,121407.5,17607.0
2025,홍콩,환적,57963.5,56886.5,1077.0
