,,2022,,,,,,2023,,,,,,전년대비증감율(%),,,,,
,,12월,,,누계(01월~12월),,,12월,,,누계(01월~12월),,,12월,,,누계(01월~12월),,
입출항구분,국가명,계,적,공,계,적,공,계,적,공,계,적,공,증감_계,증감_적,증감_공,증감_계,증감_적,증감_공
합계,,1740410.0,1437903.75,302506.25,2.20767845E7,1.87060875E7,3370697.0,1916583.0,1588144.25,328438.75,2.3152998E7,1.9255132E7,3897866.0,10.122499870720114,10.448578355818317,8.572550153922442,4.874865268535822,2.9351113641481685,15.63976233995521
입항소계,,424623.5,257755.25,166868.25,5133224.0,3191151.5,1942072.5,451874.5,256157.5,195717.0,5330591.5,3092461.5,2238130.0,6.417685314166555,-0.6198709822593296,17.28833975306867,3.8449033200187666,-3.0926140610998853,15.244410288493349
입항,가나,505.0,6.0,499.0,2526.0,286.0,2240.0,108.0,8.0,100.0,2670.0,511.0,2159.0,-78.61386138613862,33.33333333333333,-79.95991983967936,5.700712589073631,78.67132867132867,-3.6160714285714324
,가봉,18.0,18.0,0.0,160.0,160.0,0.0,1.0,1.0,0.0,61.0,61.0,0.0,-94.44444444444444,-94.44444444444444,,-61.875,-61.875,
,가이아나,1.0,1.0,0.0,53.0,50.0,3.0,1.0,1.0,0.0,15.0,1.0,14.0,0.0,0.0,,-71.69811320754718,-98.0,366.6666666666667
,감비아,9.0,9.0,0.0,96.0,96.0,0.0,7.0,7.0,0.0,103.0,103.0,0.0,-22.22222222222222,-22.22222222222222,,7.291666666666674,7.291666666666674,
,과들루프,,,,7.0,7.0,0.0,1.0,1.0,0.0,4.0,4.0,0.0,0,0,,-42.85714285714286,-42.85714285714286,
,과테말라,510.0,346.0,164.0,5122.0,3836.0,1286.0,107.0,105.0,2.0,3824.0,2796.0,1028.0,-79.01960784313725,-69.65317919075144,-98.78048780487805,-25.3416634127294,-27.111574556830032,-20.062208398133752
,괌,1863.75,82.0,1781.75,12501.0,1004.25,11496.75,1234.5,46.0,1188.5,11275.25,1013.5,10261.75,-33.76257545271629,-43.90243902439024,-33.29591693559703,-9.80521558275338,0.921085387104803,-10.74216626437906
,그레나다,1.0,1.0,0.0,2.0,2.0,0.0,2.0,2.0,0.0,4.0,4.0,0.0,100.0,100.0,,100.0,100.0,
,그리스,603.25,460.0,143.25,6607.25,4114.0,2493.25,1919.0,211.0,1708.0,14533.5,3416.0,11117.5,218.11023622047244,-54.130434782608695,1092.3211169284468,119.962919520224,-16.966456003889164,345.9039406397273
,기니,64.0,64.0,0.0,780.0,780.0,0.0,48.0,48.0,0.0,705.0,705.0,0.0,-25.0,-25.0,,-9.615384615384615,-9.615384615384615,
,기니비사우,2.0,2.0,0.0,14.0,14.0,0.0,,,,6.0,6.0,0.0,-100,-100,,-57.14285714285714,-57.14285714285714,
,나미비아,4.0,4.0,0.0,158.0,158.0,0.0,2.0,2.0,0.0,65.0,65.0,0.0,-50.0,-50.0,,-58.86075949367089,-58.86075949367089,
,나이지리아,121.0,41.0,80.0,2529.0,1193.0,1336.0,81.0,81.0,0.0,3454.0,1424.0,2030.0,-33.057851239669425,97.5609756097561,-100,36.57572162910241,19.362950544844935,51.94610778443114
,남아프리카,592.0,552.0,40.0,8444.0,7610.0,834.0,397.0,397.0,0.0,7137.0,6955.0,182.0,-32.939189189189186,-28.07971014492754,-100,-15.478446234012322,-8.607095926412612,-78.17745803357315
,네덜란드,5755.0,5427.0,328.0,73827.0,68246.0,5581.0,8433.25,5104.25,3329.0,87316.5,56934.5,30382.0,46.537793223284105,-5.947116270499353,914.9390243902438,18.271770490470974,-16.57459777862439,444.38272710983694
,노르웨이,1207.0,1175.0,32.0,6935.25,6881.25,54.0,949.0,949.0,0.0,5090.25,5090.25,0.0,-21.375310687655347,-19.23404255319149,-100,-26.603222666810854,-26.027247956403265,-100
,뉴질랜드,2339.0,1918.0,421.0,30793.0,24209.0,6584.0,2513.0,1761.0,752.0,34214.0,24073.0,10141.0,7.4390765284309435,-8.185610010427524,78.62232779097387,11.109667781638688,-0.5617745466562019,54.024908869987854
,뉴칼레도니아,295.0,107.0,188.0,3220.0,993.0,2227.0,164.0,18.0,146.0,2978.0,825.0,2153.0,-44.40677966101695,-83.17757009345794,-22.3404255319149,-7.515527950310563,-16.918429003021153,-3.322855859901208
,니카라과,16.0,16.0,0.0,227.0,225.0,2.0,4.0,4.0,0.0,315.0,287.0,28.0,-75.0,-75.0,,38.766519823788535,27.555555555555557,1300.0
,대만,8477.0,4292.0,4185.0,85566.5,51550.0,34016.5,9153.25,3829.0,5324.25,89855.25,42740.0,47115.25,7.977468444025004,-10.787511649580617,27.222222222222214,5.012183506395607,-17.090203685742,38.507048050210926
,대한민국,4740.0,0.0,4740.0,68290.0,217.0,68073.0,5729.0,5.0,5724.0,72041.0,45.0,71996.0,20.86497890295358,0,20.759493670886076,5.492751500951831,-79.26267281105991,5.762930971163316
,덴마크,1118.0,1118.0,0.0,13101.0,13091.0,10.0,1015.0,991.0,24.0,12539.0,12458.0,81.0,-9.2128801431127,-11.359570661896246,0,-4.2897488741317495,-4.835383087617451,710.0
,도미니카 공화국,599.0,61.0,538.0,3269.0,2549.0,720.0,151.0,132.0,19.0,2128.0,1744.0,384.0,-74.79131886477462,116.39344262295084,-96.46840148698885,-34.903640256959314,-31.581012161632017,-46.666666666666664
,독일,6774.25,6561.25,213.0,99673.25,95430.25,4243.0,8465.25,7921.25,544.0,102020.0,91240.0,10780.0,24.962172934273163,20.727757668127268,155.39906103286384,2.3544431429696644,-4.390903303721827,154.06551967947206
,동티모르,1.0,0.0,1.0,18.0,17.0,1.0,,,,14.0,11.0,3.0,-100,,-100,-22.22222222222222,-35.29411764705882,200.0
,라이베리아,2.0,2.0,0.0,36.0,36.0,0.0,20.0,20.0,0.0,67.0,67.0,0.0,900.0,900.0,,86.11111111111111,86.11111111111111,
,라트비아,826.0,826.0,0.0,6994.0,6994.0,0.0,521.0,521.0,0.0,7161.0,7161.0,0.0,-36.92493946731234,-36.92493946731234,,2.3877609379468145,2.3877609379468145,
,러시아,8077.0,2916.0,5161.0,136597.0,37107.0,99490.0,11912.0,2955.0,8957.0,128199.0,36251.0,91948.0,47.48050018571253,1.337448559670773,73.55163727959697,-6.148012035403417,-2.3068423747540923,-7.5806613730023065
,레바논,101.0,101.0,0.0,904.0,880.0,24.0,114.0,114.0,0.0,936.0,901.0,35.0,12.871287128712861,12.871287128712861,,3.539823008849563,2.386363636363642,45.83333333333333
,레위니옹,,,,33.0,33.0,0.0,,,,28.0,28.0,0.0,,,,-15.151515151515149,-15.151515151515149,
,루마니아,261.0,261.0,0.0,5382.0,3380.0,2002.0,210.0,210.0,0.0,2656.75,2614.75,42.0,-19.54022988505747,-19.54022988505747,,-50.63638052768488,-22.6405325443787,-97.9020979020979
,리비아,24.0,24.0,0.0,523.0,255.0,268.0,96.0,96.0,0.0,835.0,835.0,0.0,300.0,300.0,,59.65583173996176,227.45098039215685,-100
,리투아니아,218.0,218.0,0.0,2049.0,2049.0,0.0,274.0,274.0,0.0,1857.0,1857.0,0.0,25.688073394495415,25.688073394495415,,-9.370424597364568,-9.370424597364568,
,마다가스카르,39.0,39.0,0.0,345.0,345.0,0.0,45.0,45.0,0.0,550.0,550.0,0.0,15.384615384615374,15.384615384615374,,59.42028985507246,59.42028985507246,
,마르티니크,,,,17.0,17.0,0.0,9.0,9.0,0.0,31.0,31.0,0.0,0,0,,82.35294117647058,82.35294117647058,
,마샬 제도,345.0,2.0,343.0,4827.0,51.0,4776.0,396.0,0.0,396.0,3608.0,26.0,3582.0,14.782608695652177,-100,15.451895043731788,-25.253780816241978,-49.01960784313726,-25.0
,마요트,,,,,,,,,,2.0,2.0,0.0,,,,0,0,
,마카오,,,,1.0,1.0,0.0,,,,1.0,1.0,0.0,,,,0.0,0.0,
,말레이시아,9365.0,5249.0,4116.0,94098.75,71090.0,23008.75,6481.25,4034.0,2447.25,100393.75,54570.0,45823.75,-30.792845702082218,-23.147266145932555,-40.5430029154519,6.689780682527657,-23.238148825432546,99.15792904873146
,멕시코,9157.0,2750.0,6407.0,102146.5,34807.0,67339.5,8896.0,2236.0,6660.0,178959.0,32453.0,146506.0,-2.8502784754832367,-18.69090909090909,3.9488059934446706,75.19836705124503,-6.763007441031976,117.56324297032204
,모로코,161.0,151.0,10.0,2755.0,2669.0,86.0,617.0,102.0,515.0,4544.0,2201.0,2343.0,283.2298136645963,-32.450331125827816,5050.0,64.93647912885663,-17.5346571749719,2624.418604651163
,모리셔스,5.0,5.0,0.0,366.0,366.0,0.0,12.0,12.0,0.0,116.0,116.0,0.0,140.0,140.0,,-68.30601092896174,-68.30601092896174,
,모리타니,56.0,56.0,0.0,354.0,354.0,0.0,27.0,27.0,0.0,359.0,359.0,0.0,-51.78571428571428,-51.78571428571428,,1.412429378531077,1.412429378531077,
,모잠비크,186.0,186.0,0.0,1133.0,1133.0,0.0,180.0,180.0,0.0,1237.0,1237.0,0.0,-3.2258064516129004,-3.2258064516129004,,9.179170344218889,9.179170344218889,
,몬테네그로,123.0,123.0,0.0,1400.0,1400.0,0.0,161.0,161.0,0.0,1627.0,1627.0,0.0,30.89430894308942,30.89430894308942,,16.214285714285715,16.214285714285715,
,몰디브,,,,4.0,4.0,0.0,,,,,,,,,,-100,-100,
,몰타,10.0,10.0,0.0,931.0,81.0,850.0,3.0,3.0,0.0,284.0,72.0,212.0,-70.0,-70.0,,-69.49516648764768,-11.111111111111116,-75.05882352941177
,미국,65430.75,37907.5,27523.25,784513.25,446985.5,337527.75,69027.75,29317.25,39710.5,751097.0,414906.5,336190.5,5.497415206153078,-22.661082899162434,44.27983613853741,-4.259488287801383,-7.176742869735153,-0.39618964662905265
,미얀마,185.0,185.0,0.0,3754.0,3663.0,91.0,180.0,180.0,0.0,3455.0,3371.0,84.0,-2.7027027027026973,-2.7027027027026973,,-7.964837506659562,-7.971607971607975,-7.692307692307687
,미크로네시아,8.0,0.0,8.0,190.0,46.0,144.0,3.0,0.0,3.0,128.0,62.0,66.0,-62.5,,-62.5,-32.631578947368425,34.78260869565217,-54.16666666666667
,바누아투,8.0,1.0,7.0,2028.0,5.0,2023.0,62.0,0.0,62.0,2392.0,4.0,2388.0,675.0,-100,785.7142857142858,17.948717948717952,-19.999999999999996,18.042511122095895
,바레인,164.0,164.0,0.0,2790.0,2790.0,0.0,273.0,273.0,0.0,1721.0,1721.0,0.0,66.46341463414633,66.46341463414633,,-38.31541218637993,-38.31541218637993,
,바베이도스,,,,1.0,1.0,0.0,,,,,,,,,,-100,-100,
,바하마,235.0,0.0,235.0,1292.0,0.0,1292.0,72.0,0.0,72.0,2954.0,0.0,2954.0,-69.36170212765957,,-69.36170212765957,128.63777089783284,,128.63777089783284
,방글라데시,458.0,348.0,110.0,7794.0,7596.0,198.0,449.75,419.75,30.0,8439.75,7140.75,1299.0,-1.801310043668125,20.617816091954033,-72.72727272727273,8.285219399538102,-5.993285939968407,556.060606060606
,베냉,100.0,0.0,100.0,102.0,2.0,100.0,,,,,,,-100,,-100,-100,-100,-100
,베네수엘라,22.0,22.0,0.0,880.0,880.0,0.0,38.0,38.0,0.0,366.0,366.0,0.0,72.72727272727273,72.72727272727273,,-58.409090909090914,-58.409090909090914,
,베트남,12895.5,11843.0,1052.5,162114.75,148948.25,13166.5,14123.25,12534.0,1589.25,156915.5,140821.25,16094.25,9.520763056880298,5.834670269357423,50.99762470308789,-3.2071418547664488,-5.456257458546842,22.236357422245856
,벨기에,3889.0,3842.0,47.0,43754.0,41923.0,1831.0,3591.0,3018.0,573.0,44682.25,39345.25,5337.0,-7.662638210336848,-21.447162935970855,1119.148936170213,2.1215203181423448,-6.148772750041742,191.48006553795742
,벨리즈,,,,4.0,4.0,0.0,,,,,,,,,,-100,-100,
,북마리아나 제도,18.0,6.0,12.0,4528.5,172.0,4356.5,217.5,17.0,200.5,2246.0,302.0,1944.0,1108.3333333333335,183.33333333333334,1570.8333333333333,-50.40300320194324,75.5813953488372,-55.37702283943533
,불가리아,85.0,85.0,0.0,1327.0,1324.0,3.0,212.0,212.0,0.0,1032.0,1027.0,5.0,149.41176470588235,149.41176470588235,,-22.23059532780708,-22.432024169184295,66.66666666666667
,브라질,5266.0,1895.0,3371.0,46956.0,31851.0,15105.0,2509.0,2298.0,211.0,57886.0,31650.0,26236.0,-52.35472844663882,21.266490765171508,-93.74072975378226,23.27711048641281,-0.6310633889045847,73.69083085071169
,브루나이,,,,10.0,2.0,8.0,8.0,8.0,0.0,32.0,32.0,0.0,0,0,,220.00000000000003,1500.0,-100
,사모아,,,,1106.0,15.0,1091.0,122.0,0.0,122.0,935.0,11.0,924.0,0,,0,-15.461121157323687,-26.66666666666667,-15.307057745187901
,사우디아라비아,4652.0,847.0,3805.0,27214.25,8624.0,18590.25,5029.0,465.0,4564.0,49319.5,8164.5,41155.0,8.104041272570939,-45.10035419126328,19.947437582128778,81.22674701672837,-5.328153988868278,121.37948655881443
,세네갈,50.0,50.0,0.0,958.0,958.0,0.0,53.0,53.0,0.0,860.0,860.0,0.0,6.000000000000005,6.000000000000005,,-10.229645093945717,-10.229645093945717,
,세이셸,22.0,22.0,0.0,79.0,79.0,0.0,4.0,4.0,0.0,106.0,106.0,0.0,-81.81818181818181,-81.81818181818181,,34.17721518987342,34.17721518987342,
,세인트루시아,8.0,8.0,0.0,48.0,48.0,0.0,,,,32.0,32.0,0.0,-100,-100,,-33.333333333333336,-33.333333333333336,
,소말리아,,,,,,,,,,5.0,5.0,0.0,,,,0,0,
,솔로몬제도,,,,148.0,9.0,139.0,,,,146.0,13.0,133.0,,,,-1.3513513513513487,44.44444444444444,-4.316546762589923
,수단,18.0,18.0,0.0,113.0,103.0,10.0,4.0,4.0,0.0,62.0,62.0,0.0,-77.77777777777779,-77.77777777777779,,-45.13274336283186,-39.80582524271845,-100
,수리남,75.0,75.0,0.0,553.0,553.0,0.0,41.0,41.0,0.0,783.0,783.0,0.0,-45.333333333333336,-45.333333333333336,,41.59132007233273,41.59132007233273,
,스리랑카,235.0,232.0,3.0,5026.0,3400.0,1626.0,239.0,236.0,3.0,3504.0,3137.0,367.0,1.7021276595744705,1.724137931034475,0.0,-30.282530839633903,-7.735294117647062,-77.42927429274293
,스웨덴,1327.0,1275.0,52.0,15547.25,15393.25,154.0,1253.0,1253.0,0.0,15163.5,15163.5,0.0,-5.576488319517714,-1.7254901960784275,-100,-2.4682821720883097,-1.4925373134328401,-100
,스페인,4486.25,4250.25,236.0,52456.5,48308.25,4148.25,6588.0,2490.0,4098.0,52991.75,34157.75,18834.0,46.84870437447757,-41.41521086994883,1636.4406779661017,1.020369258337861,-29.292098140586752,354.0227806906527
,슬로바키아,2.0,2.0,0.0,5.0,5.0,0.0,,,,14.0,14.0,0.0,-100,-100,,179.99999999999997,179.99999999999997,
,슬로베니아,1042.25,1042.25,0.0,13991.25,13009.0,982.25,1358.0,1332.0,26.0,13780.25,13663.25,117.0,30.29503478052291,27.800431758215403,0,-1.5080854105244401,5.029210546544705,-88.08857215576482
,시리아,,,,18.0,18.0,0.0,,,,5.0,5.0,0.0,,,,-72.22222222222221,-72.22222222222221,
,시에라 리온,23.0,23.0,0.0,174.0,174.0,0.0,8.0,8.0,0.0,182.0,182.0,0.0,-65.21739130434783,-65.21739130434783,,4.597701149425282,4.597701149425282,
,싱가포르,6242.75,2614.75,3628.0,52979.25,31628.75,21350.5,8362.5,2463.0,5899.5,74247.5,32758.0,41489.5,33.95538825037043,-5.803614112247823,62.61025358324146,40.14449053167042,3.570327629134895,94.3256598206131
,아랍에미리트연합국,8302.0,1110.0,7192.0,61025.75,14075.25,46950.5,5153.0,1126.0,4027.0,61896.5,13145.0,48751.5,-37.930619127920984,1.441441441441449,-44.00723025583982,1.4268566957390982,-6.609118843359796,3.835954888659332
,아루바,1.0,1.0,0.0,4.0,4.0,0.0,2.0,2.0,0.0,8.0,8.0,0.0,100.0,100.0,,100.0,100.0,
,아르헨티나,2362.0,106.0,2256.0,14074.0,3086.0,10988.0,69.0,65.0,4.0,17225.0,2933.0,14292.0,-97.0787468247248,-38.67924528301887,-99.822695035461,22.38880204632656,-4.957874270900842,30.069166363305435
,아메리칸사모아,41.0,41.0,0.0,3998.0,378.0,3620.0,553.0,26.0,527.0,4055.0,357.0,3698.0,1248.780487804878,-36.58536585365854,0,1.4257128564282073,-5.555555555555558,2.1546961325966896
,아이슬란드,2.0,2.0,0.0,64.0,64.0,0.0,,,,85.0,85.0,0.0,-100,-100,,32.8125,32.8125,
,아이티,,,,143.0,143.0,0.0,,,,44.0,44.0,0.0,,,,-69.23076923076923,-69.23076923076923,
,아일랜드,354.0,329.0,25.0,3156.0,3035.0,121.0,244.0,240.0,4.0,2913.0,2716.0,197.0,-31.07344632768362,-27.0516717325228,-84.0,-7.699619771863119,-10.510708401976931,62.809917355371894
,알바니아,4.0,4.0,0.0,664.0,664.0,0.0,,,,20.0,20.0,0.0,-100,-100,,-96.98795180722891,-96.98795180722891,
,알제리,4.0,4.0,0.0,40.0,40.0,0.0,,,,59.0,6.0,53.0,-100,-100,,47.50000000000001,-85.0,0
,앙골라,24.0,0.0,24.0,172.0,143.0,29.0,,,,85.0,84.0,1.0,-100,,-100,-50.58139534883721,-41.25874125874126,-96.55172413793103
,앤티가 바부다,,,,2.0,2.0,0.0,,,,2.0,2.0,0.0,,,,0.0,0.0,
,앤틸리스제도,11.0,11.0,0.0,34.0,33.0,1.0,6.0,6.0,0.0,54.0,54.0,0.0,-45.45454545454546,-45.45454545454546,,58.823529411764696,63.63636363636365,-100
,에스토니아,241.0,241.0,0.0,2391.0,2391.0,0.0,209.0,209.0,0.0,2755.0,2747.0,8.0,-13.278008298755184,-13.278008298755184,,15.223755750731915,14.889167712254281,0
,에콰도르,151.0,117.0,34.0,11026.0,3033.0,7993.0,701.0,256.0,445.0,11268.0,3990.0,7278.0,364.23841059602654,118.80341880341882,1208.8235294117646,2.194812261926349,31.55291790306627,-8.945327161266103
,엘살바도르,54.0,52.0,2.0,1022.0,1001.0,21.0,188.0,188.0,0.0,925.0,909.0,16.0,248.14814814814815,261.53846153846155,-100,-9.491193737769077,-9.19080919080919,-23.809523809523814
,영국,1692.0,1518.0,174.0,20455.0,19666.0,789.0,2364.0,1292.0,1072.0,28014.25,16942.25,11072.0,39.71631205673758,-14.88801054018445,516.0919540229885,36.955512099731116,-13.850045764263196,1303.2953105196452
,예멘,84.0,84.0,0.0,2527.0,2185.0,342.0,78.0,78.0,0.0,668.0,668.0,0.0,-7.14285714285714,-7.14285714285714,,-73.5654926790661,-69.4279176201373,-100
,오만,324.0,231.0,93.0,5459.25,4271.0,1188.25,334.0,254.0,80.0,7833.25,5091.0,2742.25,3.0864197530864113,9.956709956709965,-13.978494623655912,43.48582680771169,19.199250760945908,130.78055964653902
,오스트리아,,,,,,,,,,16.0,16.0,0.0,,,,0,0,
,온두라스,36.0,36.0,0.0,881.0,881.0,0.0,36.0,36.0,0.0,550.0,543.0,7.0,0.0,0.0,,-37.57094211123723,-38.365493757094214,0
,요르단,351.0,149.0,202.0,3663.0,2226.0,1437.0,363.0,97.0,266.0,6695.0,1491.0,5204.0,3.418803418803429,-34.89932885906041,31.68316831683169,82.77368277368278,-33.01886792452831,262.14335421016006
,우루과이,571.0,105.0,466.0,5114.0,1830.0,3284.0,42.0,34.0,8.0,4091.0,1208.0,2883.0,-92.6444833625219,-67.61904761904762,-98.28326180257511,-20.00391083300743,-33.98907103825136,-12.210718635809991
,우크라이나,,,,1726.0,1264.0,462.0,,,,,,,,,,-100,-100,-100
,원양어획지역,,,,,,,,,,24.0,24.0,0.0,,,,0,0,
,이라크,,,,72.0,10.0,62.0,2.0,0.0,2.0,770.0,1.0,769.0,0,,0,969.4444444444445,-90.0,1140.3225806451612
,이란,3.0,3.0,0.0,556.0,145.0,411.0,13.0,13.0,0.0,55.0,15.0,40.0,333.3333333333333,333.3333333333333,,-90.10791366906474,-89.65517241379311,-90.2676399026764
,이스라엘,1835.0,417.0,1418.0,10862.0,5177.0,5685.0,1721.0,523.0,1198.0,34896.75,5612.0,29284.75,-6.212534059945507,25.41966426858513,-15.5148095909732,221.2737064997238,8.402549739231224,415.12313104661393
,이집트,558.0,407.0,151.0,7238.0,3813.0,3425.0,2704.0,197.0,2507.0,13409.0,2711.0,10698.0,384.58781362007176,-51.59705159705159,1560.2649006622516,85.25835866261397,-28.901127720954634,212.35036496350364
,이탈리아,5396.75,5126.75,270.0,67366.5,60479.25,6887.25,4632.75,4076.75,556.0,61040.25,52521.25,8519.0,-14.156668365219804,-20.480811430243328,105.92592592592594,-9.390795128142326,-13.158231955588073,23.69233003012814
,인도,8947.25,5568.0,3379.25,105394.0,79303.0,26091.0,7180.0,5153.0,2027.0,99908.5,71389.25,28519.25,-19.751879068987677,-7.453304597701149,-40.01627580084338,-5.20475548892726,-9.97913067601478,9.306849105055392
,인도네시아,6125.25,5236.25,889.0,81565.25,66875.25,14690.0,5974.25,4937.25,1037.0,89659.75,61432.25,28227.5,-2.4652055018162478,-5.710193363571259,16.647919010123722,9.923956586904348,-8.139034994261706,92.15452688904016
,일본,58180.0,20064.5,38115.5,756854.0,250990.0,505864.0,56456.0,20506.0,35950.0,645989.5,228349.0,417640.5,-2.9632176005500166,2.200403698073705,-5.681415697026148,-14.648069508782402,-9.020678114665925,-17.440161782613504
,자메이카,1601.0,8.0,1593.0,9216.0,204.0,9012.0,1238.0,0.0,1238.0,10403.0,34.0,10369.0,-22.67332916926921,-100,-22.28499686126805,12.879774305555557,-83.33333333333334,15.05770084332001
,적도 기니,,,,10.0,10.0,0.0,,,,14.0,14.0,0.0,,,,39.99999999999999,39.99999999999999,
,조지아,22.0,22.0,0.0,152.0,152.0,0.0,16.0,16.0,0.0,205.0,205.0,0.0,-27.27272727272727,-27.27272727272727,,34.86842105263157,34.86842105263157,
,중국,95159.75,77399.25,17760.5,1176160.75,928417.75,247743.0,113555.75,91322.25,22233.5,1310101.25,1016530.25,293571.0,19.331702741968115,17.988546400643422,25.18510177078348,11.387941656784584,9.490609157354001,18.498201765539292
,지부티,85.0,85.0,0.0,1085.0,1085.0,0.0,1210.0,76.0,1134.0,2086.0,952.0,1134.0,1323.5294117647059,-10.588235294117643,0,92.25806451612904,-12.25806451612903,0
,체코,,,,8.0,8.0,0.0,26.0,26.0,0.0,171.0,171.0,0.0,0,0,,2037.5,2037.5,
,칠레,3542.0,3478.0,64.0,61448.0,60411.0,1037.0,3198.0,3153.0,45.0,61458.0,58164.0,3294.0,-9.712027103331454,-9.344450833812534,-29.6875,0.016273922666321106,-3.7195212792372256,217.6470588235294
,카메룬,2.0,2.0,0.0,14.0,14.0,0.0,,,,39.0,39.0,0.0,-100,-100,,178.57142857142856,178.57142857142856,
,카보 베르데,,,,7.0,7.0,0.0,,,,12.0,12.0,0.0,,,,71.42857142857142,71.42857142857142,
,카자흐스탄,,,,2.0,2.0,0.0,,,,,,,,,,-100,-100,
,카타르,480.0,393.0,87.0,5671.5,4805.0,866.5,490.0,475.0,15.0,5882.5,4373.0,1509.5,2.083333333333326,20.865139949109412,-82.75862068965517,3.7203561667989105,-8.990634755463056,74.2065781881131
,캄보디아,139.0,139.0,0.0,1761.0,1713.0,48.0,184.0,184.0,0.0,1715.0,1714.0,1.0,32.37410071942446,32.37410071942446,,-2.61215218625781,0.05837711617047159,-97.91666666666666
,캐나다,5796.5,3397.75,2398.75,118453.25,51998.5,66454.75,10252.5,4432.5,5820.0,119008.25,47120.25,71888.0,76.87397567497626,30.4539768964756,142.6263678999479,0.4685392760435114,-9.381520620787143,8.175864027778301
,케냐,51.0,51.0,0.0,802.0,795.0,7.0,20.0,20.0,0.0,731.0,657.0,74.0,-60.7843137254902,-60.7843137254902,,-8.85286783042394,-17.35849056603773,957.1428571428571
,코스타리카,113.0,102.0,11.0,2143.0,2085.0,58.0,298.0,298.0,0.0,4029.0,3694.0,335.0,163.71681415929206,192.156862745098,-100,88.00746616892208,77.17026378896882,477.5862068965517
,코트디부아르,25.0,25.0,0.0,158.0,158.0,0.0,2.0,2.0,0.0,283.0,133.0,150.0,-92.0,-92.0,,79.11392405063292,-15.822784810126578,0
,콜롬비아,639.0,318.0,321.0,14595.0,5194.0,9401.0,992.0,325.0,667.0,23011.0,4031.0,18980.0,55.24256651017214,2.2012578616352307,107.78816199376946,57.6635834189791,-22.391220639199073,101.89341559408574
,콩고,1.0,1.0,0.0,30.0,30.0,0.0,,,,277.0,27.0,250.0,-100,-100,,823.3333333333333,-9.999999999999998,0
,콩고 민주 공화국,13.0,13.0,0.0,65.0,65.0,0.0,,,,22.0,22.0,0.0,-100,-100,,-66.15384615384615,-66.15384615384615,
,쿠바,,,,13.0,13.0,0.0,16.0,16.0,0.0,39.0,39.0,0.0,0,0,,200.0,200.0,
,쿠웨이트,25.0,23.0,2.0,702.0,698.0,4.0,141.0,141.0,0.0,881.0,818.0,63.0,463.99999999999994,513.0434782608695,-100,25.498575498575505,17.19197707736391,1475.0
,퀴라소,,,,4.0,4.0,0.0,2.0,2.0,0.0,41.0,40.0,1.0,0,0,,925.0,900.0,0
,크로아티아,144.0,144.0,0.0,2088.0,2074.0,14.0,261.0,259.0,2.0,2335.25,2239.25,96.0,81.25,79.86111111111111,0,11.841475095785437,7.967695274831255,585.7142857142857
,키리바시,2.0,0.0,2.0,365.0,2.0,363.0,,,,38.0,4.0,34.0,-100,,-100,-89.58904109589041,100.0,-90.633608815427
,키프로스,9.0,9.0,0.0,144.0,144.0,0.0,20.0,20.0,0.0,233.0,233.0,0.0,122.22222222222223,122.22222222222223,,61.80555555555556,61.80555555555556,
,탄자니아,437.0,437.0,0.0,3563.0,3563.0,0.0,188.0,188.0,0.0,2890.0,2876.0,14.0,-56.97940503432495,-56.97940503432495,,-18.88857704181869,-19.28150435026663,0
,태국,7804.5,7463.0,341.5,90377.5,87060.25,3317.25,8720.0,8388.0,332.0,92095.5,87630.0,4465.5,11.730411941828422,12.39447943186387,-2.7818448023426035,1.9009156039943464,0.6544318446133568,34.61451503504409
,토고,31.0,31.0,0.0,1335.0,517.0,818.0,51.0,21.0,30.0,2077.0,398.0,1679.0,64.51612903225808,-32.25806451612904,0,55.580524344569284,-23.017408123791107,105.25672371638142
,통가,1103.0,36.0,1067.0,1476.0,91.0,1385.0,1.0,1.0,0.0,1152.0,48.0,1104.0,-99.909338168631,-97.22222222222221,-100,-21.95121951219512,-47.25274725274725,-20.28880866425993
,튀니지,104.0,104.0,0.0,868.0,868.0,0.0,102.0,102.0,0.0,1038.0,917.0,121.0,-1.9230769230769273,-1.9230769230769273,,19.585253456221196,5.645161290322576,0
,튀르키예,3714.75,2032.75,1682.0,31981.75,20516.25,11465.5,1984.25,1531.25,453.0,25641.5,19609.5,6032.0,-46.58456154519147,-24.671012175624153,-73.06777645659929,-19.824587460035804,-4.419667336867117,-47.389996075182076
,트리니다드 토바고,,,,562.0,562.0,0.0,7.0,7.0,0.0,95.0,88.0,7.0,0,0,,-83.09608540925267,-84.34163701067617,0
,파나마,2487.0,142.0,2345.0,56514.5,1787.0,54727.5,1413.0,63.0,1350.0,17593.25,1052.0,16541.25,-43.184559710494575,-55.6338028169014,-42.43070362473348,-68.86949366976617,-41.13038612199217,-69.77525010278197
,파라과이,34.0,34.0,0.0,272.0,206.0,66.0,8.0,8.0,0.0,198.0,198.0,0.0,-76.47058823529412,-76.47058823529412,,-27.20588235294118,-3.8834951456310662,-100
,파키스탄,1745.0,672.0,1073.0,16088.0,7104.0,8984.0,577.0,440.0,137.0,16117.75,6861.0,9256.75,-66.93409742120345,-34.523809523809526,-87.23205964585274,0.18492043759323895,-3.420608108108103,3.0359528049866524
,파푸아 뉴기니,95.0,95.0,0.0,884.0,884.0,0.0,153.0,60.0,93.0,1287.0,784.0,503.0,61.052631578947356,-36.8421052631579,0,45.58823529411764,-11.31221719457014,0
,팔라우,4.0,4.0,0.0,41.0,39.0,2.0,,,,23.0,21.0,2.0,-100,-100,,-43.90243902439024,-46.15384615384615,0.0
,페로 제도,,,,,,,2.0,2.0,0.0,13.0,13.0,0.0,0,0,,0,0,
,페루,1177.0,996.0,181.0,18110.0,15257.0,2853.0,1272.0,1272.0,0.0,26407.0,20572.0,5835.0,8.071367884451996,27.710843373493965,-100,45.81446714522364,34.836468506259436,104.52155625657204
,포르투갈,362.0,362.0,0.0,3448.0,3448.0,0.0,421.0,417.0,4.0,5030.0,4985.0,45.0,16.298342541436472,15.193370165745845,0,45.88167053364269,44.576566125290014,0
,폴란드,1219.0,1188.0,31.0,13283.0,13136.0,147.0,1244.0,1237.0,7.0,14470.25,14256.25,214.0,2.0508613617719496,4.124579124579131,-77.41935483870968,8.938116389369878,8.52809074299634,45.57823129251701
,푸에르토리코,334.0,334.0,0.0,2732.0,2732.0,0.0,71.0,71.0,0.0,1233.0,1215.0,18.0,-78.74251497005989,-78.74251497005989,,-54.86822840409956,-55.527086383601755,0
,프랑스,3783.0,3284.0,499.0,38834.25,35466.0,3368.25,2850.0,2252.0,598.0,36389.25,27805.25,8584.0,-24.662965900079303,-31.425091352009748,19.839679358717444,-6.2959887212962755,-21.600265042575984,154.85044162398873
,프랑스령 기아나,1.0,1.0,0.0,3.0,3.0,0.0,,,,4.0,4.0,0.0,-100,-100,,33.33333333333333,33.33333333333333,
,프랑스령 폴리네시아,777.0,5.0,772.0,4378.0,82.0,4296.0,197.0,8.0,189.0,4085.0,88.0,3997.0,-74.64607464607465,60.00000000000001,-75.51813471502591,-6.692553677478297,7.317073170731714,-6.959962756052141
,피지,62.0,28.0,34.0,1756.0,258.0,1498.0,120.0,29.0,91.0,1854.0,205.0,1649.0,93.5483870967742,3.571428571428581,167.6470588235294,5.580865603644658,-20.542635658914733,10.080106809078782
,핀란드,943.0,943.0,0.0,12599.25,12531.25,68.0,920.0,914.0,6.0,10700.0,10628.0,72.0,-2.4390243902439046,-3.0752916224814464,0,-15.074309978768575,-15.18802992518703,5.882352941176472
,필리핀,9728.0,2372.0,7356.0,71176.75,28240.0,42936.75,13340.25,2494.0,10846.25,123259.0,29744.0,93515.0,37.1325041118421,5.143338954468812,47.44766177270257,73.17312184105063,5.325779036827205,117.79710853755816
,헝가리,,,,3.0,3.0,0.0,2.0,2.0,0.0,2.0,2.0,0.0,0,0,,-33.333333333333336,-33.333333333333336,
,호주,10161.0,5335.0,4826.0,142809.25,78866.0,63943.25,9606.0,4601.0,5005.0,137153.75,69810.0,67343.75,-5.462060820785353,-13.758200562324275,3.709075839204301,-3.9601776495570173,-11.482768239799157,5.3179968174905
,홍콩,3495.0,3345.0,150.0,40212.0,36346.0,3866.0,3390.5,2679.0,711.5,40451.0,30934.0,9517.0,-2.9899856938483516,-19.91031390134529,374.3333333333333,0.5943499452899736,-14.890221757552414,146.17175375064667
출항소계,,399921.0,313659.0,86262.0,5177749.75,4252335.0,925414.75,445939.25,364107.25,81832.0,5413643.75,4375176.75,1038467.0,11.506835099932244,16.08378844541365,-5.135517377292431,4.555917365453976,2.8888069731100696,12.216387300937237
출항,가나,279.0,279.0,0.0,2713.0,2713.0,0.0,240.0,240.0,0.0,3197.0,3197.0,0.0,-13.978494623655912,-13.978494623655912,,17.840029487652043,17.840029487652043,
,가봉,3.0,3.0,0.0,9.0,9.0,0.0,,,,17.0,17.0,0.0,-100,-100,,88.88888888888889,88.88888888888889,
,가이아나,12.0,12.0,0.0,177.0,177.0,0.0,36.0,36.0,0.0,280.0,280.0,0.0,200.0,200.0,,58.192090395480236,58.192090395480236,
,감비아,3.0,3.0,0.0,6.0,6.0,0.0,,,,3.0,3.0,0.0,-100,-100,,-50.0,-50.0,
,과들루프,4.0,4.0,0.0,50.0,50.0,0.0,4.0,4.0,0.0,40.0,40.0,0.0,0.0,0.0,,-19.999999999999996,-19.999999999999996,
,과테말라,353.0,353.0,0.0,5984.0,5984.0,0.0,809.0,809.0,0.0,8076.0,8059.0,17.0,129.17847025495752,129.17847025495752,,34.95989304812834,34.67580213903743,0
,괌,325.75,282.75,43.0,3099.5,3024.5,75.0,291.0,291.0,0.0,3955.25,3735.25,220.0,-10.667689946277825,2.917771883289122,-100,27.609291821261483,23.499752025128128,193.33333333333331
,그레나다,,,,27.0,27.0,0.0,2.0,2.0,0.0,20.0,20.0,0.0,0,0,,-25.92592592592593,-25.92592592592593,
,그리스,815.0,815.0,0.0,10746.0,10746.0,0.0,1415.0,1415.0,0.0,14060.0,14060.0,0.0,73.61963190184049,73.61963190184049,,30.839382095663503,30.839382095663503,
,기니,6.25,6.25,0.0,116.25,116.25,0.0,5.0,5.0,0.0,130.0,130.0,0.0,-19.999999999999996,-19.999999999999996,,11.827956989247301,11.827956989247301,
,기니비사우,2.0,2.0,0.0,11.0,11.0,0.0,,,,1.0,1.0,0.0,-100,-100,,-90.9090909090909,-90.9090909090909,
,나미비아,,,,20.0,14.0,6.0,13.0,13.0,0.0,24.0,24.0,0.0,0,0,,19.999999999999996,71.42857142857142,-100
,나우루,,,,,,,,,,5.0,5.0,0.0,,,,0,0,
,나이지리아,368.0,368.0,0.0,2627.0,2627.0,0.0,364.0,364.0,0.0,5629.0,5629.0,0.0,-1.0869565217391353,-1.0869565217391353,,114.2748382185002,114.2748382185002,
,남아프리카,368.0,368.0,0.0,3344.0,3344.0,0.0,410.0,410.0,0.0,4295.0,4295.0,0.0,11.413043478260864,11.413043478260864,,28.438995215311014,28.438995215311014,
,네덜란드,3999.0,3981.0,18.0,64172.75,63652.75,520.0,5238.0,5226.0,12.0,63668.0,63538.0,130.0,30.98274568642161,31.27354935945743,-33.333333333333336,-0.786548807710441,-0.18027500775693595,-75.0
,네팔,,,,,,,,,,5.0,5.0,0.0,,,,0,0,
,노르웨이,31.0,31.0,0.0,320.0,320.0,0.0,43.0,43.0,0.0,911.0,907.0,4.0,38.70967741935485,38.70967741935485,,184.68749999999997,183.4375,0
,뉴질랜드,840.0,836.0,4.0,14057.0,11565.0,2492.0,1435.0,1085.0,350.0,15320.0,12114.0,3206.0,70.83333333333333,29.784688995215312,8650.0,8.98484740698584,4.747081712062262,28.65168539325842
,뉴칼레도니아,105.0,60.0,45.0,1061.0,357.0,704.0,93.0,15.0,78.0,741.0,275.0,466.0,-11.428571428571432,-75.0,73.33333333333334,-30.160226201696517,-22.969187675070025,-33.80681818181818
,니카라과,10.0,10.0,0.0,328.0,328.0,0.0,10.0,10.0,0.0,170.0,170.0,0.0,0.0,0.0,,-48.170731707317074,-48.170731707317074,
,대만,10039.0,9497.0,542.0,134897.75,124039.5,10858.25,9485.75,8839.0,646.75,113281.0,103805.0,9476.0,-5.5110070724175735,-6.928503738022529,19.326568265682663,-16.02454451612425,-16.31294869779385,-12.729951879906986
,대한민국,9574.25,28.0,9546.25,121080.0,1910.25,119169.75,7503.25,310.0,7193.25,125503.0,3813.0,121690.0,-21.63093714912395,1007.1428571428571,-24.64842215529658,3.6529567228278825,99.60738123282293,2.114840385248784
,덴마크,379.0,111.0,268.0,2035.0,1203.0,832.0,88.0,88.0,0.0,1614.75,975.0,639.75,-76.78100263852244,-20.72072072072072,-100,-20.65110565110565,-18.952618453865334,-23.106971153846157
,도미니카 공화국,183.0,183.0,0.0,3092.0,3092.0,0.0,603.0,603.0,0.0,4255.0,4255.0,0.0,229.50819672131146,229.50819672131146,,37.61319534282017,37.61319534282017,
,도미니카 연방,,,,3.0,3.0,0.0,,,,,,,,,,-100,-100,
,독일,4530.0,4462.0,68.0,62987.75,61823.75,1164.0,5052.0,4848.0,204.0,66705.25,65562.25,1143.0,11.523178807947021,8.650829224562973,200.0,5.901941250481246,6.047028852180603,-1.8041237113402109
,동티모르,13.0,13.0,0.0,57.0,57.0,0.0,2.0,2.0,0.0,32.0,32.0,0.0,-84.61538461538461,-84.61538461538461,,-43.85964912280702,-43.85964912280702,
,라오스,,,,,,,,,,1.0,1.0,0.0,,,,0,0,
,라이베리아,2.0,2.0,0.0,34.0,34.0,0.0,,,,34.0,34.0,0.0,-100,-100,,0.0,0.0,
,라트비아,50.0,50.0,0.0,356.0,352.0,4.0,44.0,44.0,0.0,724.0,724.0,0.0,-12.0,-12.0,,103.37078651685391,105.68181818181816,-100
,러시아,13667.0,13607.0,60.0,143859.0,142045.0,1814.0,12097.0,12097.0,0.0,172822.0,170427.0,2395.0,-11.487524694519646,-11.09722936723745,-100,20.13290791677962,19.980991939174196,32.02866593164278
,레바논,28.0,28.0,0.0,2059.0,563.0,1496.0,38.0,38.0,0.0,372.0,372.0,0.0,35.71428571428572,35.71428571428572,,-81.93297717338514,-33.92539964476021,-100
,레위니옹,14.0,14.0,0.0,141.0,141.0,0.0,8.0,8.0,0.0,174.0,174.0,0.0,-42.85714285714286,-42.85714285714286,,23.404255319148938,23.404255319148938,
,루마니아,243.0,243.0,0.0,2260.0,2244.0,16.0,150.0,150.0,0.0,1651.0,1641.0,10.0,-38.27160493827161,-38.27160493827161,,-26.946902654867255,-26.87165775401069,-37.5
,리비아,154.0,154.0,0.0,2913.0,2913.0,0.0,274.0,274.0,0.0,2123.0,2123.0,0.0,77.92207792207793,77.92207792207793,,-27.119807758324754,-27.119807758324754,
,리투아니아,442.0,442.0,0.0,930.0,930.0,0.0,196.0,196.0,0.0,3107.25,3107.25,0.0,-55.65610859728507,-55.65610859728507,,234.11290322580646,234.11290322580646,
,마다가스카르,27.0,27.0,0.0,160.0,160.0,0.0,49.0,49.0,0.0,226.0,226.0,0.0,81.4814814814815,81.4814814814815,,41.25000000000001,41.25000000000001,
,마르티니크,9.0,9.0,0.0,45.0,45.0,0.0,12.0,12.0,0.0,74.0,74.0,0.0,33.33333333333333,33.33333333333333,,64.44444444444444,64.44444444444444,
,마샬 제도,9.0,7.0,2.0,262.0,143.0,119.0,31.0,21.0,10.0,215.0,161.0,54.0,244.44444444444446,200.0,400.0,-17.938931297709924,12.587412587412583,-54.6218487394958
,마요트,,,,3.0,3.0,0.0,,,,31.0,31.0,0.0,,,,933.3333333333334,933.3333333333334,
,마카오,1.0,1.0,0.0,2.0,2.0,0.0,,,,4.0,4.0,0.0,-100,-100,,100.0,100.0,
,말레이시아,6646.75,6154.75,492.0,88789.5,87130.5,1659.0,8829.5,8656.5,173.0,85288.0,83680.75,1607.25,32.839357580772564,40.64746740322516,-64.83739837398375,-3.943596934322191,-3.9592909486345196,-3.119349005424954
,멕시코,11703.0,11679.0,24.0,177809.0,175986.0,1823.0,16569.0,16563.0,6.0,190792.0,184235.0,6557.0,41.57908228659317,41.81864885692268,-75.0,7.301655146814845,4.687304671962544,259.6818431157433
,모로코,327.0,327.0,0.0,2146.0,2146.0,0.0,1251.0,1251.0,0.0,8403.0,8363.0,40.0,282.56880733944956,282.56880733944956,,291.56570363466915,289.70177073625354,0
,모리셔스,10.0,10.0,0.0,145.0,145.0,0.0,33.0,33.0,0.0,240.0,240.0,0.0,229.99999999999997,229.99999999999997,,65.51724137931035,65.51724137931035,
,모리타니,2.0,2.0,0.0,99.0,99.0,0.0,3.0,3.0,0.0,41.0,41.0,0.0,50.0,50.0,,-58.58585858585859,-58.58585858585859,
,모잠비크,81.0,81.0,0.0,873.0,873.0,0.0,112.0,112.0,0.0,1021.0,1021.0,0.0,38.271604938271594,38.271604938271594,,16.953035509736548,16.953035509736548,
,몬테네그로,2.0,2.0,0.0,29.0,29.0,0.0,2.0,2.0,0.0,39.0,39.0,0.0,0.0,0.0,,34.48275862068966,34.48275862068966,
,몰디브,9.0,9.0,0.0,75.0,75.0,0.0,3.0,3.0,0.0,97.0,97.0,0.0,-66.66666666666667,-66.66666666666667,,29.33333333333332,29.33333333333332,
,몰타,165.0,165.0,0.0,758.0,758.0,0.0,27.0,27.0,0.0,625.0,625.0,0.0,-83.63636363636364,-83.63636363636364,,-17.546174142480208,-17.546174142480208,
,미국,59543.25,58721.25,822.0,924209.25,916531.25,7678.0,85533.75,84663.75,870.0,1025095.0,1016830.0,8265.0,43.649783980551945,44.17906635161888,5.8394160583941535,10.91589918625031,10.943298441815275,7.645220109403494
,미국령 버진아일랜드,,,,7.0,7.0,0.0,,,,3.0,3.0,0.0,,,,-57.14285714285714,-57.14285714285714,
,미얀마,50.0,50.0,0.0,504.0,504.0,0.0,131.0,131.0,0.0,843.0,843.0,0.0,162.0,162.0,,67.26190476190477,67.26190476190477,
,미크로네시아,31.0,20.0,11.0,332.0,244.0,88.0,34.0,16.0,18.0,348.0,241.0,107.0,9.677419354838701,-19.999999999999996,63.63636363636365,4.819277108433728,-1.2295081967213073,21.590909090909083
,바누아투,51.0,19.0,32.0,261.0,183.0,78.0,6.0,6.0,0.0,230.0,230.0,0.0,-88.23529411764706,-68.42105263157895,-100,-11.877394636015326,25.683060109289624,-100
,바레인,35.0,35.0,0.0,424.0,424.0,0.0,39.0,39.0,0.0,436.0,436.0,0.0,11.428571428571432,11.428571428571432,,2.8301886792452935,2.8301886792452935,
,바베이도스,9.0,9.0,0.0,40.0,40.0,0.0,2.0,2.0,0.0,25.0,25.0,0.0,-77.77777777777779,-77.77777777777779,,-37.5,-37.5,
,바하마,978.0,6.0,972.0,8765.0,146.0,8619.0,163.0,11.0,152.0,7521.0,328.0,7193.0,-83.33333333333334,83.33333333333333,-84.36213991769547,-14.192812321734172,124.65753424657535,-16.544842789186674
,방글라데시,458.0,458.0,0.0,3833.5,3833.5,0.0,794.0,794.0,0.0,7526.5,7526.5,0.0,73.36244541484716,73.36244541484716,,96.33494195904527,96.33494195904527,
,베냉,4.0,4.0,0.0,32.0,32.0,0.0,,,,119.0,119.0,0.0,-100,-100,,271.875,271.875,
,베네수엘라,18.0,18.0,0.0,441.0,441.0,0.0,15.0,15.0,0.0,260.0,259.0,1.0,-16.666666666666664,-16.666666666666664,,-41.04308390022676,-41.269841269841265,0
,베트남,19872.0,16521.0,3351.0,238725.5,222161.75,16563.75,18787.0,17910.0,877.0,211413.5,187477.25,23936.25,-5.459943639291465,8.407481387325234,-73.82870784840347,-11.44075517697104,-15.612273489923446,44.50984831333484
,벨기에,1313.25,1313.25,0.0,22620.75,22436.75,184.0,1425.75,1362.75,63.0,25984.75,25846.75,138.0,8.566533409480304,3.769274700171321,0,14.871301791496737,15.198279608232035,-25.0
,벨리즈,6.0,6.0,0.0,41.0,41.0,0.0,12.0,12.0,0.0,62.0,62.0,0.0,100.0,100.0,,51.21951219512195,51.21951219512195,
,북마리아나 제도,77.0,77.0,0.0,1019.5,986.5,33.0,92.0,86.0,6.0,1057.25,1014.25,43.0,19.480519480519476,11.688311688311682,0,3.7027954879843117,2.8129751647237633,30.303030303030297
,불가리아,10.0,10.0,0.0,206.0,206.0,0.0,24.0,24.0,0.0,324.0,324.0,0.0,140.0,140.0,,57.28155339805825,57.28155339805825,
,브라질,4554.0,4552.0,2.0,56535.0,56453.0,82.0,2720.0,2720.0,0.0,43849.0,43399.0,450.0,-40.27228809837505,-40.24604569420035,-100,-22.439196957636863,-23.123660390058987,448.7804878048781
,브루나이,10.0,10.0,0.0,22.0,22.0,0.0,5.0,5.0,0.0,18.0,18.0,0.0,-50.0,-50.0,,-18.181818181818176,-18.181818181818176,
,사모아,7.0,7.0,0.0,187.0,144.0,43.0,88.0,12.0,76.0,618.0,193.0,425.0,1157.142857142857,71.42857142857142,0,230.48128342245988,34.02777777777777,888.3720930232558
,사우디아라비아,3599.0,3599.0,0.0,37663.5,37499.5,164.0,3774.25,3766.25,8.0,52822.5,52798.5,24.0,4.869408168935818,4.647124201166997,0,40.248516468198645,40.797877305030724,-85.36585365853658
,상투메 프린시페,,,,4.0,4.0,0.0,,,,7.0,7.0,0.0,,,,75.0,75.0,
,세네갈,143.0,143.0,0.0,682.0,682.0,0.0,41.0,41.0,0.0,708.0,708.0,0.0,-71.32867132867133,-71.32867132867133,,3.8123167155425186,3.8123167155425186,
,세이셸,8.0,8.0,0.0,168.0,168.0,0.0,14.0,14.0,0.0,113.0,113.0,0.0,75.0,75.0,,-32.738095238095234,-32.738095238095234,
,세인트 빈센트 그레나딘,,,,7.0,7.0,0.0,,,,9.0,9.0,0.0,,,,28.57142857142858,28.57142857142858,
,세인트루시아,4.0,4.0,0.0,34.0,34.0,0.0,5.0,5.0,0.0,42.0,42.0,0.0,25.0,25.0,,23.529411764705888,23.529411764705888,
,세인트키츠 네비스,,,,3.0,3.0,0.0,,,,1.0,1.0,0.0,,,,-66.66666666666667,-66.66666666666667,
,소말리아,20.0,20.0,0.0,86.0,86.0,0.0,4.0,4.0,0.0,87.0,87.0,0.0,-80.0,-80.0,,1.1627906976744207,1.1627906976744207,
,솔로몬제도,40.0,40.0,0.0,339.0,219.0,120.0,19.0,17.0,2.0,214.0,202.0,12.0,-52.5,-57.49999999999999,0,-36.87315634218289,-7.762557077625576,-90.0
,수단,,,,23.0,23.0,0.0,1.0,1.0,0.0,76.0,76.0,0.0,0,0,,230.43478260869566,230.43478260869566,
,수리남,,,,27.0,27.0,0.0,4.0,4.0,0.0,68.0,68.0,0.0,0,0,,151.85185185185185,151.85185185185185,
,스리랑카,393.0,393.0,0.0,12742.25,12442.25,300.0,313.0,313.0,0.0,7559.0,7559.0,0.0,-20.356234096692116,-20.356234096692116,,-40.67766681708489,-39.247322630553164,-100
,스웨덴,495.0,495.0,0.0,5215.0,5215.0,0.0,460.0,460.0,0.0,6797.0,6797.0,0.0,-7.070707070707072,-7.070707070707072,,30.335570469798668,30.335570469798668,
,스페인,2472.0,2472.0,0.0,31222.0,30894.0,328.0,2574.0,2574.0,0.0,40220.0,39904.0,316.0,4.126213592233019,4.126213592233019,,28.819422202293254,29.164239010811155,-3.658536585365857
,슬로베니아,9431.25,9431.25,0.0,108583.5,108529.5,54.0,8537.0,8533.0,4.0,106232.25,106158.25,74.0,-9.481776010603049,-9.524188204108686,0,-2.1653842434624093,-2.184889822582803,37.037037037037045
,시리아,21.25,21.25,0.0,281.25,281.25,0.0,12.0,12.0,0.0,113.25,113.25,0.0,-43.529411764705884,-43.529411764705884,,-59.73333333333333,-59.73333333333333,
,시에라 리온,10.0,10.0,0.0,62.0,62.0,0.0,,,,85.0,85.0,0.0,-100,-100,,37.09677419354838,37.09677419354838,
,싱가포르,4519.25,4500.25,19.0,68019.25,64884.25,3135.0,6186.0,6127.0,59.0,67669.0,65026.0,2643.0,36.88111965480998,36.147991778234534,210.52631578947367,-0.5149277594210466,0.2184659605374284,-15.693779904306215
,아랍에미리트연합국,4427.0,4419.0,8.0,61862.5,61713.5,149.0,4804.0,4802.0,2.0,61494.0,61387.0,107.0,8.515925005647173,8.667119257750633,-75.0,-0.5956758941200291,-0.5290576616137521,-28.18791946308725
,아루바,32.0,32.0,0.0,164.0,164.0,0.0,21.0,21.0,0.0,145.0,145.0,0.0,-34.375,-34.375,,-11.585365853658535,-11.585365853658535,
,아르헨티나,363.0,363.0,0.0,6340.0,6118.0,222.0,173.0,173.0,0.0,4843.0,4623.0,220.0,-52.34159779614325,-52.34159779614325,,-23.61198738170347,-24.436090225563913,-0.9009009009009028
,아메리칸사모아,88.0,88.0,0.0,622.0,622.0,0.0,60.0,57.0,3.0,724.0,711.0,13.0,-31.818181818181824,-35.22727272727273,0,16.398713826366553,14.308681672025724,0
,아이슬란드,8.0,8.0,0.0,23.0,23.0,0.0,1.0,1.0,0.0,68.0,68.0,0.0,-87.5,-87.5,,195.65217391304347,195.65217391304347,
,아이티,17.0,17.0,0.0,299.0,299.0,0.0,28.0,28.0,0.0,195.0,195.0,0.0,64.70588235294117,64.70588235294117,,-34.78260869565217,-34.78260869565217,
,아일랜드,25.0,25.0,0.0,386.0,386.0,0.0,16.0,16.0,0.0,480.0,479.0,1.0,-36.0,-36.0,,24.352331606217614,24.09326424870466,0
,알바니아,4.0,4.0,0.0,59.0,59.0,0.0,6.0,6.0,0.0,119.0,119.0,0.0,50.0,50.0,,101.69491525423729,101.69491525423729,
,알제리,108.0,108.0,0.0,1865.0,1865.0,0.0,173.0,173.0,0.0,1995.25,1995.25,0.0,60.18518518518518,60.18518518518518,,6.983914209115283,6.983914209115283,
,앙골라,53.0,53.0,0.0,543.0,543.0,0.0,188.0,188.0,0.0,952.25,952.25,0.0,254.7169811320755,254.7169811320755,,75.3683241252302,75.3683241252302,
,앤티가 바부다,,,,6.0,6.0,0.0,,,,8.0,8.0,0.0,,,,33.33333333333333,33.33333333333333,
,앤틸리스제도,5.0,5.0,0.0,42.0,42.0,0.0,8.0,8.0,0.0,108.0,108.0,0.0,60.00000000000001,60.00000000000001,,157.14285714285717,157.14285714285717,
,에리트레아,1.0,1.0,0.0,4.0,4.0,0.0,,,,3.0,3.0,0.0,-100,-100,,-25.0,-25.0,
,에스토니아,19.0,19.0,0.0,231.5,231.5,0.0,1.0,1.0,0.0,173.0,173.0,0.0,-94.73684210526316,-94.73684210526316,,-25.269978401727865,-25.269978401727865,
,에콰도르,1740.0,442.0,1298.0,23184.0,6688.0,16496.0,3075.0,695.0,2380.0,19308.5,7176.5,12132.0,76.72413793103448,57.23981900452488,83.35901386748846,-16.71626984126984,7.304126794258381,-26.454898157129
,엘살바도르,23.0,23.0,0.0,680.0,680.0,0.0,3.0,3.0,0.0,366.0,366.0,0.0,-86.95652173913044,-86.95652173913044,,-46.1764705882353,-46.1764705882353,
,영국,1250.0,1250.0,0.0,10748.75,10748.75,0.0,1540.0,1540.0,0.0,22937.25,22793.25,144.0,23.2,23.2,,113.39458076520526,112.05489010350043,0
,영국령 버진아일랜드,,,,9.0,9.0,0.0,,,,4.0,4.0,0.0,,,,-55.55555555555556,-55.55555555555556,
,예멘,2.0,2.0,0.0,93.0,93.0,0.0,5.0,5.0,0.0,203.0,203.0,0.0,150.0,150.0,,118.2795698924731,118.2795698924731,
,오만,318.0,318.0,0.0,2114.0,2114.0,0.0,2789.0,2789.0,0.0,11888.5,11860.5,28.0,777.0440251572327,777.0440251572327,,462.3699148533586,461.04541154210034,0
,온두라스,20.0,20.0,0.0,433.0,433.0,0.0,42.0,42.0,0.0,524.0,524.0,0.0,110.00000000000001,110.00000000000001,,21.0161662817552,21.0161662817552,
,요르단,301.0,301.0,0.0,2879.0,2879.0,0.0,129.0,129.0,0.0,4432.0,4432.0,0.0,-57.14285714285714,-57.14285714285714,,53.94234109065648,53.94234109065648,
,우루과이,246.0,246.0,0.0,2843.0,2843.0,0.0,165.0,165.0,0.0,2789.0,2789.0,0.0,-32.92682926829268,-32.92682926829268,,-1.8994020400984857,-1.8994020400984857,
,우크라이나,,,,203.0,197.0,6.0,36.0,36.0,0.0,78.0,78.0,0.0,0,0,,-61.57635467980296,-60.40609137055837,-100
,원양어획지역,,,,,,,,,,6.0,6.0,0.0,,,,0,0,
,이라크,163.0,163.0,0.0,3159.75,3159.75,0.0,133.0,133.0,0.0,3421.25,3420.25,1.0,-18.404907975460127,-18.404907975460127,,8.275971200253185,8.244323126829656,0
,이란,205.0,205.0,0.0,1971.0,1971.0,0.0,376.0,376.0,0.0,4657.0,4657.0,0.0,83.41463414634147,83.41463414634147,,136.27600202942668,136.27600202942668,
,이스라엘,1163.0,1098.0,65.0,13559.5,12998.5,561.0,425.0,401.0,24.0,13945.25,13447.25,498.0,-63.45657781599312,-63.479052823315115,-63.07692307692307,2.844868911095544,3.452321421702509,-11.229946524064172
,이집트,4492.25,4492.25,0.0,39879.0,39232.0,647.0,3767.25,3766.25,1.0,43996.0,43985.0,11.0,-16.138905893483223,-16.161166453336307,0,10.323729281075256,12.115110114192507,-98.2998454404946
,이탈리아,5667.0,5657.0,10.0,57959.0,57743.0,216.0,5739.0,5739.0,0.0,70368.75,70130.75,238.0,1.2705134992059275,1.4495315538271214,-100,21.41125623285427,21.45324974455778,10.185185185185187
,인도,13780.75,13614.75,166.0,154496.0,153347.0,1149.0,14069.5,14053.5,16.0,166956.25,166206.25,750.0,2.0953141157048716,3.222607833415969,-90.36144578313254,8.065095536454026,8.385719968437598,-34.72584856396866
,인도네시아,7180.75,7176.75,4.0,110966.0,110236.0,730.0,7475.5,7465.5,10.0,106196.75,105804.75,392.0,4.10472443686245,4.023408924652516,150.0,-4.2979381071679645,-4.019784825283934,-46.3013698630137
,일본,33089.0,23867.5,9221.5,420403.0,338018.0,82385.0,32568.5,24415.0,8153.5,448352.5,319041.5,129311.0,-1.5730303121883393,2.293914318634127,-11.581629886677868,6.648263689840461,-5.614050139341686,56.9593979486557
,자메이카,124.0,124.0,0.0,1885.0,1884.0,1.0,257.0,257.0,0.0,4257.0,3993.0,264.0,107.25806451612905,107.25806451612905,,125.83554376657827,111.94267515923566,26300.0
,적도 기니,16.0,16.0,0.0,114.0,114.0,0.0,6.0,6.0,0.0,191.0,191.0,0.0,-62.5,-62.5,,67.54385964912282,67.54385964912282,
,조지아,33.0,33.0,0.0,157.0,157.0,0.0,6.0,6.0,0.0,167.0,167.0,0.0,-81.81818181818181,-81.81818181818181,,6.369426751592355,6.369426751592355,
,중국,101292.5,49782.25,51510.25,1229386.5,640086.0,589300.5,107899.25,51036.75,56862.5,1232089.0,584883.25,647205.75,6.522447367771544,2.519974488899157,10.390650404531133,0.21982509162090658,-8.6242708011111,9.826098908791025
,지부티,137.0,137.0,0.0,534.0,534.0,0.0,25.0,25.0,0.0,486.0,486.0,0.0,-81.75182481751825,-81.75182481751825,,-8.98876404494382,-8.98876404494382,
,지브롤터,,,,1.0,1.0,0.0,,,,,,,,,,-100,-100,
,칠레,2009.0,1585.0,424.0,26901.0,20636.0,6265.0,2355.0,1791.0,564.0,28255.0,21665.0,6590.0,17.2224987555998,12.996845425867498,33.01886792452831,5.033270138656554,4.9864314789688,5.187549880287312
,카메룬,12.0,12.0,0.0,156.0,156.0,0.0,28.0,28.0,0.0,402.0,402.0,0.0,133.33333333333334,133.33333333333334,,157.6923076923077,157.6923076923077,
,카타르,281.0,245.0,36.0,4273.75,3837.75,436.0,521.75,475.75,46.0,5833.5,5192.5,641.0,85.6761565836299,94.18367346938777,27.777777777777768,36.49605147704007,35.30063188065924,47.018348623853214
,캄보디아,349.0,349.0,0.0,3579.0,3579.0,0.0,346.0,346.0,0.0,4021.0,3811.0,210.0,-0.8595988538681931,-0.8595988538681931,,12.34981838502376,6.482257613858611,0
,캐나다,7587.0,7569.0,18.0,122763.5,121990.5,773.0,10285.75,10282.75,3.0,118063.75,117970.75,93.0,35.57071306181627,35.85348130532435,-83.33333333333334,-3.828295869700682,-3.295133637455372,-87.96895213454074
,케냐,113.0,113.0,0.0,1946.0,1946.0,0.0,155.0,155.0,0.0,2595.0,2595.0,0.0,37.16814159292034,37.16814159292034,,33.350462487153145,33.350462487153145,
,케이맨 제도,2.0,2.0,0.0,5.0,5.0,0.0,,,,7.0,7.0,0.0,-100,-100,,39.99999999999999,39.99999999999999,
,코모로,,,,1.0,1.0,0.0,,,,,,,,,,-100,-100,
,코스타리카,16.0,16.0,0.0,981.0,981.0,0.0,50.0,50.0,0.0,548.0,548.0,0.0,212.5,212.5,,-44.13863404689092,-44.13863404689092,
,코트디부아르,136.0,136.0,0.0,560.0,560.0,0.0,208.0,208.0,0.0,3803.25,3775.25,28.0,52.941176470588225,52.941176470588225,,579.1517857142857,574.1517857142857,0
,콜롬비아,1117.0,1117.0,0.0,19166.0,18408.0,758.0,1563.0,1523.0,40.0,20936.0,17569.0,3367.0,39.92837958818263,36.34735899731423,0,9.235103829698431,-4.557800956106039,344.1952506596306
,콩고,3.0,3.0,0.0,32.0,32.0,0.0,59.0,59.0,0.0,626.0,626.0,0.0,1866.6666666666667,1866.6666666666667,,1856.25,1856.25,
,콩고 민주 공화국,12.0,12.0,0.0,116.0,116.0,0.0,24.0,24.0,0.0,551.0,551.0,0.0,100.0,100.0,,375.0,375.0,
,쿠바,2.0,2.0,0.0,84.0,84.0,0.0,103.0,103.0,0.0,551.0,551.0,0.0,5050.0,5050.0,,555.952380952381,555.952380952381,
,쿠웨이트,120.0,120.0,0.0,1244.0,1244.0,0.0,38.0,38.0,0.0,1113.0,1113.0,0.0,-68.33333333333333,-68.33333333333333,,-10.530546623794212,-10.530546623794212,
,크로아티아,1377.0,1377.0,0.0,17358.0,17358.0,0.0,194.0,194.0,0.0,6990.0,6990.0,0.0,-85.9114015976761,-85.9114015976761,,-59.73038368475632,-59.73038368475632,
,키리바시,7.0,7.0,0.0,121.0,93.0,28.0,,,,79.0,79.0,0.0,-100,-100,,-34.71074380165289,-15.053763440860212,-100
,키프로스,10.0,10.0,0.0,115.0,115.0,0.0,14.0,14.0,0.0,129.0,129.0,0.0,39.99999999999999,39.99999999999999,,12.173913043478258,12.173913043478258,
,탄자니아,100.0,100.0,0.0,1129.0,1129.0,0.0,202.0,202.0,0.0,2496.0,2496.0,0.0,102.0,102.0,,121.08060230292294,121.08060230292294,
,태국,9540.25,5927.25,3613.0,100523.0,84079.5,16443.5,7063.75,6633.75,430.0,94222.5,78632.5,15590.0,-25.958439244254606,11.919524231304557,-88.09853307500693,-6.267719825313611,-6.478392473789684,-5.190500805789522
,토고,430.0,430.0,0.0,6010.0,5206.0,804.0,638.0,638.0,0.0,7619.0,7619.0,0.0,48.37209302325582,48.37209302325582,,26.772046589018306,46.350364963503644,-100
,통가,3.0,3.0,0.0,9.0,9.0,0.0,,,,12.0,2.0,10.0,-100,-100,,33.33333333333333,-77.77777777777779,0
,튀니지,47.0,47.0,0.0,736.0,736.0,0.0,64.0,64.0,0.0,876.0,868.0,8.0,36.170212765957444,36.170212765957444,,19.02173913043479,17.934782608695656,0
,튀르키예,5845.0,5845.0,0.0,79542.5,79498.5,44.0,9565.25,9565.25,0.0,109357.5,109351.5,6.0,63.648417450812666,63.648417450812666,,37.48310651538487,37.551651917960726,-86.36363636363636
,트리니다드 토바고,45.0,45.0,0.0,592.0,592.0,0.0,102.0,102.0,0.0,663.0,663.0,0.0,126.66666666666666,126.66666666666666,,11.993243243243246,11.993243243243246,
,파나마,2112.0,956.0,1156.0,26230.0,14123.0,12107.0,3285.0,1733.0,1552.0,36637.25,21849.25,14788.0,55.53977272727273,81.27615062761507,34.25605536332179,39.67689668318719,54.7068611484812,22.14421409102172
,파라과이,,,,47.0,47.0,0.0,,,,22.0,22.0,0.0,,,,-53.191489361702125,-53.191489361702125,
,파키스탄,850.25,850.25,0.0,14987.75,14987.75,0.0,1359.0,1359.0,0.0,13248.0,13248.0,0.0,59.83534254630991,59.83534254630991,,-11.60781304732198,-11.60781304732198,
,파푸아 뉴기니,78.0,78.0,0.0,1194.0,1137.0,57.0,93.0,93.0,0.0,1173.0,1119.0,54.0,19.23076923076923,19.23076923076923,,-1.7587939698492483,-1.58311345646438,-5.263157894736848
,팔라우,25.0,21.0,4.0,132.0,96.0,36.0,22.0,14.0,8.0,100.0,64.0,36.0,-12.0,-33.333333333333336,100.0,-24.242424242424242,-33.333333333333336,0.0
,페루,898.0,860.0,38.0,16037.0,14275.0,1762.0,1210.0,1168.0,42.0,18175.0,14141.0,4034.0,34.743875278396445,35.813953488372086,10.526315789473696,13.33167051194113,-0.9387040280210202,128.94438138479
,포르투갈,31.0,31.0,0.0,1564.0,1564.0,0.0,26.0,26.0,0.0,1386.0,1386.0,0.0,-16.129032258064512,-16.129032258064512,,-11.381074168797955,-11.381074168797955,
,폴란드,981.0,981.0,0.0,8049.0,8049.0,0.0,1014.0,1002.0,12.0,14007.0,13993.0,14.0,3.3639143730886945,2.1406727828746197,0,74.02161759224748,73.84768294198037,0
,푸에르토리코,5.0,5.0,0.0,375.0,375.0,0.0,5.0,5.0,0.0,70.0,70.0,0.0,0.0,0.0,,-81.33333333333333,-81.33333333333333,
,프랑스,1489.0,1476.0,13.0,13957.0,13704.0,253.0,1534.0,1534.0,0.0,20288.75,19911.75,377.0,3.0221625251846795,3.9295392953929476,-100,45.3661245253278,45.29881786339756,49.01185770750989
,프랑스령 기아나,,,,7.0,7.0,0.0,5.0,5.0,0.0,20.0,20.0,0.0,0,0,,185.71428571428572,185.71428571428572,
,프랑스령 폴리네시아,6.0,6.0,0.0,183.0,122.0,61.0,11.0,11.0,0.0,430.0,70.0,360.0,83.33333333333333,83.33333333333333,,134.9726775956284,-42.622950819672134,490.16393442622956
,피지,128.0,66.0,62.0,626.0,551.0,75.0,25.0,18.0,7.0,697.0,440.0,257.0,-80.46875,-72.72727272727273,-88.70967741935483,11.341853035143767,-20.145190562613436,242.66666666666669
,핀란드,29.0,29.0,0.0,381.0,380.0,1.0,12.0,12.0,0.0,382.0,382.0,0.0,-58.62068965517242,-58.62068965517242,,0.2624671916010568,0.5263157894736858,-100
,필리핀,2955.5,2955.5,0.0,46023.5,46022.5,1.0,3309.5,3309.5,0.0,43855.25,43737.25,118.0,11.977668753172054,11.977668753172054,,-4.7111801579627794,-4.965506002498776,11700.0
,호주,4225.5,4136.5,89.0,61956.5,57342.5,4614.0,5350.0,4585.0,765.0,67217.0,62099.0,5118.0,26.612235238433325,10.842499697812169,759.5505617977528,8.490634558117382,8.29489471160134,10.92327698309492
,홍콩,6535.0,4330.0,2205.0,67816.0,59004.0,8812.0,4403.0,4300.0,103.0,48660.0,44490.0,4170.0,-32.624330527926546,-0.6928406466512715,-95.32879818594104,-28.247021351893352,-24.59833231645312,-52.67816613708579
입항환적소계,,468700.5,441121.5,27579.0,5845594.0,5589955.25,255638.75,510556.0,484245.5,26310.5,6205788.5,5889097.5,316691.0,8.930116353620265,9.775991421864493,-4.599514123064652,6.161811785081217,5.351424772139279,23.882236163335957
입항환적,가나,64.0,64.0,0.0,627.0,625.0,2.0,23.0,23.0,0.0,1209.0,1209.0,0.0,-64.0625,-64.0625,,92.82296650717703,93.43999999999998,-100
,가봉,6.0,6.0,0.0,394.0,394.0,0.0,12.0,12.0,0.0,932.0,932.0,0.0,100.0,100.0,,136.54822335025383,136.54822335025383,
,가이아나,130.0,130.0,0.0,2234.0,2234.0,0.0,72.0,72.0,0.0,1310.0,1305.0,5.0,-44.61538461538461,-44.61538461538461,,-41.360787824529986,-41.58460161145927,0
,감비아,,,,4.0,4.0,0.0,,,,,,,,,,-100,-100,
,과들루프,,,,15.0,15.0,0.0,,,,2.0,2.0,0.0,,,,-86.66666666666667,-86.66666666666667,
,과테말라,289.0,289.0,0.0,3889.0,3853.0,36.0,126.0,126.0,0.0,4195.0,4181.0,14.0,-56.40138408304498,-56.40138408304498,,7.868346618668043,8.51284713210485,-61.111111111111114
,괌,378.75,130.75,248.0,3933.0,2331.0,1602.0,870.25,116.25,754.0,6247.75,2322.75,3925.0,129.76897689768978,-11.089866156787764,204.03225806451616,58.854563946097116,-0.35392535392535507,145.0062421972534
,그레나다,,,,,,,,,,4.0,4.0,0.0,,,,0,0,
,그리스,343.25,341.0,2.25,3783.25,2832.0,951.25,365.0,251.0,114.0,2357.25,1915.0,442.25,6.3364894391842785,-26.392961876832842,4966.666666666666,-37.69246018634772,-32.37994350282486,-53.50854139290407
,기니,4.0,4.0,0.0,28.0,28.0,0.0,,,,53.0,53.0,0.0,-100,-100,,89.28571428571428,89.28571428571428,
,나미비아,8.0,8.0,0.0,259.0,259.0,0.0,,,,69.0,69.0,0.0,-100,-100,,-73.35907335907336,-73.35907335907336,
,나이지리아,48.0,48.0,0.0,617.0,617.0,0.0,91.0,91.0,0.0,798.0,798.0,0.0,89.58333333333333,89.58333333333333,,29.3354943273906,29.3354943273906,
,남아프리카,654.0,654.0,0.0,6442.0,6442.0,0.0,299.0,299.0,0.0,4960.0,4957.0,3.0,-54.28134556574924,-54.28134556574924,,-23.00527786401738,-23.051847252406088,0
,네덜란드,1791.0,1621.0,170.0,19531.0,18425.0,1106.0,1413.0,918.0,495.0,18196.25,15412.25,2784.0,-21.105527638190956,-43.36829117828501,191.17647058823528,-6.834007475295689,-16.35142469470827,151.71790235081372
,노르웨이,557.0,557.0,0.0,2538.0,2538.0,0.0,319.0,319.0,0.0,1694.0,1694.0,0.0,-42.72890484739676,-42.72890484739676,,-33.254531126871555,-33.254531126871555,
,뉴질랜드,1417.0,1417.0,0.0,15692.0,15447.0,245.0,1033.0,1033.0,0.0,14798.0,14798.0,0.0,-27.09950599858857,-27.09950599858857,,-5.697170532755546,-4.201463067262257,-100
,뉴칼레도니아,252.0,252.0,0.0,3469.0,3452.0,17.0,126.0,124.0,2.0,1422.0,1420.0,2.0,-50.0,-50.79365079365079,0,-59.00835975785529,-58.86442641946697,-88.23529411764706
,니카라과,255.0,255.0,0.0,4113.0,4109.0,4.0,246.0,246.0,0.0,2468.0,2408.0,60.0,-3.529411764705881,-3.529411764705881,,-39.9951373693168,-41.396933560477,1400.0
,대만,5460.5,5165.5,295.0,64177.75,59219.75,4958.0,5225.0,4653.0,572.0,65940.5,56128.5,9812.0,-4.3127918688764755,-9.921595198915888,93.89830508474577,2.7466684325954116,-5.2199646232886865,97.90237999193224
,대한민국,5686.75,5279.75,407.0,85641.0,81576.0,4065.0,13327.25,12622.25,705.0,121976.0,116002.0,5974.0,134.35617883676966,139.0690847104503,73.21867321867322,42.42710851111033,42.20113758948712,46.9618696186962
,덴마크,407.0,407.0,0.0,4472.0,4472.0,0.0,266.0,266.0,0.0,6209.0,6209.0,0.0,-34.643734643734646,-34.643734643734646,,38.84168157423971,38.84168157423971,
,도미니카 공화국,259.0,259.0,0.0,1708.0,1658.0,50.0,144.0,144.0,0.0,3370.0,3360.0,10.0,-44.4015444015444,-44.4015444015444,,97.30679156908666,102.65379975874546,-80.0
,독일,1769.0,1745.0,24.0,25830.0,24860.0,970.0,1687.0,1470.0,217.0,24732.0,23989.0,743.0,-4.6353872244205725,-15.759312320916907,804.1666666666666,-4.250871080139373,-3.5036202735317823,-23.402061855670098
,동티모르,8.0,8.0,0.0,107.0,107.0,0.0,2.0,2.0,0.0,18.0,18.0,0.0,-75.0,-75.0,,-83.17757009345794,-83.17757009345794,
,라이베리아,,,,,,,,,,1.0,1.0,0.0,,,,0,0,
,라트비아,881.0,881.0,0.0,5135.0,5135.0,0.0,105.0,105.0,0.0,4070.0,4070.0,0.0,-88.08172531214528,-88.08172531214528,,-20.740019474196693,-20.740019474196693,
,러시아,10169.0,9971.0,198.0,155392.25,152531.25,2861.0,8196.0,7859.0,337.0,118788.0,114059.0,4729.0,-19.402104435047697,-21.181426135793803,70.2020202020202,-23.55603319985392,-25.222536365498872,65.29185599440754
,레바논,1.0,1.0,0.0,29.0,29.0,0.0,,,,15.0,15.0,0.0,-100,-100,,-48.275862068965516,-48.275862068965516,
,레위니옹,,,,53.0,53.0,0.0,,,,4.0,4.0,0.0,,,,-92.45283018867924,-92.45283018867924,
,루마니아,449.0,449.0,0.0,8977.0,8977.0,0.0,459.0,459.0,0.0,7384.0,7384.0,0.0,2.2271714922049046,2.2271714922049046,,-17.745349225799266,-17.745349225799266,
,리비아,,,,11.0,11.0,0.0,,,,,,,,,,-100,-100,
,리투아니아,195.0,195.0,0.0,1039.0,1039.0,0.0,117.0,117.0,0.0,1145.25,1138.25,7.0,-40.0,-40.0,,10.226179018286818,9.552454282964383,0
,마다가스카르,6.0,6.0,0.0,382.0,382.0,0.0,3.0,3.0,0.0,235.0,235.0,0.0,-50.0,-50.0,,-38.481675392670155,-38.481675392670155,
,마르티니크,,,,80.0,80.0,0.0,,,,10.0,10.0,0.0,,,,-87.5,-87.5,
,마샬 제도,,,,176.0,176.0,0.0,,,,115.0,89.0,26.0,,,,-34.65909090909091,-49.43181818181818,0
,마카오,,,,4.0,4.0,0.0,,,,,,,,,,-100,-100,
,말레이시아,6061.5,5957.5,104.0,90800.0,89750.0,1050.0,6991.5,6987.5,4.0,86656.0,85882.0,774.0,15.342736946300416,17.289131347041554,-96.15384615384616,-4.56387665198238,-4.309749303621169,-26.285714285714292
,멕시코,3921.0,2360.0,1561.0,49939.5,43830.0,6109.5,5120.0,4200.0,920.0,68245.0,39263.0,28982.0,30.578933945422083,77.96610169491525,-41.06342088404868,36.6553529771023,-10.41980378736026,374.37597184712337
,모로코,319.0,319.0,0.0,1676.0,1642.0,34.0,66.0,41.0,25.0,1238.0,1213.0,25.0,-79.3103448275862,-87.14733542319749,0,-26.133651551312653,-26.126674786845307,-26.470588235294112
,모리셔스,3.0,3.0,0.0,270.0,270.0,0.0,2.0,2.0,0.0,358.0,358.0,0.0,-33.333333333333336,-33.333333333333336,,32.592592592592595,32.592592592592595,
,모리타니,22.0,22.0,0.0,178.0,178.0,0.0,12.0,12.0,0.0,220.0,220.0,0.0,-45.45454545454546,-45.45454545454546,,23.59550561797752,23.59550561797752,
,모잠비크,391.0,391.0,0.0,1460.0,1460.0,0.0,63.0,63.0,0.0,827.0,827.0,0.0,-83.88746803069054,-83.88746803069054,,-43.35616438356165,-43.35616438356165,
,몬테네그로,2.0,2.0,0.0,37.0,37.0,0.0,18.0,18.0,0.0,80.0,80.0,0.0,800.0,800.0,,116.21621621621622,116.21621621621622,
,몰디브,6.0,6.0,0.0,57.0,57.0,0.0,3.0,3.0,0.0,28.0,28.0,0.0,-50.0,-50.0,,-50.877192982456144,-50.877192982456144,
,몰타,2.0,2.0,0.0,1484.0,134.0,1350.0,26.0,26.0,0.0,70.0,70.0,0.0,1200.0,1200.0,,-95.28301886792453,-47.76119402985075,-100
,미국,50654.25,47583.0,3071.25,565645.0,535243.75,30401.25,41291.25,38465.75,2825.5,637044.5,581272.75,55771.75,-18.484135092317032,-19.160729672361974,-8.001628001628003,12.622669695657173,8.599633344621015,83.4521606841824
,미얀마,231.0,231.0,0.0,2634.0,2632.0,2.0,134.0,134.0,0.0,3028.0,2988.0,40.0,-41.99134199134199,-41.99134199134199,,14.958238420653004,13.525835866261392,1900.0
,미크로네시아,,,,17.0,6.0,11.0,10.0,2.0,8.0,28.0,15.0,13.0,0,0,0,64.70588235294117,150.0,18.181818181818187
,바누아투,58.0,7.0,51.0,409.0,95.0,314.0,8.0,0.0,8.0,289.0,61.0,228.0,-86.20689655172413,-100,-84.31372549019608,-29.3398533007335,-35.78947368421053,-27.388535031847137
,바레인,29.0,29.0,0.0,804.0,804.0,0.0,47.0,47.0,0.0,1660.0,1660.0,0.0,62.06896551724137,62.06896551724137,,106.46766169154228,106.46766169154228,
,바베이도스,105.0,105.0,0.0,738.0,738.0,0.0,2.0,2.0,0.0,227.0,227.0,0.0,-98.09523809523809,-98.09523809523809,,-69.24119241192412,-69.24119241192412,
,바하마,4.0,2.0,2.0,165.0,4.0,161.0,,,,511.0,3.0,508.0,-100,-100,-100,209.69696969696972,-25.0,215.52795031055902
,방글라데시,424.0,424.0,0.0,7048.0,7015.0,33.0,477.0,477.0,0.0,5875.25,5875.25,0.0,12.5,12.5,,-16.639472190692395,-16.247327156094084,-100
,베냉,,,,391.0,391.0,0.0,40.0,40.0,0.0,92.0,92.0,0.0,0,0,,-76.47058823529412,-76.47058823529412,
,베네수엘라,44.0,44.0,0.0,1732.0,1732.0,0.0,30.0,30.0,0.0,816.0,816.0,0.0,-31.818181818181824,-31.818181818181824,,-52.88683602771363,-52.88683602771363,
,베트남,8899.0,8899.0,0.0,135186.75,134455.75,731.0,18949.75,18912.75,37.0,156107.0,155980.0,127.0,112.94246544555565,112.52668839195414,0,15.475074295372892,16.00842656412984,-82.62653898768811
,벨기에,2249.0,2249.0,0.0,18295.5,18208.5,87.0,1080.25,722.25,358.0,19299.75,18881.75,418.0,-51.96754112939084,-67.88572698977323,0,5.489054685578432,3.697448993601893,380.4597701149425
,벨리즈,,,,66.0,66.0,0.0,2.0,2.0,0.0,18.0,18.0,0.0,0,0,,-72.72727272727273,-72.72727272727273,
,북마리아나 제도,16.0,16.0,0.0,670.25,38.25,632.0,2.0,2.0,0.0,215.0,55.0,160.0,-87.5,-87.5,,-67.92241700857889,43.790849673202615,-74.68354430379746
,불가리아,78.0,78.0,0.0,1060.0,1060.0,0.0,83.0,83.0,0.0,712.0,712.0,0.0,6.41025641025641,6.41025641025641,,-32.83018867924529,-32.83018867924529,
,브라질,6417.0,6227.0,190.0,68360.0,67729.0,631.0,4030.0,4030.0,0.0,67339.0,65646.0,1693.0,-37.19806763285024,-35.281837160751564,-100,-1.493563487419547,-3.0754920344313375,168.3042789223455
,브루나이,3.0,3.0,0.0,68.0,68.0,0.0,6.0,6.0,0.0,144.0,144.0,0.0,100.0,100.0,,111.76470588235294,111.76470588235294,
,사모아,37.0,37.0,0.0,184.0,171.0,13.0,3.0,3.0,0.0,184.0,161.0,23.0,-91.89189189189189,-91.89189189189189,,0.0,-5.847953216374268,76.92307692307692
,사우디아라비아,2289.0,1271.0,1018.0,15138.0,11788.5,3349.5,812.0,570.0,242.0,13397.0,11526.0,1871.0,-64.52599388379205,-55.15342250196695,-76.2278978388998,-11.500858766019284,-2.226746405395086,-44.140916554709655
,세네갈,83.0,83.0,0.0,2226.0,2226.0,0.0,8.0,8.0,0.0,722.0,722.0,0.0,-90.36144578313254,-90.36144578313254,,-67.56513926325248,-67.56513926325248,
,세이셸,40.0,40.0,0.0,72.0,72.0,0.0,7.0,7.0,0.0,227.0,227.0,0.0,-82.5,-82.5,,215.27777777777777,215.27777777777777,
,세인트 빈센트 그레나딘,,,,6.0,6.0,0.0,,,,,,,,,,-100,-100,
,세인트루시아,,,,23.0,23.0,0.0,,,,3.0,3.0,0.0,,,,-86.95652173913044,-86.95652173913044,
,소말리아,,,,16.0,16.0,0.0,,,,6.0,6.0,0.0,,,,-62.5,-62.5,
,솔로몬제도,,,,22.0,22.0,0.0,6.0,6.0,0.0,46.0,46.0,0.0,0,0,,109.09090909090908,109.09090909090908,
,수단,43.0,43.0,0.0,805.0,805.0,0.0,5.0,5.0,0.0,468.0,468.0,0.0,-88.37209302325581,-88.37209302325581,,-41.86335403726707,-41.86335403726707,
,수리남,122.0,122.0,0.0,905.0,905.0,0.0,154.0,154.0,0.0,851.0,851.0,0.0,26.22950819672132,26.22950819672132,,-5.966850828729287,-5.966850828729287,
,스리랑카,185.0,185.0,0.0,2969.0,2963.0,6.0,324.0,324.0,0.0,3569.0,3499.0,70.0,75.13513513513514,75.13513513513514,,20.208824520040423,18.08977387782653,1066.6666666666665
,스웨덴,1631.0,1631.0,0.0,14092.0,14080.0,12.0,770.0,770.0,0.0,17366.0,17366.0,0.0,-52.78969957081545,-52.78969957081545,,23.233040022707918,23.338068181818183,-100
,스위스,,,,4.0,4.0,0.0,,,,1.0,1.0,0.0,,,,-75.0,-75.0,
,스페인,3461.0,3461.0,0.0,27285.0,26213.25,1071.75,1686.25,1435.0,251.25,33902.0,27910.0,5992.0,-51.27853221612251,-58.53799479919098,0,24.25142019424593,6.472871543971093,459.085607651038
,슬로바키아,,,,,,,1.0,1.0,0.0,3.0,3.0,0.0,0,0,,0,0,
,슬로베니아,245.0,245.0,0.0,9082.0,9082.0,0.0,308.0,308.0,0.0,5002.0,5002.0,0.0,25.71428571428571,25.71428571428571,,-44.92402554503413,-44.92402554503413,
,시리아,1.0,1.0,0.0,1.0,1.0,0.0,,,,3.0,3.0,0.0,-100,-100,,200.0,200.0,
,시에라 리온,,,,3.0,3.0,0.0,,,,85.0,85.0,0.0,,,,2733.333333333333,2733.333333333333,
,싱가포르,2835.75,2563.75,272.0,34775.25,27788.5,6986.75,2242.75,1656.75,586.0,27762.5,23952.25,3810.25,-20.911575420964468,-35.37786445636275,115.44117647058823,-20.165922603000695,-13.80517120391529,-45.46462947722475
,아랍에미리트연합국,1767.0,1748.0,19.0,25959.5,24021.5,1938.0,1552.0,1345.0,207.0,23140.0,20176.0,2964.0,-12.167515563101306,-23.05491990846682,989.4736842105264,-10.86114909763285,-16.008575650979328,52.941176470588225
,아루바,32.0,32.0,0.0,180.0,180.0,0.0,,,,96.0,96.0,0.0,-100,-100,,-46.666666666666664,-46.666666666666664,
,아르헨티나,1087.0,1087.0,0.0,9919.0,9919.0,0.0,1307.0,507.0,800.0,9871.0,8942.0,929.0,20.239190432382713,-53.35786568537259,0,-0.4839197499747927,-9.849783244278655,0
,아메리칸사모아,6.0,6.0,0.0,24.0,24.0,0.0,,,,16.0,16.0,0.0,-100,-100,,-33.333333333333336,-33.333333333333336,
,아이슬란드,20.0,20.0,0.0,104.0,104.0,0.0,50.0,50.0,0.0,593.0,593.0,0.0,150.0,150.0,,470.1923076923077,470.1923076923077,
,아이티,,,,107.0,107.0,0.0,20.0,20.0,0.0,311.0,311.0,0.0,0,0,,190.65420560747665,190.65420560747665,
,아일랜드,55.0,55.0,0.0,1073.0,1073.0,0.0,42.0,42.0,0.0,891.0,891.0,0.0,-23.636363636363633,-23.636363636363633,,-16.96178937558248,-16.96178937558248,
,알바니아,33.0,33.0,0.0,608.0,608.0,0.0,,,,309.0,309.0,0.0,-100,-100,,-49.17763157894737,-49.17763157894737,
,알제리,2.0,1.0,1.0,38.0,33.0,5.0,,,,10.0,10.0,0.0,-100,-100,-100,-73.6842105263158,-69.6969696969697,-100
,앙골라,2.0,2.0,0.0,236.0,236.0,0.0,4.0,4.0,0.0,54.0,54.0,0.0,100.0,100.0,,-77.11864406779661,-77.11864406779661,
,앤티가 바부다,,,,8.0,8.0,0.0,,,,,,,,,,-100,-100,
,앤틸리스제도,1.0,1.0,0.0,1.0,1.0,0.0,,,,1.0,1.0,0.0,-100,-100,,0.0,0.0,
,에스토니아,313.0,313.0,0.0,2129.0,2129.0,0.0,68.0,68.0,0.0,1309.0,1309.0,0.0,-78.27476038338659,-78.27476038338659,,-38.515735086895255,-38.515735086895255,
,에콰도르,3526.0,3526.0,0.0,53458.0,53388.0,70.0,5708.0,5029.0,679.0,69578.0,68083.0,1495.0,61.883153715258075,42.626205331820756,0,30.154513823936547,27.52491196523563,2035.7142857142858
,엘살바도르,10.0,10.0,0.0,643.0,643.0,0.0,27.0,27.0,0.0,1376.0,1296.0,80.0,170.00000000000003,170.00000000000003,,113.99688958009331,101.5552099533437,0
,영국,809.0,709.0,100.0,8825.0,8495.0,330.0,568.0,568.0,0.0,9667.5,9623.5,44.0,-29.78986402966626,-19.887165021156562,-100,9.54674220963172,13.284284873454965,-86.66666666666667
,예멘,8.0,8.0,0.0,90.0,90.0,0.0,7.0,7.0,0.0,90.0,90.0,0.0,-12.5,-12.5,,0.0,0.0,
,오만,497.0,497.0,0.0,8039.0,7839.0,200.0,322.0,322.0,0.0,3855.25,3838.0,17.25,-35.2112676056338,-35.2112676056338,,-52.04316457270806,-51.03967342773312,-91.375
,오스트리아,,,,,,,,,,1.0,1.0,0.0,,,,0,0,
,온두라스,190.0,190.0,0.0,1936.0,1936.0,0.0,85.0,85.0,0.0,1197.0,1197.0,0.0,-55.263157894736835,-55.263157894736835,,-38.171487603305785,-38.171487603305785,
,요르단,27.25,25.0,2.25,699.25,697.0,2.25,88.5,44.0,44.5,1069.75,633.25,436.5,224.77064220183487,76.0,1877.7777777777778,52.9853414372542,-9.14634146341463,19300.0
,우간다,,,,21.0,21.0,0.0,,,,,,,,,,-100,-100,
,우루과이,690.0,508.0,182.0,9675.0,9393.0,282.0,236.0,236.0,0.0,7214.0,6798.0,416.0,-65.79710144927536,-53.54330708661416,-100,-25.436692506459945,-27.626956244011502,47.51773049645389
,우크라이나,,,,3936.0,3936.0,0.0,,,,273.0,273.0,0.0,,,,-93.0640243902439,-93.0640243902439,
,원양어획지역,,,,1419.0,1419.0,0.0,60.0,60.0,0.0,992.0,992.0,0.0,0,0,,-30.09161381254405,-30.09161381254405,
,이라크,10.0,10.0,0.0,264.0,64.0,200.0,,,,12.0,12.0,0.0,-100,-100,,-95.45454545454545,-81.25,-100
,이란,2.0,2.0,0.0,12.0,12.0,0.0,,,,4.0,4.0,0.0,-100,-100,,-66.66666666666667,-66.66666666666667,
,이스라엘,327.0,227.0,100.0,4085.0,3985.0,100.0,236.0,236.0,0.0,2934.0,2688.0,246.0,-27.828746177370036,3.96475770925111,-100,-28.17625458996328,-32.54705144291091,146.0
,이집트,456.0,456.0,0.0,8135.0,8127.0,8.0,975.5,808.0,167.5,8912.5,8419.0,493.5,113.92543859649122,77.19298245614034,0,9.557467732022129,3.5929617324966134,6068.75
,이탈리아,4320.0,4313.0,7.0,34413.0,33562.0,851.0,2133.0,2128.0,5.0,38284.0,38067.0,217.0,-50.625,-50.66079295154184,-28.57142857142857,11.248656031151016,13.422918777188485,-74.50058754406581
,인도,5051.0,5030.0,21.0,71411.0,70274.0,1137.0,4618.0,4618.0,0.0,70044.25,69279.0,765.25,-8.57255988913086,-8.190854870775343,-100,-1.91392082452283,-1.4158863875686545,-32.69569041336852
,인도네시아,11542.0,11535.0,7.0,150515.75,149857.75,658.0,13750.5,13730.5,20.0,154907.25,154510.25,397.0,19.13446543060129,19.033376679670578,185.71428571428572,2.9176348654542883,3.10461087264422,-39.665653495440736
,일본,77276.0,70739.0,6537.0,840257.5,761477.5,78780.0,79266.0,73833.0,5433.0,877766.75,801483.5,76283.25,2.575185050986084,4.3738249056390455,-16.888480954566308,4.464018470528375,5.25373369534885,-3.169268849961915
,자메이카,156.0,156.0,0.0,863.0,861.0,2.0,111.0,111.0,0.0,1325.0,1017.0,308.0,-28.846153846153843,-28.846153846153843,,53.534183082271134,18.11846689895471,15300.0
,적도 기니,26.0,26.0,0.0,32.0,32.0,0.0,,,,7.0,7.0,0.0,-100,-100,,-78.125,-78.125,
,조지아,122.0,122.0,0.0,872.0,872.0,0.0,105.0,105.0,0.0,729.0,729.0,0.0,-13.934426229508201,-13.934426229508201,,-16.399082568807344,-16.399082568807344,
,중국,182768.25,173732.25,9036.0,2473020.0,2392453.0,80567.0,221800.5,216333.75,5466.75,2640820.25,2577042.0,63778.25,21.35614364092231,24.52135398004689,-39.50033200531209,6.785236269823947,7.715470272561253,-20.838246428438445
,지부티,27.0,27.0,0.0,868.0,768.0,100.0,462.0,10.0,452.0,877.0,425.0,452.0,1611.111111111111,-62.96296296296296,0,1.0368663594469973,-44.661458333333336,351.99999999999994
,체코,,,,7.0,7.0,0.0,2.0,2.0,0.0,18.0,18.0,0.0,0,0,,157.14285714285717,157.14285714285717,
,칠레,4757.0,4751.0,6.0,75341.0,75169.0,172.0,7793.0,7781.0,12.0,108893.0,107668.0,1225.0,63.82173638848015,63.77604714796885,100.0,44.53352092486163,43.234578084050604,612.2093023255813
,카메룬,12.0,12.0,0.0,161.0,161.0,0.0,,,,268.0,268.0,0.0,-100,-100,,66.45962732919256,66.45962732919256,
,카보 베르데,,,,6.0,6.0,0.0,,,,,,,,,,-100,-100,
,카타르,184.0,184.0,0.0,2657.0,2657.0,0.0,288.0,288.0,0.0,2553.0,2269.0,284.0,56.52173913043479,56.52173913043479,,-3.9141889348889736,-14.602935641701166,0
,캄보디아,491.0,491.0,0.0,6648.0,6648.0,0.0,649.0,649.0,0.0,9632.75,9632.75,0.0,32.17922606924644,32.17922606924644,,44.8969614921781,44.8969614921781,
,캐나다,11301.5,11114.25,187.25,128274.5,126274.25,2000.25,11934.5,11726.5,208.0,142621.5,136880.5,5741.0,5.601026412423127,5.508693794003183,11.081441922563418,11.184608008606546,8.399376753376075,187.0141232345957
,케냐,14.0,14.0,0.0,1009.0,1009.0,0.0,9.0,9.0,0.0,261.0,261.0,0.0,-35.71428571428571,-35.71428571428571,,-74.13280475718534,-74.13280475718534,
,코모로,,,,,,,2.0,2.0,0.0,6.0,6.0,0.0,0,0,,0,0,
,코스타리카,471.0,471.0,0.0,4906.75,4906.75,0.0,178.0,178.0,0.0,5423.75,5305.75,118.0,-62.20806794055201,-62.20806794055201,,10.53650583380037,8.131655372700862,0
,코트디부아르,27.0,27.0,0.0,164.0,164.0,0.0,4.0,4.0,0.0,189.0,189.0,0.0,-85.18518518518519,-85.18518518518519,,15.243902439024382,15.243902439024382,
,콜롬비아,260.0,238.0,22.0,4347.0,4303.0,44.0,868.0,822.0,46.0,5928.0,3414.0,2514.0,233.84615384615387,245.3781512605042,109.09090909090908,36.369910282953754,-20.66000464792006,5613.636363636363
,콩고,10.0,10.0,0.0,79.0,79.0,0.0,,,,36.0,36.0,0.0,-100,-100,,-54.43037974683544,-54.43037974683544,
,콩고 민주 공화국,,,,30.0,30.0,0.0,,,,,,,,,,-100,-100,
,쿠바,60.0,60.0,0.0,637.0,637.0,0.0,240.0,240.0,0.0,1522.0,1522.0,0.0,300.0,300.0,,138.9324960753532,138.9324960753532,
,쿠웨이트,58.0,58.0,0.0,669.0,669.0,0.0,48.0,48.0,0.0,505.0,492.0,13.0,-17.24137931034483,-17.24137931034483,,-24.51420029895366,-26.45739910313901,0
,퀴라소,30.0,30.0,0.0,237.0,237.0,0.0,,,,45.0,45.0,0.0,-100,-100,,-81.0126582278481,-81.0126582278481,
,크로아티아,153.0,153.0,0.0,2603.0,2603.0,0.0,276.0,276.0,0.0,2288.0,2288.0,0.0,80.3921568627451,80.3921568627451,,-12.101421436803683,-12.101421436803683,
,키리바시,4.0,4.0,0.0,8.0,8.0,0.0,,,,4.0,4.0,0.0,-100,-100,,-50.0,-50.0,
,키프로스,24.0,24.0,0.0,354.0,354.0,0.0,2.0,2.0,0.0,162.0,162.0,0.0,-91.66666666666666,-91.66666666666666,,-54.23728813559322,-54.23728813559322,
,탄자니아,80.0,80.0,0.0,816.0,816.0,0.0,22.0,22.0,0.0,506.0,486.0,20.0,-72.5,-72.5,,-37.99019607843137,-40.44117647058824,0
,태국,9048.5,9035.5,13.0,114647.75,113860.0,787.75,11187.25,11128.25,59.0,123212.75,122893.75,319.0,23.636514339393266,23.161418847877812,353.8461538461538,7.4707091940312775,7.934085719304407,-59.504919073310056
,토고,2.0,2.0,0.0,197.0,197.0,0.0,21.0,21.0,0.0,305.0,305.0,0.0,950.0,950.0,,54.82233502538072,54.82233502538072,
,통가,,,,4.0,0.0,4.0,,,,10.0,8.0,2.0,,,,150.0,0,-50.0
,튀니지,44.0,44.0,0.0,92.0,92.0,0.0,11.0,11.0,0.0,59.0,59.0,0.0,-75.0,-75.0,,-35.86956521739131,-35.86956521739131,
,튀르키예,3576.25,3576.25,0.0,34679.25,34085.25,594.0,2564.0,1999.0,565.0,24239.75,23626.75,613.0,-28.30478853547711,-44.10346032855645,0,-30.10301549197286,-30.683360104444002,3.1986531986532007
,트리니다드 토바고,22.0,22.0,0.0,771.0,771.0,0.0,29.0,27.0,2.0,392.0,390.0,2.0,31.818181818181813,22.72727272727273,0,-49.156939040207526,-49.416342412451364,0
,파나마,632.0,551.0,81.0,11093.5,5939.0,5154.5,909.0,909.0,0.0,10252.75,8399.0,1853.75,43.829113924050624,64.97277676950999,-100,-7.578762338306211,41.421114665768656,-64.03627897953244
,파라과이,15.0,15.0,0.0,462.0,462.0,0.0,81.0,81.0,0.0,619.0,619.0,0.0,440.00000000000006,440.00000000000006,,33.98268398268398,33.98268398268398,
,파키스탄,685.0,685.0,0.0,9512.0,8447.0,1065.0,389.0,389.0,0.0,6621.25,6081.25,540.0,-43.21167883211678,-43.21167883211678,,-30.390559293523967,-28.006984728305905,-49.29577464788733
,파푸아 뉴기니,14.0,14.0,0.0,193.0,193.0,0.0,21.0,21.0,0.0,208.0,180.0,28.0,50.0,50.0,,7.772020725388606,-6.735751295336789,0
,팔라우,2.0,2.0,0.0,8.0,8.0,0.0,1.0,1.0,0.0,7.0,7.0,0.0,-50.0,-50.0,,-12.5,-12.5,
,페로 제도,,,,6.0,6.0,0.0,,,,14.0,14.0,0.0,,,,133.33333333333334,133.33333333333334,
,페루,964.0,964.0,0.0,22048.0,21341.0,707.0,1558.0,1291.0,267.0,29642.0,28597.0,1045.0,61.61825726141079,33.92116182572613,0,34.44303338171262,34.000281148962095,47.80763790664781
,포르투갈,114.0,114.0,0.0,1524.0,1524.0,0.0,60.0,60.0,0.0,2036.0,2036.0,0.0,-47.36842105263158,-47.36842105263158,,33.59580052493438,33.59580052493438,
,폴란드,193.0,193.0,0.0,1441.0,1441.0,0.0,366.0,364.0,2.0,2544.0,2542.0,2.0,89.63730569948187,88.60103626943005,0,76.54406662040249,76.40527411519777,0
,푸에르토리코,455.0,455.0,0.0,1416.0,1408.0,8.0,368.0,368.0,0.0,2178.0,2178.0,0.0,-19.12087912087912,-19.12087912087912,,53.81355932203389,54.6875,-100
,프랑스,2609.0,2600.0,9.0,28458.25,28042.25,416.0,708.0,608.0,100.0,15072.0,14795.0,277.0,-72.86316596397087,-76.61538461538461,1011.1111111111111,-47.03820508991241,-47.240324866941855,-33.41346153846154
,프랑스령 기아나,12.0,12.0,0.0,12.0,12.0,0.0,,,,,,,-100,-100,,-100,-100,
,프랑스령 폴리네시아,,,,22.0,7.0,15.0,2.0,0.0,2.0,81.0,75.0,6.0,0,,0,268.1818181818182,971.4285714285713,-60.0
,피지,12.0,11.0,1.0,204.0,151.0,53.0,46.0,42.0,4.0,444.0,430.0,14.0,283.33333333333337,281.8181818181818,300.0,117.64705882352939,184.76821192052978,-73.58490566037736
,핀란드,1008.0,1008.0,0.0,13770.0,13770.0,0.0,770.0,770.0,0.0,11021.0,11021.0,0.0,-23.611111111111114,-23.611111111111114,,-19.963689179375454,-19.963689179375454,
,필리핀,9136.0,6329.0,2807.0,63488.5,58383.5,5105.0,8212.0,6018.0,2194.0,86711.75,70284.75,16427.0,-10.113835376532398,-4.913888449992099,-21.838261489134304,36.57867172795073,20.384612090744824,221.78256611165526
,헝가리,,,,16.0,16.0,0.0,,,,1.0,1.0,0.0,,,,-93.75,-93.75,
,호주,6061.0,5237.0,824.0,82495.0,79016.0,3479.0,6110.0,4997.0,1113.0,81223.0,74469.0,6754.0,0.8084474509156836,-4.582776398701549,35.07281553398058,-1.5419116310079417,-5.754530727953833,94.13624604771486
,홍콩,2601.0,2598.0,3.0,38622.0,37671.0,951.0,1878.0,1877.0,1.0,30041.75,29512.75,529.0,-27.797001153402533,-27.752117013086984,-66.66666666666667,-22.215964994044846,-21.656579331581327,-44.37434279705573
출항환적소계,,447165.0,425368.0,21797.0,5920216.75,5672645.75,247571.0,508213.25,483634.0,24579.25,6202974.25,5898396.25,304578.0,13.652287187056222,13.697786387316402,12.764371243749139,4.776134252179198,3.9796333130797112,23.026525723933734
출항환적,가나,86.0,86.0,0.0,1988.0,1988.0,0.0,405.0,405.0,0.0,3241.5,3241.5,0.0,370.93023255813955,370.93023255813955,,63.0533199195171,63.0533199195171,
,가봉,46.0,46.0,0.0,413.0,413.0,0.0,131.0,131.0,0.0,905.0,905.0,0.0,184.7826086956522,184.7826086956522,,119.12832929782083,119.12832929782083,
,가이아나,639.0,639.0,0.0,3602.25,3602.25,0.0,577.0,577.0,0.0,9009.0,9009.0,0.0,-9.702660406885755,-9.702660406885755,,150.0936914428482,150.0936914428482,
,감비아,14.0,14.0,0.0,68.0,68.0,0.0,28.0,28.0,0.0,172.0,172.0,0.0,100.0,100.0,,152.94117647058823,152.94117647058823,
,과들루프,33.0,33.0,0.0,423.0,423.0,0.0,45.0,45.0,0.0,513.0,513.0,0.0,36.36363636363635,36.36363636363635,,21.27659574468086,21.27659574468086,
,과테말라,2743.0,2143.0,600.0,25389.25,23989.25,1400.0,2445.5,2445.5,0.0,31928.5,31388.5,540.0,-10.845789281808237,14.115725618292107,-100,25.755979400730624,30.844023885698803,-61.42857142857143
,괌,371.0,371.0,0.0,4377.75,4343.75,34.0,405.25,405.25,0.0,4687.5,4650.5,37.0,9.231805929919146,9.231805929919146,,7.075552509850946,7.061870503597123,8.823529411764696
,그레나다,4.0,4.0,0.0,291.0,291.0,0.0,44.0,44.0,0.0,703.0,571.0,132.0,1000.0,1000.0,,141.58075601374568,96.21993127147765,0
,그리스,680.0,680.0,0.0,6052.75,6052.75,0.0,1589.25,1589.25,0.0,13481.75,13481.75,0.0,133.71323529411762,133.71323529411762,,122.73759861220105,122.73759861220105,
,기니,44.0,44.0,0.0,162.0,162.0,0.0,137.0,137.0,0.0,889.5,889.5,0.0,211.36363636363637,211.36363636363637,,449.074074074074,449.074074074074,
,기니비사우,7.0,7.0,0.0,57.0,57.0,0.0,9.0,9.0,0.0,55.0,55.0,0.0,28.57142857142858,28.57142857142858,,-3.508771929824561,-3.508771929824561,
,나미비아,50.0,50.0,0.0,486.0,486.0,0.0,232.0,232.0,0.0,1383.0,1383.0,0.0,363.99999999999994,363.99999999999994,,184.56790123456793,184.56790123456793,
,나우루,2.0,2.0,0.0,278.0,278.0,0.0,6.0,6.0,0.0,117.0,117.0,0.0,200.0,200.0,,-57.9136690647482,-57.9136690647482,
,나이지리아,537.25,537.25,0.0,4638.5,4634.5,4.0,482.0,482.0,0.0,6037.0,6029.0,8.0,-10.283852954862727,-10.283852954862727,,30.14983292012503,30.089545797820684,100.0
,남아프리카,558.0,558.0,0.0,3317.0,3317.0,0.0,334.0,334.0,0.0,6340.0,6340.0,0.0,-40.14336917562724,-40.14336917562724,,91.13656918902622,91.13656918902622,
,네덜란드,1564.0,1559.0,5.0,22719.0,22612.0,107.0,1610.0,1610.0,0.0,19649.25,19608.25,41.0,2.941176470588225,3.271327774214239,-100,-13.511818301861878,-13.28387581814966,-61.68224299065421
,노르웨이,58.0,58.0,0.0,424.25,424.25,0.0,2.0,2.0,0.0,182.0,182.0,0.0,-96.55172413793103,-96.55172413793103,,-57.10076605774896,-57.10076605774896,
,뉴질랜드,753.0,733.0,20.0,10374.0,9955.0,419.0,682.0,632.0,50.0,9899.0,9638.0,261.0,-9.428950863213814,-13.778990450204642,150.0,-4.578754578754573,-3.1843294826720214,-37.70883054892601
,뉴칼레도니아,452.0,452.0,0.0,4537.0,4537.0,0.0,213.0,213.0,0.0,3543.0,3501.0,42.0,-52.876106194690266,-52.876106194690266,,-21.908750275512457,-22.834472118139736,0
,니카라과,364.0,364.0,0.0,3283.25,3283.25,0.0,799.0,799.0,0.0,6854.25,6854.25,0.0,119.50549450549453,119.50549450549453,,108.76418183202618,108.76418183202618,
,대만,6834.25,6816.25,18.0,67686.5,67204.0,482.5,4715.0,4328.0,387.0,71479.25,66252.25,5227.0,-31.00925485605589,-36.50467632495874,2050.0,5.603406883204176,-1.4162103446223484,983.3160621761658
,대한민국,15250.75,15007.75,243.0,223194.5,221250.5,1944.0,13227.25,12953.25,274.0,179417.5,176056.5,3361.0,-13.26819992459387,-13.689593709916547,12.757201646090532,-19.613834570296305,-20.42662050481242,72.8909465020576
,덴마크,244.0,94.0,150.0,1881.0,1177.0,704.0,123.0,123.0,0.0,1489.0,1489.0,0.0,-49.590163934426236,30.85106382978724,-100,-20.83997873471558,26.508071367884444,-100
,도미니카 공화국,1681.0,1681.0,0.0,25416.0,25416.0,0.0,3307.25,3307.25,0.0,44380.25,44380.25,0.0,96.74301011302795,96.74301011302795,,74.61539974819011,74.61539974819011,
,도미니카 연방,3.0,3.0,0.0,160.0,160.0,0.0,2.0,2.0,0.0,100.0,100.0,0.0,-33.333333333333336,-33.333333333333336,,-37.5,-37.5,
,독일,1468.25,1468.25,0.0,19911.75,18539.75,1372.0,1780.0,1780.0,0.0,18619.75,18594.75,25.0,21.23276008854078,21.23276008854078,,-6.488631084661067,0.29665987944820227,-98.17784256559767
,동티모르,12.0,12.0,0.0,59.0,59.0,0.0,1.0,1.0,0.0,96.0,96.0,0.0,-91.66666666666666,-91.66666666666666,,62.71186440677967,62.71186440677967,
,라이베리아,37.0,37.0,0.0,151.0,151.0,0.0,28.0,28.0,0.0,469.0,469.0,0.0,-24.32432432432432,-24.32432432432432,,210.59602649006624,210.59602649006624,
,라트비아,101.0,101.0,0.0,247.0,247.0,0.0,1.0,1.0,0.0,74.0,74.0,0.0,-99.00990099009901,-99.00990099009901,,-70.04048582995952,-70.04048582995952,
,러시아,16275.0,16275.0,0.0,198959.0,198811.0,148.0,9575.0,9575.0,0.0,136335.0,136230.0,105.0,-41.16743471582181,-41.16743471582181,,-31.47583170401942,-31.477634537324395,-29.054054054054056
,레바논,136.25,136.25,0.0,2483.75,2479.75,4.0,101.0,101.0,0.0,703.5,703.5,0.0,-25.87155963302752,-25.87155963302752,,-71.6758933064922,-71.63020465772759,-100
,레위니옹,11.0,11.0,0.0,113.0,113.0,0.0,,,,40.0,40.0,0.0,-100,-100,,-64.60176991150442,-64.60176991150442,
,루마니아,337.25,337.25,0.0,3012.75,3012.75,0.0,372.25,372.25,0.0,2497.25,2497.25,0.0,10.378057820607856,10.378057820607856,,-17.110613227118076,-17.110613227118076,
,리비아,55.25,55.25,0.0,1621.75,1621.75,0.0,370.25,370.25,0.0,1978.5,1978.5,0.0,570.1357466063348,570.1357466063348,,21.997841837521204,21.997841837521204,
,리투아니아,37.0,37.0,0.0,522.0,522.0,0.0,12.0,12.0,0.0,1158.25,1147.25,11.0,-67.56756756756756,-67.56756756756756,,121.88697318007664,119.77969348659005,0
,마다가스카르,9.0,9.0,0.0,159.0,159.0,0.0,3.0,3.0,0.0,109.0,109.0,0.0,-66.66666666666667,-66.66666666666667,,-31.44654088050315,-31.44654088050315,
,마르티니크,20.0,20.0,0.0,349.0,349.0,0.0,40.0,40.0,0.0,397.0,397.0,0.0,100.0,100.0,,13.753581661891111,13.753581661891111,
,마샬 제도,70.0,70.0,0.0,794.0,794.0,0.0,85.0,85.0,0.0,1123.0,1123.0,0.0,21.42857142857142,21.42857142857142,,41.43576826196473,41.43576826196473,
,마요트,1.0,1.0,0.0,20.0,20.0,0.0,,,,22.0,22.0,0.0,-100,-100,,10.000000000000009,10.000000000000009,
,마카오,,,,3.0,3.0,0.0,,,,4.0,4.0,0.0,,,,33.33333333333333,33.33333333333333,
,말레이시아,3695.0,3582.0,113.0,36736.5,35792.5,944.0,6056.0,5990.0,66.0,62546.5,62192.5,354.0,63.897158322056825,67.2250139586823,-41.5929203539823,70.25710124807753,73.75846895299294,-62.5
,멕시코,25418.5,25413.5,5.0,313076.25,312788.25,288.0,37729.25,37729.25,0.0,445732.5,443750.5,1982.0,48.43224423156363,48.46144765577351,-100,42.371866278582296,41.8692997579033,588.1944444444445
,모로코,308.0,308.0,0.0,3069.25,3069.25,0.0,1895.25,1895.25,0.0,16702.25,16606.25,96.0,515.3409090909091,515.3409090909091,,444.1801743096848,441.0523743585567,0
,모리셔스,29.0,29.0,0.0,157.0,157.0,0.0,23.0,23.0,0.0,309.0,309.0,0.0,-20.68965517241379,-20.68965517241379,,96.81528662420382,96.81528662420382,
,모리타니,84.0,84.0,0.0,283.5,283.5,0.0,54.0,54.0,0.0,1517.75,1517.75,0.0,-35.71428571428571,-35.71428571428571,,435.3615520282187,435.3615520282187,
,모잠비크,27.0,27.0,0.0,761.0,761.0,0.0,76.0,76.0,0.0,1018.0,1018.0,0.0,181.4814814814815,181.4814814814815,,33.77135348226019,33.77135348226019,
,몬세라트,,,,,,,,,,6.0,6.0,0.0,,,,0,0,
,몬테네그로,1.0,1.0,0.0,47.0,47.0,0.0,19.0,19.0,0.0,218.75,218.75,0.0,1800.0,1800.0,,365.42553191489355,365.42553191489355,
,몰디브,28.0,28.0,0.0,368.0,368.0,0.0,101.0,101.0,0.0,688.0,688.0,0.0,260.7142857142857,260.7142857142857,,86.95652173913044,86.95652173913044,
,몰타,10.25,10.25,0.0,156.25,156.25,0.0,39.0,39.0,0.0,373.25,373.25,0.0,280.4878048780488,280.4878048780488,,138.88,138.88,
,미국,70632.25,70123.25,509.0,1120541.0,1117387.0,3154.0,91257.75,91213.75,44.0,1080926.75,1076038.75,4888.0,29.201250137154066,30.076329890585505,-91.35559921414537,-3.5352789411543184,-3.7004412974197876,54.97780596068485
,미국령 버진아일랜드,,,,104.0,104.0,0.0,2.0,2.0,0.0,79.0,79.0,0.0,0,0,,-24.03846153846154,-24.03846153846154,
,미얀마,19.0,19.0,0.0,506.0,506.0,0.0,98.0,98.0,0.0,1906.0,1906.0,0.0,415.7894736842105,415.7894736842105,,276.6798418972332,276.6798418972332,
,미크로네시아,103.0,103.0,0.0,1207.0,1207.0,0.0,164.0,164.0,0.0,1555.0,1555.0,0.0,59.22330097087378,59.22330097087378,,28.83181441590721,28.83181441590721,
,바누아투,491.0,491.0,0.0,3680.0,3680.0,0.0,257.0,257.0,0.0,4581.0,4581.0,0.0,-47.657841140529534,-47.657841140529534,,24.48369565217392,24.48369565217392,
,바레인,41.0,41.0,0.0,289.0,289.0,0.0,6.0,6.0,0.0,449.0,449.0,0.0,-85.36585365853658,-85.36585365853658,,55.36332179930796,55.36332179930796,
,바베이도스,80.0,80.0,0.0,1614.0,1614.0,0.0,193.0,193.0,0.0,1846.0,1846.0,0.0,141.25,141.25,,14.374225526641894,14.374225526641894,
,바하마,11466.0,113.0,11353.0,68298.75,1365.0,66933.75,11930.0,183.0,11747.0,113732.0,2514.0,111218.0,4.046746903889753,61.946902654867266,3.470448339645915,66.52134921942204,84.17582417582416,66.16131622686612
,방글라데시,461.0,461.0,0.0,1160.0,1160.0,0.0,238.0,238.0,0.0,3408.25,3408.25,0.0,-48.37310195227765,-48.37310195227765,,193.8146551724138,193.8146551724138,
,베냉,2.0,2.0,0.0,310.0,310.0,0.0,58.0,58.0,0.0,673.0,673.0,0.0,2800.0,2800.0,,117.09677419354838,117.09677419354838,
,베네수엘라,268.0,268.0,0.0,11119.0,11119.0,0.0,3039.0,3039.0,0.0,23309.25,23309.25,0.0,1033.955223880597,1033.955223880597,,109.63440956920584,109.63440956920584,
,베트남,7684.0,7639.0,45.0,121935.75,119441.5,2494.25,12008.0,11979.0,29.0,128206.0,127087.0,1119.0,56.272774596564275,56.81371907317712,-35.55555555555555,5.142257295337904,6.401041514046635,-55.136814673749626
,벨기에,813.0,813.0,0.0,10025.0,10016.0,9.0,515.0,515.0,0.0,7359.25,7351.25,8.0,-36.65436654366544,-36.65436654366544,,-26.591022443890278,-26.6049321086262,-11.111111111111116
,벨리즈,10.0,10.0,0.0,688.0,688.0,0.0,38.0,38.0,0.0,614.0,614.0,0.0,280.0,280.0,,-10.755813953488369,-10.755813953488369,
,북마리아나 제도,81.25,81.25,0.0,1239.0,1239.0,0.0,59.0,59.0,0.0,965.75,965.75,0.0,-27.384615384615387,-27.384615384615387,,-22.05407586763519,-22.05407586763519,
,불가리아,45.0,45.0,0.0,946.25,946.25,0.0,219.0,219.0,0.0,1213.0,1213.0,0.0,386.66666666666663,386.66666666666663,,28.190224570673706,28.190224570673706,
,브라질,5758.0,5758.0,0.0,63251.0,62321.0,930.0,5450.0,5450.0,0.0,63407.0,63107.0,300.0,-5.349079541507473,-5.349079541507473,,0.24663641681554882,1.2612121114873087,-67.74193548387098
,브루나이,,,,5.0,5.0,0.0,,,,5.0,5.0,0.0,,,,0.0,0.0,
,사모아,242.0,242.0,0.0,2874.0,2874.0,0.0,285.0,285.0,0.0,3186.0,3176.0,10.0,17.76859504132231,17.76859504132231,,10.855949895615868,10.508002783576886,0
,사우디아라비아,1297.0,1297.0,0.0,18654.75,18624.75,30.0,1470.25,1470.25,0.0,17929.25,17929.25,0.0,13.357748650732471,13.357748650732471,,-3.8890899100765264,-3.7342783124605705,-100
,상투메 프린시페,,,,,,,,,,6.0,6.0,0.0,,,,0,0,
,세네갈,158.0,158.0,0.0,977.0,977.0,0.0,311.0,311.0,0.0,2640.0,2640.0,0.0,96.83544303797468,96.83544303797468,,170.21494370522007,170.21494370522007,
,세르비아,,,,,,,,,,6.0,6.0,0.0,,,,0,0,
,세이셸,,,,17.0,17.0,0.0,1.0,1.0,0.0,26.0,26.0,0.0,0,0,,52.941176470588225,52.941176470588225,
,세인트 빈센트 그레나딘,14.0,14.0,0.0,186.0,186.0,0.0,5.0,5.0,0.0,135.0,135.0,0.0,-64.28571428571428,-64.28571428571428,,-27.419354838709676,-27.419354838709676,
,세인트루시아,4.0,4.0,0.0,382.0,382.0,0.0,41.0,41.0,0.0,637.25,637.25,0.0,925.0,925.0,,66.8193717277487,66.8193717277487,
,세인트키츠 네비스,12.0,12.0,0.0,124.0,124.0,0.0,10.0,10.0,0.0,101.25,101.25,0.0,-16.666666666666664,-16.666666666666664,,-18.346774193548388,-18.346774193548388,
,소말리아,1.0,1.0,0.0,169.0,169.0,0.0,96.0,96.0,0.0,207.0,207.0,0.0,9500.0,9500.0,,22.48520710059172,22.48520710059172,
,솔로몬제도,307.0,307.0,0.0,1959.0,1959.0,0.0,19.0,19.0,0.0,874.0,874.0,0.0,-93.81107491856677,-93.81107491856677,,-55.38540071465032,-55.38540071465032,
,수단,7.0,7.0,0.0,572.0,572.0,0.0,38.0,38.0,0.0,805.0,805.0,0.0,442.8571428571429,442.8571428571429,,40.734265734265726,40.734265734265726,
,수리남,215.0,215.0,0.0,2100.0,2100.0,0.0,220.0,220.0,0.0,3305.25,3305.25,0.0,2.3255813953488413,2.3255813953488413,,57.39285714285713,57.39285714285713,
,스리랑카,159.0,159.0,0.0,976.0,976.0,0.0,78.0,78.0,0.0,1337.25,1337.25,0.0,-50.943396226415096,-50.943396226415096,,37.01331967213115,37.01331967213115,
,스웨덴,113.0,113.0,0.0,926.0,926.0,0.0,118.0,118.0,0.0,1566.0,1566.0,0.0,4.424778761061954,4.424778761061954,,69.11447084233262,69.11447084233262,
,스페인,1741.0,1741.0,0.0,18211.5,17878.5,333.0,2236.0,2236.0,0.0,24157.5,23805.5,352.0,28.43193566915565,28.43193566915565,,32.649699365785345,33.1515507453086,5.705705705705699
,슬로베니아,464.0,464.0,0.0,7161.75,7161.75,0.0,1651.25,1651.25,0.0,8737.5,8737.5,0.0,255.87284482758622,255.87284482758622,,22.002303906168173,22.002303906168173,
,시리아,16.0,16.0,0.0,562.0,562.0,0.0,9.0,9.0,0.0,201.25,201.25,0.0,-43.75,-43.75,,-64.19039145907473,-64.19039145907473,
,시에라 리온,39.0,39.0,0.0,122.0,122.0,0.0,53.0,53.0,0.0,768.0,768.0,0.0,35.897435897435905,35.897435897435905,,529.5081967213115,529.5081967213115,
,싱가포르,5288.0,4438.0,850.0,59776.75,47377.75,12399.0,4444.0,3799.0,645.0,66672.75,58060.5,8612.25,-15.960665658093799,-14.398377647589001,-24.117647058823533,11.536257825994213,22.54803151268263,-30.54076941688846
,아랍에미리트연합국,4268.0,4264.0,4.0,43706.75,43681.75,25.0,4542.5,4542.5,0.0,57522.5,57517.5,5.0,6.431583880037484,6.531425891181986,-100,31.61010599049345,31.673982841804648,-80.0
,아루바,6.0,6.0,0.0,405.25,405.25,0.0,66.0,66.0,0.0,699.5,699.5,0.0,1000.0,1000.0,,72.60950030845157,72.60950030845157,
,아르헨티나,1235.0,1235.0,0.0,17124.0,16996.0,128.0,514.0,514.0,0.0,11737.0,11497.0,240.0,-58.38056680161942,-58.38056680161942,,-31.45877131511329,-32.35467168745587,87.5
,아메리칸사모아,289.0,289.0,0.0,1743.0,1743.0,0.0,59.0,59.0,0.0,1236.0,1236.0,0.0,-79.58477508650519,-79.58477508650519,,-29.08777969018933,-29.08777969018933,
,아이슬란드,,,,4.0,4.0,0.0,,,,1.0,1.0,0.0,,,,-75.0,-75.0,
,아이티,101.0,101.0,0.0,1779.0,1779.0,0.0,252.0,252.0,0.0,2606.25,2606.25,0.0,149.5049504950495,149.5049504950495,,46.500843170320394,46.500843170320394,
,아일랜드,44.0,44.0,0.0,304.25,304.25,0.0,97.0,97.0,0.0,1082.0,1082.0,0.0,120.45454545454545,120.45454545454545,,255.62859490550537,255.62859490550537,
,알바니아,5.0,5.0,0.0,101.25,101.25,0.0,15.0,15.0,0.0,269.0,269.0,0.0,200.0,200.0,,165.679012345679,165.679012345679,
,알제리,99.75,99.75,0.0,2915.75,2915.75,0.0,966.0,966.0,0.0,4840.0,4840.0,0.0,868.421052631579,868.421052631579,,65.99502700848838,65.99502700848838,
,앙골라,26.0,26.0,0.0,398.0,398.0,0.0,79.0,79.0,0.0,649.0,649.0,0.0,203.84615384615384,203.84615384615384,,63.06532663316582,63.06532663316582,
,앤티가 바부다,7.0,7.0,0.0,246.25,246.25,0.0,14.0,14.0,0.0,319.0,319.0,0.0,100.0,100.0,,29.543147208121834,29.543147208121834,
,앤틸리스제도,53.0,53.0,0.0,780.5,780.5,0.0,63.0,63.0,0.0,1353.25,1353.25,0.0,18.867924528301884,18.867924528301884,,73.3824471492633,73.3824471492633,
,앵귈라,,,,25.0,25.0,0.0,,,,2.0,2.0,0.0,,,,-92.0,-92.0,
,에리트레아,2.0,2.0,0.0,2.0,2.0,0.0,,,,1.0,1.0,0.0,-100,-100,,-50.0,-50.0,
,에스토니아,21.0,21.0,0.0,186.0,186.0,0.0,6.0,6.0,0.0,95.0,95.0,0.0,-71.42857142857143,-71.42857142857143,,-48.924731182795696,-48.924731182795696,
,에콰도르,4180.0,3630.0,550.0,50190.0,44174.0,6016.0,3824.0,3794.0,30.0,60753.25,57987.25,2766.0,-8.516746411483256,4.517906336088151,-94.54545454545455,21.046523211795186,31.270091003757862,-54.02260638297872
,에티오피아,,,,2.0,2.0,0.0,,,,,,,,,,-100,-100,
,엘살바도르,572.25,572.25,0.0,7034.5,7034.5,0.0,1396.5,1396.5,0.0,12588.5,12588.5,0.0,144.03669724770643,144.03669724770643,,78.95372805458808,78.95372805458808,
,영국,1569.25,1569.25,0.0,7891.75,7891.75,0.0,2093.0,2093.0,0.0,26404.25,26404.25,0.0,33.375816472837336,33.375816472837336,,234.5804162574841,234.5804162574841,
,영국령 버진아일랜드,2.0,2.0,0.0,46.0,46.0,0.0,6.0,6.0,0.0,77.0,77.0,0.0,200.0,200.0,,67.3913043478261,67.3913043478261,
,예멘,2.0,2.0,0.0,101.0,101.0,0.0,539.5,539.5,0.0,695.5,695.5,0.0,26875.0,26875.0,,588.6138613861386,588.6138613861386,
,오만,324.25,324.25,0.0,5054.5,5054.5,0.0,702.0,702.0,0.0,5523.5,5523.5,0.0,116.49961449498845,116.49961449498845,,9.278860421406666,9.278860421406666,
,온두라스,380.0,380.0,0.0,6726.75,6726.75,0.0,643.75,643.75,0.0,8917.25,8917.25,0.0,69.4078947368421,69.4078947368421,,32.564016798602594,32.564016798602594,
,왈리스 푸투나,,,,3.0,3.0,0.0,,,,8.0,8.0,0.0,,,,166.66666666666666,166.66666666666666,
,요르단,341.0,341.0,0.0,4410.0,4409.0,1.0,381.5,380.5,1.0,4421.5,4416.5,5.0,11.87683284457477,11.58357771260996,0,0.2607709750566789,0.17010660013607737,400.0
,우루과이,480.0,480.0,0.0,4935.0,4935.0,0.0,306.0,306.0,0.0,4671.0,4571.0,100.0,-36.25000000000001,-36.25000000000001,,-5.349544072948332,-7.375886524822695,0
,우크라이나,,,,932.0,932.0,0.0,,,,,,,,,,-100,-100,
,원양어획지역,66.0,66.0,0.0,81.0,81.0,0.0,,,,52.0,52.0,0.0,-100,-100,,-35.802469135802475,-35.802469135802475,
,이라크,44.0,44.0,0.0,640.0,640.0,0.0,49.0,49.0,0.0,509.25,509.25,0.0,11.363636363636353,11.363636363636353,,-20.429687500000004,-20.429687500000004,
,이란,8.0,8.0,0.0,65.0,65.0,0.0,6.0,6.0,0.0,98.0,98.0,0.0,-25.0,-25.0,,50.76923076923077,50.76923076923077,
,이스라엘,2176.0,2170.0,6.0,19695.5,19289.5,406.0,895.0,887.0,8.0,14409.25,14127.25,282.0,-58.86948529411764,-59.124423963133644,33.33333333333333,-26.839887283897333,-26.761968946836355,-30.541871921182263
,이집트,1183.25,1183.25,0.0,10677.25,10577.25,100.0,1723.75,1723.75,0.0,14693.0,14693.0,0.0,45.67927318825269,45.67927318825269,,37.61033974103818,38.91134274031529,-100
,이탈리아,2939.0,2936.0,3.0,29981.25,29917.25,64.0,4551.25,4551.25,0.0,35918.5,35666.5,252.0,54.85709424974481,55.01532697547684,-100,19.803210339795708,19.217174038389228,293.75
,인도,5837.25,5828.25,9.0,54056.25,53395.25,661.0,7309.25,7301.25,8.0,74752.75,74637.75,115.0,25.217354062272477,25.273452580105516,-11.111111111111116,38.286969591860334,39.783501341411466,-82.60211800302571
,인도네시아,3711.0,3711.0,0.0,50474.75,50397.75,77.0,6598.0,6598.0,0.0,67083.5,67059.5,24.0,77.79574238749663,77.79574238749663,,32.905066394583436,33.06050369312121,-68.83116883116884
,일본,65473.0,64772.0,701.0,948131.75,934034.75,14097.0,64202.0,63112.0,1090.0,886699.25,857421.25,29278.0,-1.9412582285827762,-2.5628357932439894,55.49215406562054,-6.47932104372625,-8.202425016842252,107.68957934312265
,자메이카,2623.25,2623.25,0.0,23705.75,23704.75,1.0,1782.75,1782.75,0.0,29515.5,29509.5,6.0,-32.04040789097493,-32.04040789097493,,24.507767102918066,24.487708159757005,500.0
,적도 기니,,,,6.0,6.0,0.0,,,,,,,,,,-100,-100,
,조지아,417.0,417.0,0.0,1981.75,1981.75,0.0,1817.0,1817.0,0.0,15391.0,15391.0,0.0,335.73141486810556,335.73141486810556,,676.6368108994575,676.6368108994575,
,중국,85519.25,79286.25,6233.0,1066614.0,950512.25,116101.75,77067.0,69038.75,8028.25,1070982.25,961133.5,109848.75,-9.88344729403029,-12.92468744580555,28.80234237124979,0.4095436587181478,1.1174237891200312,-5.385793065134681
,지부티,20.0,20.0,0.0,294.0,294.0,0.0,136.25,136.25,0.0,536.25,536.25,0.0,581.25,581.25,,82.39795918367348,82.39795918367348,
,칠레,14461.0,14421.0,40.0,199501.5,192010.5,7491.0,17670.0,16114.0,1556.0,208699.75,198059.75,10640.0,22.19071986722909,11.739823867970323,3790.0,4.610616962779734,3.1504787498600306,42.0371112001068
,카메룬,115.0,115.0,0.0,765.0,765.0,0.0,197.0,197.0,0.0,1710.0,1710.0,0.0,71.30434782608697,71.30434782608697,,123.52941176470588,123.52941176470588,
,카보 베르데,,,,5.0,5.0,0.0,9.0,9.0,0.0,32.0,32.0,0.0,0,0,,540.0,540.0,
,카타르,193.0,193.0,0.0,2762.5,2760.5,2.0,153.0,153.0,0.0,2091.25,2089.25,2.0,-20.725388601036265,-20.725388601036265,,-24.298642533936654,-24.31624705669263,0.0
,캄보디아,21.0,21.0,0.0,879.25,879.25,0.0,76.25,76.25,0.0,776.5,776.5,0.0,263.0952380952381,263.0952380952381,,-11.686096104634636,-11.686096104634636,
,캐나다,16885.5,16885.5,0.0,306473.5,305707.5,766.0,28881.0,28881.0,0.0,274959.75,274728.75,231.0,71.04024162743181,71.04024162743181,,-10.282699809282047,-10.13346090625843,-69.84334203655352
,케냐,160.0,160.0,0.0,1230.0,1230.0,0.0,333.0,333.0,0.0,3001.0,3001.0,0.0,108.12499999999999,108.12499999999999,,143.9837398373984,143.9837398373984,
,케이맨 제도,2.0,2.0,0.0,259.25,259.25,0.0,17.0,17.0,0.0,356.0,356.0,0.0,750.0,750.0,,37.3191899710704,37.3191899710704,
,코모로,,,,15.0,15.0,0.0,,,,55.0,55.0,0.0,,,,266.66666666666663,266.66666666666663,
,코스타리카,616.0,616.0,0.0,8779.25,7017.25,1762.0,1276.25,1276.25,0.0,10844.25,10844.25,0.0,107.18344155844157,107.18344155844157,,23.521371415553727,54.537033738287796,-100
,코트디부아르,206.0,206.0,0.0,1416.0,1416.0,0.0,415.0,415.0,0.0,2951.0,2951.0,0.0,101.45631067961168,101.45631067961168,,108.4039548022599,108.4039548022599,
,콜롬비아,6552.0,6546.0,6.0,81012.5,80697.5,315.0,5536.25,5536.25,0.0,97025.5,95709.5,1316.0,-15.502899877899878,-15.425450656889705,-100,19.7660854806357,18.602806778400826,317.7777777777778
,콩고,15.0,15.0,0.0,37.0,37.0,0.0,43.0,43.0,0.0,375.0,375.0,0.0,186.66666666666666,186.66666666666666,,913.5135135135135,913.5135135135135,
,콩고 민주 공화국,20.0,20.0,0.0,109.0,109.0,0.0,44.0,44.0,0.0,757.0,753.0,4.0,120.00000000000001,120.00000000000001,,594.4954128440367,590.8256880733945,0
,쿠바,97.0,97.0,0.0,5074.0,5074.0,0.0,678.0,678.0,0.0,6598.0,6598.0,0.0,598.9690721649484,598.9690721649484,,30.035474970437527,30.035474970437527,
,쿠웨이트,34.0,34.0,0.0,242.0,242.0,0.0,110.0,110.0,0.0,405.0,405.0,0.0,223.52941176470588,223.52941176470588,,67.35537190082646,67.35537190082646,
,쿡 제도,14.0,14.0,0.0,32.0,32.0,0.0,,,,17.0,17.0,0.0,-100,-100,,-46.875,-46.875,
,퀴라소,,,,35.0,35.0,0.0,,,,22.0,22.0,0.0,,,,-37.142857142857146,-37.142857142857146,
,크로아티아,233.0,233.0,0.0,2796.25,2796.25,0.0,889.25,889.25,0.0,6815.5,6815.5,0.0,281.6523605150214,281.6523605150214,,143.73714796602593,143.73714796602593,
,키리바시,179.0,179.0,0.0,1908.0,1906.0,2.0,,,,2485.0,2485.0,0.0,-100,-100,,30.241090146750516,30.37775445960127,-100
,키프로스,9.0,9.0,0.0,63.0,63.0,0.0,317.0,317.0,0.0,1274.0,1274.0,0.0,3422.222222222222,3422.222222222222,,1922.2222222222222,1922.2222222222222,
,탄자니아,519.0,519.0,0.0,1892.25,1892.25,0.0,665.0,665.0,0.0,4058.25,4058.25,0.0,28.131021194604998,28.131021194604998,,114.4669044787951,114.4669044787951,
,태국,5877.5,5876.5,1.0,84768.5,84277.75,490.75,7833.0,7817.0,16.0,95145.0,94560.0,585.0,33.270948532539336,33.02135624946823,1500.0,12.240985743525012,12.200432498494562,19.20529801324504
,토고,104.0,104.0,0.0,665.0,665.0,0.0,217.0,217.0,0.0,1332.25,1332.25,0.0,108.65384615384616,108.65384615384616,,100.33834586466166,100.33834586466166,
,통가,171.0,171.0,0.0,1387.0,1387.0,0.0,86.0,86.0,0.0,1697.0,1697.0,0.0,-49.70760233918129,-49.70760233918129,,22.35039653929345,22.35039653929345,
,투발루,4.0,4.0,0.0,13.0,13.0,0.0,,,,10.0,10.0,0.0,-100,-100,,-23.076923076923073,-23.076923076923073,
,튀니지,26.5,26.5,0.0,1534.0,1534.0,0.0,213.75,213.75,0.0,1266.25,1266.25,0.0,706.6037735849056,706.6037735849056,,-17.454367666232073,-17.454367666232073,
,튀르키예,3582.25,3582.25,0.0,36960.0,36960.0,0.0,6086.0,6086.0,0.0,53844.25,53844.25,0.0,69.89322353269594,69.89322353269594,,45.68249458874458,45.68249458874458,
,트리니다드 토바고,427.0,427.0,0.0,7332.25,7322.25,10.0,910.0,909.0,1.0,12138.75,12134.75,4.0,113.11475409836066,112.88056206088993,0,65.55286576426063,65.72433336747585,-60.0
,파나마,2795.0,2795.0,0.0,56482.5,54200.5,2282.0,7811.75,7649.75,162.0,64874.25,60280.25,4594.0,179.4901610017889,173.69409660107334,0,14.857256672420661,11.217147443289278,101.31463628396142
,파라과이,57.0,57.0,0.0,524.0,524.0,0.0,351.0,351.0,0.0,2735.0,2735.0,0.0,515.7894736842105,515.7894736842105,,421.94656488549623,421.94656488549623,
,파키스탄,837.25,837.25,0.0,7972.5,7972.5,0.0,591.25,591.25,0.0,9198.5,9198.5,0.0,-29.381905046282476,-29.381905046282476,,15.377861398557545,15.377861398557545,
,파푸아 뉴기니,500.0,500.0,0.0,3376.0,3316.0,60.0,75.0,75.0,0.0,2928.0,2885.0,43.0,-85.0,-85.0,,-13.27014218009479,-12.99758745476478,-28.333333333333332
,팔라우,12.0,12.0,0.0,65.0,65.0,0.0,43.0,43.0,0.0,256.0,256.0,0.0,258.33333333333337,258.33333333333337,,293.84615384615387,293.84615384615387,
,페로 제도,,,,,,,,,,2.0,2.0,0.0,,,,0,0,
,페루,7140.0,6808.0,332.0,76442.5,74644.5,1798.0,6988.25,6578.25,410.0,99379.5,94261.5,5118.0,-2.125350140056026,-3.3747062279670947,23.493975903614462,30.005559734440922,26.280569901332317,184.64961067853173
,포르투갈,52.0,52.0,0.0,697.0,697.0,0.0,34.0,34.0,0.0,849.0,849.0,0.0,-34.61538461538461,-34.61538461538461,,21.807747489239592,21.807747489239592,
,폴란드,24.0,24.0,0.0,1302.0,1302.0,0.0,175.0,175.0,0.0,1862.0,1852.0,10.0,629.1666666666667,629.1666666666667,,43.01075268817205,42.2427035330261,0
,푸에르토리코,149.0,149.0,0.0,6393.0,6393.0,0.0,844.0,844.0,0.0,8693.5,8693.5,0.0,466.44295302013427,466.44295302013427,,35.98467073361489,35.98467073361489,
,프랑스,1514.0,1514.0,0.0,13353.5,13348.5,5.0,1904.0,1904.0,0.0,20393.5,20303.5,90.0,25.75957727873184,25.75957727873184,,52.72026060583368,52.103232572948265,1700.0
,프랑스령 기아나,13.0,13.0,0.0,232.0,232.0,0.0,17.0,17.0,0.0,257.0,257.0,0.0,30.76923076923077,30.76923076923077,,10.775862068965525,10.775862068965525,
,프랑스령 폴리네시아,346.0,346.0,0.0,2952.0,2938.0,14.0,57.0,57.0,0.0,1082.0,1081.0,1.0,-83.52601156069363,-83.52601156069363,,-63.34688346883468,-63.20626276378489,-92.85714285714286
,피지,417.0,416.0,1.0,7570.0,7560.0,10.0,165.0,165.0,0.0,3029.0,3025.0,4.0,-60.431654676258994,-60.33653846153846,-100,-59.986789960369876,-59.98677248677249,-60.0
,핀란드,36.0,36.0,0.0,366.0,366.0,0.0,10.0,10.0,0.0,232.0,232.0,0.0,-72.22222222222221,-72.22222222222221,,-36.612021857923494,-36.612021857923494,
,필리핀,6483.0,6483.0,0.0,66010.75,66008.75,2.0,3572.5,3572.5,0.0,52571.75,52571.75,0.0,-44.894339040567644,-44.894339040567644,,-20.358805194608454,-20.356392144980784,-100
,호주,1354.0,1354.0,0.0,15153.0,14639.0,514.0,1280.0,1253.0,27.0,18705.25,18500.25,205.0,-5.465288035450522,-7.459379615952733,0,23.44255262984227,26.376460140719992,-60.11673151750973
,홍콩,1667.0,1667.0,0.0,32977.0,32741.0,236.0,2407.0,2407.0,0.0,31343.0,31263.0,80.0,44.39112177564488,44.39112177564488,,-4.954968614488886,-4.5142176475978175,-66.10169491525424
