,,2020,,,,,,2021,,,,,,전년대비증감율(%),,,,,
,,12월,,,누계(01월~12월),,,12월,,,누계(01월~12월),,,12월,,,누계(01월~12월),,
입출항구분,국가명,계,적,공,계,적,공,계,적,공,계,적,공,증감_계,증감_적,증감_공,증감_계,증감_적,증감_공
합계,,1878193.75,1606646.25,271547.5,2.1823961E7,1.8228629E7,3595332.0,1864930.0,1602183.5,262746.5,2.270612375E7,1.954508125E7,3161042.5,-0.7061971109210696,-0.27776805255046444,-3.241053590992371,4.0421752494884,7.221893923015266,-12.079259996017056
입항소계,,426819.75,254564.5,172255.25,4852616.75,3058235.5,1794381.25,441325.75,279567.5,161758.25,5207989.5,3227561.75,1980427.75,3.398624360751823,9.821872256343678,-6.093863612284678,7.323321999414034,5.536730248537114,10.368281545518832
입항,가나,29.0,29.0,0.0,774.0,774.0,0.0,9.0,9.0,0.0,382.0,376.0,6.0,-68.96551724137932,-68.96551724137932,,-50.64599483204134,-51.42118863049095,0
,가봉,,,,9.0,9.0,0.0,10.0,10.0,0.0,64.0,64.0,0.0,0,0,,611.1111111111111,611.1111111111111,
,가이아나,,,,79.0,79.0,0.0,1.0,1.0,0.0,45.0,43.0,2.0,0,0,,-43.0379746835443,-45.56962025316456,0
,감비아,6.0,6.0,0.0,98.0,98.0,0.0,3.0,3.0,0.0,58.0,58.0,0.0,-50.0,-50.0,,-40.816326530612244,-40.816326530612244,
,과들루프,,,,,,,2.0,2.0,0.0,4.0,4.0,0.0,0,0,,0,0,
,과테말라,253.0,223.0,30.0,6007.0,3519.0,2488.0,210.0,196.0,14.0,4658.0,3383.0,1275.0,-16.996047430830043,-12.107623318385652,-53.333333333333336,-22.4571333444315,-3.864734299516903,-48.7540192926045
,괌,1015.0,73.0,942.0,10166.0,708.0,9458.0,125.0,92.0,33.0,6969.0,1068.5,5900.5,-87.68472906403942,26.027397260273965,-96.4968152866242,-31.447963800904976,50.9180790960452,-37.61366039331783
,그리스,1178.0,370.0,808.0,13427.0,4385.0,9042.0,252.0,162.0,90.0,11364.25,4371.0,6993.25,-78.60780984719864,-56.21621621621622,-88.86138613861387,-15.362702018321295,-0.31927023945268473,-22.658150851581503
,기니,36.0,36.0,0.0,886.0,886.0,0.0,79.0,79.0,0.0,937.0,937.0,0.0,119.44444444444446,119.44444444444446,,5.756207674943559,5.756207674943559,
,기니비사우,4.0,4.0,0.0,32.0,32.0,0.0,,,,42.0,42.0,0.0,-100,-100,,31.25,31.25,
,나미비아,2.0,2.0,0.0,218.0,218.0,0.0,6.0,6.0,0.0,140.0,140.0,0.0,200.0,200.0,,-35.77981651376147,-35.77981651376147,
,나이지리아,28.0,28.0,0.0,1352.0,1345.0,7.0,40.0,40.0,0.0,689.0,689.0,0.0,42.85714285714286,42.85714285714286,,-49.03846153846154,-48.773234200743495,-100
,남아프리카,702.0,622.0,80.0,8135.0,7857.0,278.0,484.0,441.0,43.0,9601.0,9213.0,388.0,-31.05413105413105,-29.099678456591636,-46.25,18.020897357098953,17.25849560901107,39.568345323741006
,네덜란드,5638.5,5314.5,324.0,84814.0,79698.0,5116.0,10586.25,8647.25,1939.0,89134.75,77646.25,11488.5,87.74940143655228,62.71050898485275,498.4567901234568,5.094383002806135,-2.5744058822053217,124.56020328381547
,노르웨이,876.0,876.0,0.0,5475.5,5461.5,14.0,1018.0,1018.0,0.0,7352.0,7278.0,74.0,16.21004566210045,16.21004566210045,,34.27084284540225,33.260093380939296,428.57142857142856
,뉴질랜드,2704.0,2700.0,4.0,32450.0,26855.0,5595.0,3172.0,1823.0,1349.0,29332.0,24645.0,4687.0,17.307692307692314,-32.48148148148148,33625.0,-9.608628659476114,-8.229380003723696,-16.228775692582666
,뉴칼레도니아,118.0,60.0,58.0,1915.0,492.0,1423.0,363.0,24.0,339.0,2984.0,211.0,2773.0,207.62711864406776,-60.0,484.48275862068965,55.822454308094,-57.113821138211385,94.86999297259311
,니카라과,15.0,15.0,0.0,653.0,640.0,13.0,5.0,3.0,2.0,197.0,189.0,8.0,-66.66666666666667,-80.0,0,-69.83154670750382,-70.46875,-38.46153846153846
,대만,7797.25,4864.0,2933.25,70045.0,46947.25,23097.75,8852.0,6234.0,2618.0,86778.75,54712.0,32066.75,13.527205104363716,28.166118421052634,-10.747464416602748,23.88999928617317,16.53930741417229,38.83062203028433
,대한민국,6716.0,8.0,6708.0,60265.25,84.0,60181.25,6935.75,27.0,6908.75,77131.75,28.0,77103.75,3.2720369267421168,237.5,2.9926952892069147,27.98710699781384,-66.66666666666667,28.119223179977148
,덴마크,927.0,927.0,0.0,10980.0,10883.0,97.0,1441.0,1441.0,0.0,11970.0,11880.0,90.0,55.44768069039914,55.44768069039914,,9.016393442622949,9.161076908940547,-7.216494845360821
,도미니카 공화국,123.0,123.0,0.0,1874.0,1859.0,15.0,91.0,68.0,23.0,1502.0,1226.0,276.0,-26.016260162601622,-44.71544715447154,0,-19.850586979722518,-34.05056481979559,1739.9999999999998
,도미니카 연방,,,,2.0,2.0,0.0,,,,,,,,,,-100,-100,
,독일,7456.0,6747.0,709.0,109214.75,100466.25,8748.5,12382.5,9952.5,2430.0,106528.0,98003.25,8524.75,66.0743025751073,47.51000444642064,242.73624823695346,-2.4600614843691027,-2.451569556940769,-2.557581299651368
,동티모르,,,,2.0,2.0,0.0,,,,2.0,2.0,0.0,,,,0.0,0.0,
,라이베리아,1.0,1.0,0.0,55.0,55.0,0.0,4.0,4.0,0.0,29.0,29.0,0.0,300.0,300.0,,-47.27272727272728,-47.27272727272728,
,라트비아,608.0,608.0,0.0,11132.0,11122.0,10.0,793.0,793.0,0.0,11288.0,11287.0,1.0,30.427631578947366,30.427631578947366,,1.4013654329859904,1.4835461247977078,-90.0
,러시아,9506.5,3083.0,6423.5,84461.0,33840.0,50621.0,14264.25,3378.0,10886.25,143904.75,44973.0,98931.75,50.047336033240406,9.568602011028226,69.47536389818634,70.38011626667931,32.89893617021276,95.43618261195945
,레바논,106.0,106.0,0.0,1797.0,729.0,1068.0,20.0,20.0,0.0,1254.0,1084.0,170.0,-81.13207547169812,-81.13207547169812,,-30.217028380634392,48.69684499314128,-84.08239700374531
,레위니옹,,,,32.0,32.0,0.0,1.0,1.0,0.0,25.0,23.0,2.0,0,0,,-21.875,-28.125,0
,루마니아,715.0,145.0,570.0,8623.5,2789.5,5834.0,318.0,191.0,127.0,6350.5,2863.5,3487.0,-55.52447552447553,31.72413793103448,-77.71929824561403,-26.35820722444483,2.6528051622154436,-40.22968803565307
,리비아,14.0,14.0,0.0,705.0,705.0,0.0,46.0,46.0,0.0,404.0,404.0,0.0,228.57142857142856,228.57142857142856,,-42.695035460992905,-42.695035460992905,
,리투아니아,69.0,69.0,0.0,3127.25,3127.25,0.0,165.25,165.25,0.0,4620.25,3911.25,709.0,139.49275362318843,139.49275362318843,,47.74162602925893,25.069949636261903,0
,마다가스카르,4.0,4.0,0.0,223.0,223.0,0.0,14.0,14.0,0.0,101.0,101.0,0.0,250.0,250.0,,-54.7085201793722,-54.7085201793722,
,마르티니크,,,,2.0,2.0,0.0,1.0,1.0,0.0,6.0,6.0,0.0,0,0,,200.0,200.0,
,마샬 제도,589.0,19.0,570.0,5311.0,126.0,5185.0,539.0,11.0,528.0,4858.0,76.0,4782.0,-8.488964346349748,-42.10526315789473,-7.36842105263158,-8.529467143664093,-39.682539682539684,-7.772420443587269
,말레이시아,6565.5,4630.0,1935.5,84039.0,57607.25,26431.75,8405.25,6636.0,1769.25,96223.25,63991.0,32232.25,28.021475896732916,43.32613390928726,-8.589511754068713,14.498328157165119,11.081504498131745,21.945198482885164
,말리,,,,2.0,2.0,0.0,,,,,,,,,,-100,-100,
,멕시코,7814.0,2372.0,5442.0,81323.5,32741.0,48582.5,8013.0,3125.0,4888.0,100306.5,34263.0,66043.5,2.546711031481963,31.745362563237766,-10.180080852627714,23.342576254096304,4.648605723710331,35.94092523027839
,모로코,113.0,101.0,12.0,2169.0,1949.0,220.0,221.0,217.0,4.0,3379.0,2374.0,1005.0,95.57522123893804,114.85148514851487,-66.66666666666667,55.7860765329645,21.80605438686505,356.8181818181818
,모리셔스,9.0,9.0,0.0,191.0,191.0,0.0,,,,118.0,118.0,0.0,-100,-100,,-38.21989528795812,-38.21989528795812,
,모리타니,28.0,28.0,0.0,323.0,323.0,0.0,10.0,10.0,0.0,303.0,303.0,0.0,-64.28571428571428,-64.28571428571428,,-6.19195046439629,-6.19195046439629,
,모잠비크,21.0,21.0,0.0,1180.0,1180.0,0.0,117.0,117.0,0.0,1139.0,1139.0,0.0,457.1428571428571,457.1428571428571,,-3.474576271186436,-3.474576271186436,
,몬테네그로,75.0,75.0,0.0,643.0,643.0,0.0,128.0,128.0,0.0,1444.0,1444.0,0.0,70.66666666666667,70.66666666666667,,124.5723172628305,124.5723172628305,
,몰타,141.0,48.0,93.0,1264.0,229.0,1035.0,116.0,8.0,108.0,1537.25,96.0,1441.25,-17.730496453900713,-83.33333333333334,16.129032258064523,21.617879746835445,-58.07860262008734,39.2512077294686
,미국,53397.0,32662.5,20734.5,687154.5,485052.25,202102.25,54441.0,33750.0,20691.0,735726.75,454933.0,280793.75,1.9551660205629595,3.3295063145809323,-0.20979526875497534,7.068606841692815,-6.209485679120141,38.936478935786226
,미얀마,477.0,477.0,0.0,7844.0,6788.0,1056.0,335.0,335.0,0.0,4132.0,4124.0,8.0,-29.769392033542974,-29.769392033542974,,-47.322794492605816,-39.24572775486153,-99.24242424242425
,미크로네시아,1.0,0.0,1.0,140.0,19.0,121.0,13.0,0.0,13.0,131.0,82.0,49.0,1200.0,,1200.0,-6.428571428571428,331.57894736842104,-59.50413223140496
,바누아투,10.0,0.0,10.0,1111.0,6.0,1105.0,18.0,0.0,18.0,1879.0,10.0,1869.0,80.0,,80.0,69.12691269126914,66.66666666666667,69.14027149321267
,바레인,163.0,163.0,0.0,1325.0,1325.0,0.0,159.0,159.0,0.0,2588.0,2588.0,0.0,-2.4539877300613466,-2.4539877300613466,,95.32075471698114,95.32075471698114,
,바베이도스,4.0,4.0,0.0,20.0,20.0,0.0,,,,,,,-100,-100,,-100,-100,
,바하마,9.0,9.0,0.0,12.0,12.0,0.0,,,,3.0,3.0,0.0,-100,-100,,-75.0,-75.0,
,방글라데시,343.0,343.0,0.0,7472.0,5780.0,1692.0,791.0,791.0,0.0,7320.0,7162.0,158.0,130.6122448979592,130.6122448979592,,-2.0342612419700257,23.910034602076124,-90.66193853427896
,베냉,,,,8.0,0.0,8.0,,,,27.0,13.0,14.0,,,,237.5,0,75.0
,베네수엘라,56.0,56.0,0.0,532.0,530.0,2.0,32.0,32.0,0.0,381.0,381.0,0.0,-42.85714285714286,-42.85714285714286,,-28.383458646616543,-28.113207547169814,-100
,베트남,12348.75,11347.0,1001.75,150785.0,136335.5,14449.5,15635.0,15219.0,416.0,164976.0,149752.0,15224.0,26.61200526369065,34.12355688728299,-58.472672822560526,9.411413602148745,9.84079715114552,5.360047060451922
,벨기에,2779.5,2759.5,20.0,39833.25,38385.25,1448.0,3764.0,3629.0,135.0,43211.0,40874.0,2337.0,35.4200395754632,31.50933140061605,575.0,8.479724852980874,6.48361024091284,61.39502762430939
,벨리즈,,,,1.0,1.0,0.0,,,,,,,,,,-100,-100,
,북마리아나 제도,556.75,4.0,552.75,6515.25,96.0,6419.25,308.25,26.0,282.25,9795.5,174.0,9621.5,-44.6340368208352,550.0,-48.93713251922207,50.34726219254826,81.25,49.88511118900183
,불가리아,43.0,40.0,3.0,885.0,865.0,20.0,93.0,93.0,0.0,914.25,908.25,6.0,116.27906976744184,132.50000000000003,-100,3.305084745762721,5.000000000000004,-70.0
,브라질,3084.0,2502.0,582.0,34496.0,29174.0,5322.0,2718.0,2389.0,329.0,38115.0,27605.0,10510.0,-11.867704280155644,-4.516386890487611,-43.470790378006875,10.49107142857142,-5.378076369369989,97.48214956783163
,브루나이,7.0,7.0,0.0,59.0,59.0,0.0,,,,22.0,19.0,3.0,-100,-100,,-62.71186440677966,-67.79661016949152,0
,사모아,434.0,2.0,432.0,3968.0,22.0,3946.0,289.0,2.0,287.0,2644.0,22.0,2622.0,-33.41013824884793,0.0,-33.56481481481482,-33.36693548387096,0.0,-33.55296502787633
,사우디아라비아,1611.0,731.0,880.0,22907.0,7369.0,15538.0,4507.75,1008.0,3499.75,22533.75,7517.0,15016.75,179.8106765983861,37.893296853625166,297.6988636363636,-1.6294145894268142,2.008413624643768,-3.3546788518470816
,세네갈,43.0,43.0,0.0,1130.0,1118.0,12.0,83.0,83.0,0.0,1194.0,1177.0,17.0,93.0232558139535,93.0232558139535,,5.663716814159292,5.277280858676203,41.66666666666667
,세르비아,,,,8.0,8.0,0.0,,,,2.0,2.0,0.0,,,,-75.0,-75.0,
,세이셸,,,,34.0,34.0,0.0,78.0,78.0,0.0,103.0,103.0,0.0,0,0,,202.94117647058823,202.94117647058823,
,세인트 빈센트 그레나딘,,,,10.0,10.0,0.0,,,,,,,,,,-100,-100,
,세인트루시아,,,,12.0,12.0,0.0,,,,8.0,8.0,0.0,,,,-33.333333333333336,-33.333333333333336,
,소말리아,,,,48.0,48.0,0.0,,,,34.0,1.0,33.0,,,,-29.166666666666664,-97.91666666666666,0
,솔로몬제도,,,,13.0,13.0,0.0,2.0,0.0,2.0,56.0,26.0,30.0,0,,0,330.7692307692308,100.0,0
,수단,15.0,15.0,0.0,205.0,205.0,0.0,1.0,1.0,0.0,424.0,183.0,241.0,-93.33333333333333,-93.33333333333333,,106.82926829268294,-10.73170731707317,0
,수리남,89.0,89.0,0.0,1037.0,1037.0,0.0,22.0,22.0,0.0,401.0,401.0,0.0,-75.2808988764045,-75.2808988764045,,-61.3307618129219,-61.3307618129219,
,스리랑카,363.0,322.0,41.0,4074.0,4002.0,72.0,325.0,325.0,0.0,4812.0,3808.0,1004.0,-10.468319559228645,0.9316770186335477,-100,18.114874815905747,-4.847576211894056,1294.4444444444446
,스웨덴,1286.0,1260.0,26.0,14622.0,14530.0,92.0,1465.0,1465.0,0.0,15079.0,15023.0,56.0,13.919129082426117,16.26984126984128,-100,3.1254274381069536,3.3929800412938693,-39.13043478260869
,스위스,,,,8.0,8.0,0.0,,,,15.0,15.0,0.0,,,,87.5,87.5,
,스페인,2570.0,2444.0,126.0,36748.75,33074.5,3674.25,4304.0,3987.0,317.0,44959.25,41785.25,3174.0,67.47081712062257,63.1342062193126,151.58730158730157,22.34225653933808,26.336754901812576,-13.6150234741784
,슬로베니아,1087.75,1087.75,0.0,14726.5,14527.5,199.0,1334.0,1299.0,35.0,15925.75,15680.75,245.0,22.638473914042745,19.420822799356465,0,8.143482837062432,7.938392703493369,23.115577889447223
,시리아,,,,1.0,1.0,0.0,1.0,1.0,0.0,1.0,1.0,0.0,0,0,,0.0,0.0,
,시에라 리온,27.0,27.0,0.0,776.0,276.0,500.0,15.0,15.0,0.0,165.0,165.0,0.0,-44.44444444444444,-44.44444444444444,,-78.73711340206185,-40.21739130434783,-100
,싱가포르,3832.5,2605.0,1227.5,44875.75,33175.0,11700.75,3910.5,2988.0,922.5,65197.25,34879.0,30318.25,2.0352250489236834,14.702495201535504,-24.847250509164965,45.2839228313733,5.136397889977395,159.11373202572486
,아랍에미리트연합국,2267.25,895.0,1372.25,52722.75,16800.5,35922.25,4790.25,1478.25,3312.0,65359.0,15581.5,49777.5,111.28018524644392,65.16759776536314,141.3554381490253,23.967357544892852,-7.255736436415583,38.570106271182894
,아루바,,,,,,,,,,10.0,10.0,0.0,,,,0,0,
,아르헨티나,733.0,284.0,449.0,7597.0,3702.0,3895.0,960.0,230.0,730.0,7962.0,3214.0,4748.0,30.96862210095499,-19.01408450704225,62.58351893095768,4.804528103198624,-13.18206374932469,21.89987163029525
,아메리칸사모아,10.0,10.0,0.0,1644.0,194.0,1450.0,270.0,30.0,240.0,937.0,331.0,606.0,2600.0,200.0,0,-43.004866180048666,70.61855670103093,-58.20689655172413
,아이슬란드,,,,84.0,84.0,0.0,2.0,2.0,0.0,12.0,12.0,0.0,0,0,,-85.71428571428572,-85.71428571428572,
,아이티,6.0,6.0,0.0,59.0,59.0,0.0,3.0,3.0,0.0,93.0,93.0,0.0,-50.0,-50.0,,57.6271186440678,57.6271186440678,
,아일랜드,148.0,148.0,0.0,1824.0,1756.0,68.0,202.0,188.0,14.0,2152.0,2098.0,54.0,36.48648648648649,27.027027027027017,0,17.982456140350877,19.476082004555817,-20.588235294117652
,알바니아,,,,36.0,36.0,0.0,314.0,314.0,0.0,2367.0,2367.0,0.0,0,0,,6475.0,6475.0,
,알제리,1.0,1.0,0.0,219.0,20.0,199.0,3.0,3.0,0.0,8.0,8.0,0.0,200.0,200.0,,-96.34703196347031,-60.0,-100
,앙골라,,,,1045.0,58.0,987.0,9.0,9.0,0.0,56.0,56.0,0.0,0,0,,-94.64114832535884,-3.4482758620689613,-100
,앤틸리스제도,,,,33.0,9.0,24.0,,,,9.0,9.0,0.0,,,,-72.72727272727273,0.0,-100
,에스토니아,199.0,199.0,0.0,4877.0,4877.0,0.0,418.0,418.0,0.0,3096.25,3088.25,8.0,110.0502512562814,110.0502512562814,,-36.51322534344884,-36.67726061103137,0
,에콰도르,1175.0,302.0,873.0,10407.5,3698.0,6709.5,988.0,271.0,717.0,13330.0,3996.0,9334.0,-15.914893617021274,-10.264900662251652,-17.86941580756014,28.08071102570262,8.058409951325029,39.116178552798274
,엘살바도르,126.0,101.0,25.0,868.0,825.0,43.0,115.0,115.0,0.0,2176.0,979.0,1197.0,-8.730158730158733,13.861386138613852,-100,150.69124423963132,18.666666666666675,2683.720930232558
,영국,1940.25,1498.25,442.0,21389.25,18859.5,2529.75,1698.25,1636.25,62.0,27827.25,20033.25,7794.0,-12.47261950779539,9.210745870181869,-85.97285067873304,30.099232090886787,6.223653861449141,208.09368514675364
,예멘,86.0,86.0,0.0,1731.0,1731.0,0.0,249.0,249.0,0.0,1687.75,1685.75,2.0,189.53488372093022,189.53488372093022,,-2.4985557481224774,-2.6140958983246643,0
,오만,956.0,300.0,656.0,8443.0,1639.0,6804.0,289.0,167.0,122.0,7804.0,3239.0,4565.0,-69.76987447698745,-44.333333333333336,-81.40243902439023,-7.568399857870423,97.62050030506406,-32.90711346266902
,오스트리아,,,,,,,,,,2.0,2.0,0.0,,,,0,0,
,온두라스,10.0,10.0,0.0,2527.75,689.0,1838.75,24.0,24.0,0.0,891.0,891.0,0.0,140.0,140.0,,-64.75126100286816,29.317851959361384,-100
,요르단,314.0,110.0,204.0,3333.0,1263.0,2070.0,302.0,233.0,69.0,2523.0,1996.0,527.0,-3.821656050955413,111.81818181818181,-66.17647058823529,-24.302430243024297,58.03642121931909,-74.54106280193237
,우루과이,112.0,102.0,10.0,2210.0,1281.0,929.0,334.0,165.0,169.0,2496.0,1118.0,1378.0,198.21428571428572,61.76470588235294,1589.9999999999998,12.941176470588234,-12.724434035909448,48.33153928955867
,우크라이나,413.0,403.0,10.0,4802.0,3372.0,1430.0,611.0,225.0,386.0,4612.25,2778.25,1834.0,47.94188861985471,-44.168734491315135,3760.0,-3.951478550603915,-17.608244365361802,28.251748251748253
,원양어획지역,,,,22.0,22.0,0.0,,,,4.0,4.0,0.0,,,,-81.81818181818181,-81.81818181818181,
,이라크,24.0,24.0,0.0,1649.0,35.0,1614.0,,,,16.0,0.0,16.0,-100,-100,,-99.02971497877502,-100,-99.00867410161091
,이란,,,,118.0,32.0,86.0,4.0,4.0,0.0,289.0,9.0,280.0,0,0,,144.91525423728814,-71.875,225.58139534883722
,이스라엘,726.0,425.0,301.0,8466.0,4321.0,4145.0,467.0,466.0,1.0,6730.0,5135.0,1595.0,-35.67493112947658,9.64705882352941,-99.66777408637874,-20.50555161823766,18.838231890766032,-61.51990349819059
,이집트,960.5,526.0,434.5,16039.5,4069.0,11970.5,1913.0,857.0,1056.0,17730.5,5362.0,12368.5,99.16710046850599,62.9277566539924,143.03797468354432,10.542722653449289,31.776849348734327,3.3248402322375803
,이탈리아,4787.0,4704.0,83.0,54858.5,49726.5,5132.0,4224.0,4117.0,107.0,63326.5,58551.5,4775.0,-11.761019427616459,-12.478741496598644,28.915662650602414,15.436076451233639,17.747076508501515,-6.956352299298518
,인도,13010.0,7307.0,5703.0,110664.25,74522.0,36142.25,8352.25,6674.0,1678.25,124093.75,83733.25,40360.5,-35.80130668716372,-8.662925961406875,-70.57250569875504,12.135355365440969,12.36044389576232,11.67124348926809
,인도네시아,5695.75,5287.5,408.25,76765.75,59844.5,16921.25,7420.0,5759.0,1661.0,90140.0,70411.75,19728.25,30.272571654303636,8.91725768321514,306.85854255970605,17.422157667970417,17.657846585734703,16.588608997562226
,일본,68738.25,23114.5,45623.75,833983.75,239981.0,594002.75,68834.25,23896.0,44938.25,775342.25,258107.0,517235.25,0.1396602328398,3.3809946137705715,-1.502506917997748,-7.03149192055601,7.553097953587984,-12.923761716591375
,자메이카,3.0,3.0,0.0,10370.25,257.0,10113.25,291.0,8.0,283.0,7711.0,165.0,7546.0,9600.0,166.66666666666666,0,-25.64306549986741,-35.7976653696498,-25.385014708427068
,적도 기니,2.0,2.0,0.0,19.0,19.0,0.0,,,,13.0,13.0,0.0,-100,-100,,-31.57894736842105,-31.57894736842105,
,조지아,17.0,17.0,0.0,221.0,221.0,0.0,3.0,3.0,0.0,221.0,221.0,0.0,-82.35294117647058,-82.35294117647058,,0.0,0.0,
,중국,110086.75,76901.75,33185.0,1126398.5,867073.0,259325.5,105810.25,79435.25,26375.0,1232380.75,930917.75,301463.0,-3.884663685684242,3.2944633899748776,-20.521319873436795,9.408948076546618,7.363249691779128,16.24888412439194
,지부티,57.0,57.0,0.0,1071.0,1071.0,0.0,67.0,67.0,0.0,1148.0,1148.0,0.0,17.543859649122815,17.543859649122815,,7.189542483660127,7.189542483660127,
,지브롤터,,,,29.0,29.0,0.0,,,,,,,,,,-100,-100,
,체코,,,,40.0,40.0,0.0,,,,9.0,9.0,0.0,,,,-77.5,-77.5,
,칠레,4907.0,4826.0,81.0,67051.0,61441.0,5610.0,4275.0,4024.0,251.0,63117.0,54732.0,8385.0,-12.879559812512742,-16.618317447161214,209.87654320987653,-5.867175731905561,-10.919418629254086,49.465240641711226
,카메룬,,,,15.0,15.0,0.0,2.0,2.0,0.0,26.0,26.0,0.0,0,0,,73.33333333333334,73.33333333333334,
,카보 베르데,,,,,,,,,,2.0,2.0,0.0,,,,0,0,
,카타르,318.0,318.0,0.0,5475.0,4866.0,609.0,948.0,527.0,421.0,8405.75,6067.75,2338.0,198.1132075471698,65.72327044025157,0,53.5296803652968,24.69687628442252,283.9080459770115
,캄보디아,139.0,139.0,0.0,1644.0,1642.0,2.0,170.0,170.0,0.0,1600.0,1600.0,0.0,22.302158273381288,22.302158273381288,,-2.676399026763987,-2.5578562728379994,-100
,캐나다,11779.25,4951.0,6828.25,90616.5,56573.5,34043.0,4527.0,3372.0,1155.0,103319.5,56497.75,46821.75,-61.5680115457266,-31.892546960210055,-83.08497784937575,14.018418279231714,-0.13389661237152017,37.53708545075345
,케냐,32.0,32.0,0.0,373.0,373.0,0.0,72.0,72.0,0.0,542.0,542.0,0.0,125.0,125.0,,45.308310991957114,45.308310991957114,
,코모로,,,,3.0,3.0,0.0,,,,,,,,,,-100,-100,
,코스타리카,47.0,47.0,0.0,1105.0,1088.0,17.0,219.0,214.0,5.0,2295.0,2268.0,27.0,365.95744680851067,355.3191489361702,0,107.69230769230771,108.45588235294117,58.823529411764696
,코트디부아르,3.0,3.0,0.0,78.0,78.0,0.0,11.0,11.0,0.0,121.0,118.0,3.0,266.66666666666663,266.66666666666663,,55.12820512820513,51.28205128205128,0
,콜롬비아,1098.0,477.0,621.0,14837.0,7010.0,7827.0,1571.0,611.0,960.0,14990.0,6969.0,8021.0,43.07832422586522,28.09224318658281,54.589371980676326,1.0312057693603771,-0.5848787446504966,2.4785997189216813
,콩고,2.0,2.0,0.0,140.0,44.0,96.0,1.0,1.0,0.0,48.0,48.0,0.0,-50.0,-50.0,,-65.71428571428571,9.090909090909083,-100
,콩고 민주 공화국,,,,37.0,37.0,0.0,12.0,12.0,0.0,68.0,68.0,0.0,0,0,,83.78378378378379,83.78378378378379,
,쿠바,2.0,2.0,0.0,8.0,8.0,0.0,1.0,1.0,0.0,47.0,47.0,0.0,-50.0,-50.0,,487.5,487.5,
,쿠웨이트,121.0,107.0,14.0,644.0,551.0,93.0,119.0,119.0,0.0,1296.0,1275.0,21.0,-1.6528925619834656,11.214953271028039,-100,101.2422360248447,131.3974591651543,-77.41935483870968
,퀴라소,,,,,,,,,,10.0,10.0,0.0,,,,0,0,
,크로아티아,135.0,133.0,2.0,1468.0,1434.0,34.0,110.0,110.0,0.0,2253.0,2225.0,28.0,-18.518518518518523,-17.29323308270677,-100,53.4741144414169,55.16039051603905,-17.647058823529417
,키리바시,,,,839.0,3.0,836.0,2.0,0.0,2.0,2361.0,2.0,2359.0,0,,0,181.40643623361146,-33.333333333333336,182.17703349282294
,키프로스,12.0,12.0,0.0,144.0,144.0,0.0,20.0,20.0,0.0,157.0,157.0,0.0,66.66666666666667,66.66666666666667,,9.027777777777768,9.027777777777768,
,탄자니아,213.0,213.0,0.0,2612.0,2612.0,0.0,182.0,182.0,0.0,3074.0,3074.0,0.0,-14.553990610328638,-14.553990610328638,,17.687595712098016,17.687595712098016,
,태국,6872.5,6528.0,344.5,78970.25,74155.0,4815.25,7684.0,7585.0,99.0,84669.25,81401.0,3268.25,11.807930156420522,16.19178921568627,-71.26269956458636,7.21664171001104,9.771424718495037,-32.127096204766104
,토고,28.0,28.0,0.0,1240.0,1240.0,0.0,59.0,59.0,0.0,384.0,384.0,0.0,110.71428571428572,110.71428571428572,,-69.03225806451613,-69.03225806451613,
,통가,39.0,39.0,0.0,1454.0,79.0,1375.0,680.0,72.0,608.0,2540.0,163.0,2377.0,1643.5897435897434,84.61538461538463,0,74.69050894085282,106.32911392405062,72.87272727272726
,튀니지,76.0,76.0,0.0,671.0,667.0,4.0,94.0,94.0,0.0,898.0,898.0,0.0,23.684210526315795,23.684210526315795,,33.830104321907605,34.63268365817092,-100
,튀르키예,1557.25,1261.25,296.0,27303.75,17719.75,9584.0,1758.75,1604.75,154.0,26007.5,19809.25,6198.25,12.93947664151549,27.23488602576809,-47.97297297297297,-4.747516366799431,11.791927087007426,-35.327107679465776
,트리니다드 토바고,34.0,34.0,0.0,662.0,662.0,0.0,35.0,35.0,0.0,440.0,440.0,0.0,2.941176470588225,2.941176470588225,,-33.53474320241692,-33.53474320241692,
,파나마,2998.0,116.0,2882.0,47218.75,1451.0,45767.75,6709.0,188.0,6521.0,37584.0,1138.0,36446.0,123.78252168112076,62.06896551724137,126.26648160999308,-20.404500330906682,-21.57133011716058,-20.367507688273946
,파라과이,19.0,19.0,0.0,317.0,317.0,0.0,43.0,43.0,0.0,254.0,254.0,0.0,126.3157894736842,126.3157894736842,,-19.873817034700313,-19.873817034700313,
,파키스탄,961.75,493.0,468.75,15437.5,6242.0,9195.5,887.75,738.0,149.75,20882.25,6931.0,13951.25,-7.694307252404475,49.695740365111554,-68.05333333333333,35.26963562753036,11.03812880487023,51.71823174378771
,파푸아 뉴기니,20.0,20.0,0.0,347.0,347.0,0.0,31.0,31.0,0.0,606.0,580.0,26.0,55.00000000000001,55.00000000000001,,74.63976945244957,67.14697406340058,0
,팔라우,4.0,3.0,1.0,56.0,42.0,14.0,6.0,6.0,0.0,24.0,23.0,1.0,50.0,100.0,-100,-57.14285714285714,-45.238095238095234,-92.85714285714286
,페로 제도,2.0,2.0,0.0,2.0,2.0,0.0,,,,,,,-100,-100,,-100,-100,
,페루,2941.0,1478.0,1463.0,27227.0,20528.0,6699.0,2064.0,1792.0,272.0,19018.0,16821.0,2197.0,-29.81978918735124,21.24492557510149,-81.40806561859193,-30.15021853307379,-18.058261886204207,-67.20406030750858
,포르투갈,369.0,368.0,1.0,3082.0,3080.0,2.0,414.0,414.0,0.0,3023.0,3017.0,6.0,12.195121951219523,12.5,-100,-1.9143413367942896,-2.0454545454545503,200.0
,폴란드,993.0,986.0,7.0,12822.0,12760.0,62.0,1353.0,1345.0,8.0,13953.75,13880.75,73.0,36.253776435045324,36.40973630831643,14.28571428571428,8.826626111371084,8.783307210031355,17.741935483870975
,푸에르토리코,169.0,169.0,0.0,1914.0,1914.0,0.0,135.0,135.0,0.0,1793.0,1793.0,0.0,-20.118343195266274,-20.118343195266274,,-6.3218390804597675,-6.3218390804597675,
,프랑스,2800.0,2367.0,433.0,29817.25,27319.25,2498.0,2995.0,2799.0,196.0,38269.5,35578.0,2691.5,6.964285714285712,18.250950570342205,-54.73441108545034,28.34684620479755,30.23051511296979,7.746196957566043
,프랑스령 기아나,,,,9.0,9.0,0.0,,,,2.0,2.0,0.0,,,,-77.77777777777779,-77.77777777777779,
,프랑스령 폴리네시아,350.0,2.0,348.0,3425.0,49.0,3376.0,35.0,0.0,35.0,2463.0,54.0,2409.0,-90.0,-100,-89.9425287356322,-28.08759124087591,10.20408163265305,-28.643364928909953
,피지,107.0,8.0,99.0,1433.0,277.0,1156.0,19.0,19.0,0.0,1000.0,204.0,796.0,-82.2429906542056,137.5,-100,-30.216329378925334,-26.35379061371841,-31.141868512110726
,핀란드,1030.0,1020.0,10.0,12626.0,12422.0,204.0,1152.0,1152.0,0.0,14204.0,13897.0,307.0,11.844660194174761,12.941176470588234,-100,12.498019958815142,11.874094348736119,50.49019607843137
,필리핀,5841.25,2278.0,3563.25,57216.75,22255.0,34961.75,3226.25,2023.0,1203.25,53752.25,25617.0,28135.25,-44.76781510806762,-11.194029850746269,-66.2316705255034,-6.055045069844056,15.106717591552465,-19.525624432415423
,헝가리,7.0,7.0,0.0,115.0,115.0,0.0,4.0,4.0,0.0,106.0,106.0,0.0,-42.85714285714286,-42.85714285714286,,-7.826086956521738,-7.826086956521738,
,호주,17652.0,6488.0,11164.0,146466.5,70397.0,76069.5,10739.0,5744.0,4995.0,152347.0,71746.0,80601.0,-39.16270111035577,-11.467324290998771,-55.25797205302758,4.014911259571297,1.9162748412574482,5.957052432315191
,홍콩,3897.0,3328.0,569.0,40253.0,29214.0,11039.0,6105.0,4349.0,1756.0,57540.0,45603.0,11937.0,56.65896843725944,30.67908653846154,208.6115992970123,42.94586738876605,56.09981515711646,8.134794818371226
출항소계,,417943.25,357494.5,60448.75,4951218.75,4024914.25,926304.5,440907.25,374513.5,66393.75,5225461.75,4434974.75,790487.0,5.494525871634481,4.760632681062216,9.834777394073502,5.538898882219656,10.188055559196085,-14.662295173995165
출항,가나,250.0,250.0,0.0,3203.0,3200.0,3.0,164.0,164.0,0.0,3610.0,3610.0,0.0,-34.4,-34.4,,12.70683733999376,12.812500000000004,-100
,가봉,,,,16.0,16.0,0.0,,,,37.0,37.0,0.0,,,,131.25,131.25,
,가이아나,7.0,7.0,0.0,73.0,73.0,0.0,4.0,4.0,0.0,164.0,164.0,0.0,-42.85714285714286,-42.85714285714286,,124.65753424657535,124.65753424657535,
,감비아,,,,6.0,6.0,0.0,,,,8.0,8.0,0.0,,,,33.33333333333333,33.33333333333333,
,과들루프,2.0,2.0,0.0,21.0,21.0,0.0,1.0,1.0,0.0,20.0,20.0,0.0,-50.0,-50.0,,-4.761904761904767,-4.761904761904767,
,과테말라,217.0,217.0,0.0,2702.0,2568.0,134.0,465.0,465.0,0.0,5016.0,4964.0,52.0,114.28571428571428,114.28571428571428,,85.64026646928203,93.30218068535825,-61.19402985074627
,괌,283.0,271.0,12.0,2785.0,2728.0,57.0,207.0,207.0,0.0,2599.75,2395.75,204.0,-26.855123674911663,-23.616236162361627,-100,-6.651705565529619,-12.179252199413494,257.89473684210526
,그레나다,1.0,1.0,0.0,32.0,32.0,0.0,2.0,2.0,0.0,20.0,20.0,0.0,100.0,100.0,,-37.5,-37.5,
,그리스,1523.0,1523.0,0.0,16723.0,16697.0,26.0,1080.0,1080.0,0.0,10463.5,10447.5,16.0,-29.087327642810244,-29.087327642810244,,-37.43048496083239,-37.42887943942026,-38.46153846153846
,기니,1.0,1.0,0.0,170.0,170.0,0.0,1.0,1.0,0.0,176.0,176.0,0.0,0.0,0.0,,3.529411764705892,3.529411764705892,
,나미비아,,,,55.0,55.0,0.0,,,,58.0,58.0,0.0,,,,5.454545454545445,5.454545454545445,
,나우루,,,,,,,,,,1.0,1.0,0.0,,,,0,0,
,나이지리아,213.0,213.0,0.0,2756.0,2756.0,0.0,57.0,57.0,0.0,2139.75,2139.75,0.0,-73.23943661971832,-73.23943661971832,,-22.360304789550067,-22.360304789550067,
,남아프리카,385.0,385.0,0.0,4869.0,4779.0,90.0,259.0,259.0,0.0,4084.0,4083.0,1.0,-32.72727272727273,-32.72727272727273,,-16.12240706510577,-14.563716258631509,-98.88888888888889
,네덜란드,5735.0,5724.0,11.0,68338.75,68095.75,243.0,6774.25,6744.25,30.0,92975.25,92720.25,255.0,18.121185701830854,17.82407407407407,172.72727272727272,36.05055696804522,36.1615813027979,4.938271604938271
,노르웨이,21.0,21.0,0.0,306.0,306.0,0.0,26.0,26.0,0.0,315.25,315.25,0.0,23.809523809523814,23.809523809523814,,3.0228758169934533,3.0228758169934533,
,뉴질랜드,1530.0,1530.0,0.0,16432.0,14690.0,1742.0,1032.0,871.0,161.0,14432.0,13405.0,1027.0,-32.549019607843135,-43.071895424836605,0,-12.171372930866598,-8.747447243022465,-41.04477611940298
,뉴칼레도니아,23.0,23.0,0.0,273.0,267.0,6.0,39.0,39.0,0.0,653.0,337.0,316.0,69.56521739130434,69.56521739130434,,139.19413919413918,26.217228464419474,5166.666666666666
,니카라과,40.0,40.0,0.0,803.5,803.5,0.0,36.0,36.0,0.0,482.0,482.0,0.0,-9.999999999999998,-9.999999999999998,,-40.01244555071561,-40.01244555071561,
,대만,11466.75,10604.0,862.75,125381.5,118107.75,7273.75,13214.25,12408.25,806.0,135897.75,128918.5,6979.25,15.239714827653872,17.014805733685414,-6.577803535207183,8.387401650163696,9.153294343512597,-4.048805636707343
,대한민국,6934.25,145.0,6789.25,94203.5,1607.0,92596.5,8207.5,134.0,8073.5,111735.25,1596.0,110139.25,18.361755056422837,-7.586206896551728,18.915933276871534,18.610508102140578,-0.6845052893590498,18.945370505364668
,덴마크,111.0,111.0,0.0,2137.0,2137.0,0.0,140.0,140.0,0.0,1347.0,1347.0,0.0,26.126126126126124,26.126126126126124,,-36.967711745437526,-36.967711745437526,
,도미니카 공화국,148.0,148.0,0.0,2240.0,2097.0,143.0,217.0,217.0,0.0,2934.0,2530.0,404.0,46.62162162162162,46.62162162162162,,30.982142857142847,20.648545541249398,182.5174825174825
,도미니카 연방,,,,5.0,5.0,0.0,,,,,,,,,,-100,-100,
,독일,7063.0,7006.0,57.0,85075.0,84196.0,879.0,7435.0,7343.0,92.0,86322.75,85376.75,946.0,5.266883760441732,4.810162717670563,61.403508771929815,1.4666470761093064,1.4023825359874564,7.622298065984068
,동티모르,,,,10.0,10.0,0.0,,,,2.0,2.0,0.0,,,,-80.0,-80.0,
,라이베리아,,,,66.0,66.0,0.0,,,,132.0,132.0,0.0,,,,100.0,100.0,
,라트비아,15.0,15.0,0.0,462.25,462.25,0.0,60.0,60.0,0.0,517.0,517.0,0.0,300.0,300.0,,11.8442401297999,11.8442401297999,
,러시아,13454.0,13454.0,0.0,134270.5,126100.5,8170.0,13723.0,13687.0,36.0,160318.5,156997.5,3321.0,1.9994053812992352,1.7318269659580832,0,19.399644746984634,24.501885400930213,-59.35128518971848
,레바논,53.0,53.0,0.0,1061.0,1061.0,0.0,31.0,31.0,0.0,970.75,970.75,0.0,-41.509433962264154,-41.509433962264154,,-8.506126295947226,-8.506126295947226,
,레위니옹,1.0,1.0,0.0,51.0,51.0,0.0,,,,125.0,125.0,0.0,-100,-100,,145.0980392156863,145.0980392156863,
,루마니아,197.0,197.0,0.0,3180.0,3174.0,6.0,129.25,129.25,0.0,2901.5,2891.5,10.0,-34.390862944162436,-34.390862944162436,,-8.75786163522012,-8.900441083805921,66.66666666666667
,리비아,61.0,61.0,0.0,1387.0,1387.0,0.0,204.0,204.0,0.0,1643.25,1643.25,0.0,234.42622950819674,234.42622950819674,,18.47512617159337,18.47512617159337,
,리투아니아,102.0,102.0,0.0,2491.0,2491.0,0.0,66.0,66.0,0.0,1682.0,1682.0,0.0,-35.29411764705882,-35.29411764705882,,-32.47691690084304,-32.47691690084304,
,마다가스카르,1.0,1.0,0.0,90.0,90.0,0.0,1.0,1.0,0.0,207.0,207.0,0.0,0.0,0.0,,129.99999999999997,129.99999999999997,
,마르티니크,,,,37.0,37.0,0.0,1.0,1.0,0.0,24.0,24.0,0.0,0,0,,-35.13513513513513,-35.13513513513513,
,마샬 제도,21.0,21.0,0.0,773.0,215.0,558.0,17.0,17.0,0.0,538.0,197.0,341.0,-19.047619047619047,-19.047619047619047,,-30.401034928848645,-8.372093023255811,-38.888888888888886
,마요트,6.0,6.0,0.0,84.0,84.0,0.0,,,,76.0,76.0,0.0,-100,-100,,-9.523809523809524,-9.523809523809524,
,마카오,,,,1.0,1.0,0.0,,,,,,,,,,-100,-100,
,말레이시아,8245.25,8207.25,38.0,93544.25,91782.25,1762.0,8859.0,8772.0,87.0,89606.75,88825.75,781.0,7.443679694369476,6.881111212647362,128.9473684210526,-4.209237874054262,-3.2212110729471166,-55.67536889897844
,멕시코,11956.0,11886.0,70.0,149003.5,143223.5,5780.0,12752.0,12648.0,104.0,176086.0,173651.0,2435.0,6.657745065239218,6.410903584048455,48.57142857142858,18.1757475495542,21.244767792994868,-57.87197231833909
,모로코,150.0,150.0,0.0,2635.0,2635.0,0.0,164.0,164.0,0.0,3357.75,3347.75,10.0,9.333333333333327,9.333333333333327,,27.428842504743823,27.04933586337761,0
,모리셔스,12.0,12.0,0.0,150.0,150.0,0.0,10.0,10.0,0.0,136.0,136.0,0.0,-16.666666666666664,-16.666666666666664,,-9.333333333333337,-9.333333333333337,
,모리타니,,,,84.0,84.0,0.0,,,,123.0,123.0,0.0,,,,46.428571428571416,46.428571428571416,
,모잠비크,22.0,22.0,0.0,1309.0,1309.0,0.0,41.0,41.0,0.0,1017.0,1017.0,0.0,86.36363636363636,86.36363636363636,,-22.30710466004584,-22.30710466004584,
,몬테네그로,1.0,1.0,0.0,38.0,38.0,0.0,,,,35.0,35.0,0.0,-100,-100,,-7.8947368421052655,-7.8947368421052655,
,몰디브,,,,23.0,23.0,0.0,5.0,5.0,0.0,82.0,82.0,0.0,0,0,,256.52173913043475,256.52173913043475,
,몰타,69.0,29.0,40.0,635.0,399.0,236.0,31.0,31.0,0.0,1674.0,1634.0,40.0,-55.072463768115945,6.896551724137923,-100,163.6220472440945,309.5238095238095,-83.05084745762711
,미국,71286.75,70288.75,998.0,801271.5,783218.25,18053.25,72897.75,72787.75,110.0,910698.75,904022.75,6676.0,2.259887005649719,3.5553342462342874,-88.97795591182364,13.656700631433916,15.424117096352141,-63.02050877265866
,미국령 버진아일랜드,,,,1.0,1.0,0.0,,,,5.0,5.0,0.0,,,,400.0,400.0,
,미얀마,109.0,109.0,0.0,1517.25,1517.25,0.0,42.0,42.0,0.0,224.0,224.0,0.0,-61.46788990825688,-61.46788990825688,,-85.23644752018454,-85.23644752018454,
,미크로네시아,14.0,9.0,5.0,333.0,257.0,76.0,7.0,7.0,0.0,320.0,263.0,57.0,-50.0,-22.22222222222222,-100,-3.9039039039039047,2.3346303501945442,-25.0
,바누아투,9.0,9.0,0.0,483.0,118.0,365.0,12.0,12.0,0.0,319.0,111.0,208.0,33.33333333333333,33.33333333333333,,-33.9544513457557,-5.932203389830503,-43.013698630136986
,바레인,29.0,29.0,0.0,451.0,451.0,0.0,8.0,8.0,0.0,556.0,556.0,0.0,-72.41379310344827,-72.41379310344827,,23.281596452328166,23.281596452328166,
,바베이도스,10.0,10.0,0.0,38.0,38.0,0.0,1.0,1.0,0.0,21.0,21.0,0.0,-90.0,-90.0,,-44.73684210526315,-44.73684210526315,
,바하마,1858.0,3.0,1855.0,25976.0,145.0,25831.0,1508.0,10.0,1498.0,14442.0,100.0,14342.0,-18.837459634015076,233.33333333333334,-19.24528301886792,-44.40252540806898,-31.034482758620683,-44.47756571561302
,방글라데시,74.0,74.0,0.0,565.0,565.0,0.0,380.0,380.0,0.0,2107.0,2107.0,0.0,413.5135135135135,413.5135135135135,,272.9203539823009,272.9203539823009,
,베냉,4.0,4.0,0.0,58.0,58.0,0.0,5.0,5.0,0.0,80.0,80.0,0.0,25.0,25.0,,37.93103448275863,37.93103448275863,
,베네수엘라,12.0,12.0,0.0,376.0,376.0,0.0,6.0,6.0,0.0,431.0,431.0,0.0,-50.0,-50.0,,14.627659574468076,14.627659574468076,
,베트남,23035.0,22582.0,453.0,232100.0,216624.5,15475.5,22135.0,21643.0,492.0,243607.0,236289.75,7317.25,-3.90709789450836,-4.158179080683732,8.609271523178808,4.957776820336068,9.078035956228403,-52.71719815191756
,벨기에,1546.0,1545.0,1.0,21883.0,21505.0,378.0,2363.25,2350.25,13.0,25361.25,25262.25,99.0,52.862225097024584,52.11974110032362,1200.0,15.894758488324268,17.471518251569407,-73.80952380952381
,벨리즈,,,,32.0,32.0,0.0,,,,34.0,34.0,0.0,,,,6.25,6.25,
,북마리아나 제도,98.0,98.0,0.0,924.0,906.0,18.0,83.0,83.0,0.0,1090.0,1056.0,34.0,-15.306122448979586,-15.306122448979586,,17.96536796536796,16.55629139072847,88.88888888888889
,불가리아,10.0,10.0,0.0,674.0,674.0,0.0,12.0,12.0,0.0,433.0,433.0,0.0,19.999999999999996,19.999999999999996,,-35.7566765578635,-35.7566765578635,
,브라질,4856.0,4855.0,1.0,50219.0,48307.0,1912.0,4477.0,4477.0,0.0,60081.0,60031.0,50.0,-7.804777594728174,-7.785787847579817,-100,19.63798562297139,24.269774566832968,-97.38493723849373
,브루나이,,,,,,,3.0,3.0,0.0,5.0,5.0,0.0,0,0,,0,0,
,사모아,14.0,12.0,2.0,94.0,88.0,6.0,6.0,6.0,0.0,269.0,139.0,130.0,-57.14285714285714,-50.0,-100,186.17021276595747,57.95454545454546,2066.666666666667
,사우디아라비아,3607.0,3607.0,0.0,44105.5,44095.5,10.0,2961.0,2941.0,20.0,39112.0,39092.0,20.0,-17.909620182977548,-18.464097588023286,0,-11.321717246148443,-11.346962842013353,100.0
,세네갈,8.0,8.0,0.0,735.0,735.0,0.0,10.0,10.0,0.0,654.0,642.0,12.0,25.0,25.0,,-11.020408163265305,-12.653061224489793,0
,세이셸,8.0,8.0,0.0,123.0,123.0,0.0,7.0,7.0,0.0,134.0,134.0,0.0,-12.5,-12.5,,8.943089430894302,8.943089430894302,
,세인트루시아,1.0,1.0,0.0,16.0,16.0,0.0,2.0,2.0,0.0,27.0,27.0,0.0,100.0,100.0,,68.75,68.75,
,세인트키츠 네비스,,,,12.0,12.0,0.0,1.0,1.0,0.0,3.0,3.0,0.0,0,0,,-75.0,-75.0,
,소말리아,14.0,14.0,0.0,153.0,153.0,0.0,13.0,13.0,0.0,101.0,101.0,0.0,-7.14285714285714,-7.14285714285714,,-33.98692810457516,-33.98692810457516,
,솔로몬제도,18.0,18.0,0.0,450.0,434.0,16.0,25.0,25.0,0.0,272.0,238.0,34.0,38.888888888888886,38.888888888888886,,-39.55555555555556,-45.16129032258065,112.5
,수단,6.0,6.0,0.0,1227.0,1227.0,0.0,,,,24.0,24.0,0.0,-100,-100,,-98.0440097799511,-98.0440097799511,
,수리남,1.0,1.0,0.0,32.0,32.0,0.0,,,,36.0,36.0,0.0,-100,-100,,12.5,12.5,
,스리랑카,552.0,552.0,0.0,13572.0,13572.0,0.0,1933.0,1933.0,0.0,11074.25,11058.25,16.0,250.18115942028984,250.18115942028984,,-18.40369879162983,-18.521588564692017,0
,스웨덴,375.0,375.0,0.0,4732.0,4721.0,11.0,497.0,497.0,0.0,5055.0,5055.0,0.0,32.533333333333324,32.533333333333324,,6.8258664412510495,7.074772294005505,-100
,스페인,3145.5,3139.5,6.0,34634.75,33891.75,743.0,2166.0,2158.0,8.0,38003.0,36402.0,1601.0,-31.139723414401523,-31.262939958592128,33.33333333333333,9.725059369563805,7.406669764765761,115.47779273216689
,슬로베니아,7050.5,7046.5,4.0,93265.75,93205.75,60.0,9760.25,9760.25,0.0,109109.0,108985.0,124.0,38.43344443656478,38.512027247569726,-100,16.98721127530738,16.929481282002445,106.66666666666669
,시리아,50.0,50.0,0.0,1716.0,1716.0,0.0,27.0,27.0,0.0,256.0,256.0,0.0,-46.0,-46.0,,-85.08158508158508,-85.08158508158508,
,시에라 리온,,,,34.0,34.0,0.0,,,,54.0,54.0,0.0,,,,58.823529411764696,58.823529411764696,
,싱가포르,6570.25,6555.25,15.0,77908.25,74763.25,3145.0,5958.0,5890.0,68.0,74986.0,73029.75,1956.25,-9.318519082226706,-10.148354372449564,353.3333333333333,-3.7508864593929436,-2.318652546538569,-37.79809220985692
,아랍에미리트연합국,5169.75,5155.75,14.0,68517.5,67939.5,578.0,5354.0,5350.0,4.0,59437.75,59247.75,190.0,3.5640021277624667,3.76763807399505,-71.42857142857143,-13.251724012113698,-12.793367628551877,-67.12802768166091
,아루바,,,,1.0,1.0,0.0,20.0,20.0,0.0,103.0,103.0,0.0,0,0,,10200.0,10200.0,
,아르헨티나,595.0,595.0,0.0,6418.0,5740.0,678.0,537.0,537.0,0.0,6299.0,6198.0,101.0,-9.747899159663865,-9.747899159663865,,-1.8541601745091896,7.979094076655047,-85.10324483775811
,아메리칸사모아,33.0,33.0,0.0,820.0,736.0,84.0,36.0,36.0,0.0,629.0,629.0,0.0,9.090909090909083,9.090909090909083,,-23.292682926829265,-14.538043478260864,-100
,아이티,19.0,19.0,0.0,208.0,208.0,0.0,22.0,22.0,0.0,181.0,181.0,0.0,15.789473684210531,15.789473684210531,,-12.98076923076923,-12.98076923076923,
,아일랜드,18.0,18.0,0.0,427.0,427.0,0.0,41.0,41.0,0.0,366.0,366.0,0.0,127.77777777777777,127.77777777777777,,-14.28571428571429,-14.28571428571429,
,알바니아,7.0,7.0,0.0,122.0,122.0,0.0,13.0,13.0,0.0,119.0,119.0,0.0,85.71428571428572,85.71428571428572,,-2.4590163934426257,-2.4590163934426257,
,알제리,131.0,131.0,0.0,2674.0,2674.0,0.0,191.0,191.0,0.0,1768.25,1758.25,10.0,45.80152671755726,45.80152671755726,,-33.87247569184741,-34.24644727000747,0
,앙골라,165.0,165.0,0.0,713.0,713.0,0.0,1.0,1.0,0.0,1234.0,1234.0,0.0,-99.39393939393939,-99.39393939393939,,73.07152875175316,73.07152875175316,
,앤티가 바부다,,,,2.0,2.0,0.0,,,,1.0,1.0,0.0,,,,-50.0,-50.0,
,앤틸리스제도,1.0,1.0,0.0,46.0,46.0,0.0,3.0,3.0,0.0,52.0,52.0,0.0,200.0,200.0,,13.043478260869556,13.043478260869556,
,에스토니아,15.0,15.0,0.0,714.25,714.25,0.0,50.5,50.5,0.0,389.25,389.25,0.0,236.66666666666666,236.66666666666666,,-45.50227511375569,-45.50227511375569,
,에콰도르,683.0,373.0,310.0,20467.0,6045.0,14422.0,1595.0,437.0,1158.0,19367.0,6669.0,12698.0,133.5285505124451,17.158176943699722,273.5483870967742,-5.374505301216592,10.322580645161295,-11.953959228955757
,엘살바도르,37.0,37.0,0.0,794.0,794.0,0.0,86.0,86.0,0.0,879.0,879.0,0.0,132.43243243243242,132.43243243243242,,10.705289672544072,10.705289672544072,
,영국,1857.0,1773.0,84.0,25296.75,24360.75,936.0,590.0,584.0,6.0,23200.5,22991.5,209.0,-68.2283252557889,-67.0614777213762,-92.85714285714286,-8.286637611550896,-5.620721857906674,-77.67094017094017
,영국령 버진아일랜드,1.0,1.0,0.0,2.0,2.0,0.0,1.0,1.0,0.0,3.0,3.0,0.0,0.0,0.0,,50.0,50.0,
,예멘,18.0,18.0,0.0,453.0,453.0,0.0,25.0,25.0,0.0,254.0,254.0,0.0,38.888888888888886,38.888888888888886,,-43.92935982339956,-43.92935982339956,
,오만,160.0,160.0,0.0,4054.0,4054.0,0.0,190.0,190.0,0.0,2119.25,2119.25,0.0,18.75,18.75,,-47.72446965959546,-47.72446965959546,
,온두라스,46.0,46.0,0.0,496.0,496.0,0.0,28.0,28.0,0.0,988.0,690.0,298.0,-39.13043478260869,-39.13043478260869,,99.19354838709677,39.11290322580645,0
,요르단,286.0,286.0,0.0,2774.25,2774.25,0.0,307.0,307.0,0.0,2838.0,2838.0,0.0,7.342657342657333,7.342657342657333,,2.2979183563125227,2.2979183563125227,
,우루과이,224.0,224.0,0.0,2952.0,2626.0,326.0,306.0,306.0,0.0,3647.0,3627.0,20.0,36.60714285714286,36.60714285714286,,23.54336043360434,38.11881188118811,-93.86503067484662
,우크라이나,104.0,104.0,0.0,2294.0,2282.0,12.0,59.0,57.0,2.0,1385.25,1367.25,18.0,-43.269230769230774,-45.192307692307686,0,-39.61421098517872,-40.08545135845749,50.0
,이라크,106.0,106.0,0.0,2802.75,2802.75,0.0,102.5,102.5,0.0,1869.5,1869.5,0.0,-3.301886792452835,-3.301886792452835,,-33.2976540897333,-33.2976540897333,
,이란,,,,12.0,12.0,0.0,1.0,1.0,0.0,1044.0,1044.0,0.0,0,0,,8600.0,8600.0,
,이스라엘,897.0,879.0,18.0,12971.25,12585.25,386.0,778.0,775.0,3.0,11058.0,10894.0,164.0,-13.266443701226304,-11.83162684869169,-83.33333333333334,-14.749927724775947,-13.43835044993147,-57.51295336787565
,이집트,3960.0,3960.0,0.0,42384.25,41832.25,552.0,3326.0,3304.0,22.0,41764.25,41458.25,306.0,-16.010101010101007,-16.56565656565656,0,-1.46280752874004,-0.894047056995495,-44.565217391304344
,이탈리아,3695.0,3663.0,32.0,48541.5,47897.5,644.0,3992.25,3992.25,0.0,46890.75,46791.75,99.0,8.044654939106909,8.988533988533987,-100,-3.4006983714965577,-2.3085756041547056,-84.62732919254658
,인도,14522.75,14486.75,36.0,130510.75,129251.75,1259.0,14409.75,14394.75,15.0,163915.5,162619.5,1296.0,-0.7780895491556361,-0.6350630748787722,-58.33333333333333,25.595401145116405,25.81609146491246,2.9388403494837068
,인도네시아,8132.25,7998.25,134.0,87049.25,84510.75,2538.5,9699.5,9647.5,52.0,104197.75,103586.75,611.0,19.272034184881193,20.620135654674463,-61.19402985074627,19.69976766026129,22.57227630804366,-75.9306677171558
,일본,31590.25,25828.25,5762.0,439522.0,330106.75,109415.25,31550.5,27184.5,4366.0,422874.5,340290.25,82584.25,-0.1258299633589477,5.25103326783658,-24.22769871572371,-3.787637478897532,3.084911168887028,-24.522175839291137
,자메이카,184.0,184.0,0.0,3323.0,3187.0,136.0,119.0,119.0,0.0,2615.0,2207.0,408.0,-35.32608695652174,-35.32608695652174,,-21.306048751128504,-30.74992155632256,200.0
,적도 기니,2.0,2.0,0.0,6.0,6.0,0.0,,,,9.0,9.0,0.0,-100,-100,,50.0,50.0,
,조지아,1.0,1.0,0.0,404.0,386.0,18.0,,,,157.0,157.0,0.0,-100,-100,,-61.13861386138614,-59.32642487046632,-100
,중국,94472.75,54192.25,40280.5,1158596.25,605342.25,553254.0,110020.5,63543.25,46477.25,1173936.5,669714.75,504221.75,16.457391152475175,17.255234835239364,15.383994736907436,1.324037601537209,10.63406692660227,-8.862520650551097
,지부티,4.0,4.0,0.0,334.0,334.0,0.0,8.0,8.0,0.0,118.0,118.0,0.0,100.0,100.0,,-64.67065868263472,-64.67065868263472,
,지브롤터,,,,1.0,1.0,0.0,,,,,,,,,,-100,-100,
,칠레,1559.0,1558.0,1.0,27715.0,16488.0,11227.0,2449.0,1685.0,764.0,23657.0,22340.0,1317.0,57.08787684413086,8.151476251604617,76300.0,-14.641890672920798,35.492479378942264,-88.26935067248597
,카메룬,5.0,5.0,0.0,326.0,326.0,0.0,,,,353.0,353.0,0.0,-100,-100,,8.282208588957051,8.282208588957051,
,카보 베르데,,,,,,,,,,5.0,5.0,0.0,,,,0,0,
,카타르,547.0,523.0,24.0,4382.0,4178.0,204.0,454.0,422.0,32.0,5131.25,4895.25,236.0,-17.0018281535649,-19.311663479923514,33.33333333333333,17.098356914650847,17.1673049305888,15.686274509803933
,캄보디아,591.0,591.0,0.0,5260.25,5260.25,0.0,446.0,446.0,0.0,4453.0,4453.0,0.0,-24.534686971235196,-24.534686971235196,,-15.346228791407256,-15.346228791407256,
,캐나다,10732.5,10707.5,25.0,120916.0,120202.0,714.0,10219.25,10219.25,0.0,127315.0,127162.0,153.0,-4.782203587235035,-4.559887929021711,-100,5.2921036091170714,5.790253073992124,-78.57142857142857
,케냐,134.0,134.0,0.0,2134.0,2129.0,5.0,91.0,91.0,0.0,1409.0,1409.0,0.0,-32.08955223880597,-32.08955223880597,,-33.97375820056232,-33.818694222639735,-100
,케이맨 제도,,,,2.0,2.0,0.0,,,,5.0,5.0,0.0,,,,150.0,150.0,
,코모로,,,,6.0,6.0,0.0,,,,1.0,1.0,0.0,,,,-83.33333333333334,-83.33333333333334,
,코스타리카,27.0,27.0,0.0,806.0,606.0,200.0,37.0,37.0,0.0,1132.0,1098.0,34.0,37.037037037037045,37.037037037037045,,40.44665012406947,81.1881188118812,-83.0
,코트디부아르,99.0,99.0,0.0,691.0,691.0,0.0,12.0,12.0,0.0,870.0,870.0,0.0,-87.87878787878788,-87.87878787878788,,25.90448625180897,25.90448625180897,
,콜롬비아,1671.0,1073.0,598.0,16058.0,13520.0,2538.0,1424.0,1358.0,66.0,19494.0,17837.0,1657.0,-14.781567923399164,26.56104380242312,-88.96321070234113,21.3974343006601,31.930473372781055,-34.7123719464145
,콩고,2.0,2.0,0.0,263.0,263.0,0.0,,,,56.0,56.0,0.0,-100,-100,,-78.70722433460075,-78.70722433460075,
,콩고 민주 공화국,32.0,32.0,0.0,405.0,405.0,0.0,,,,172.0,172.0,0.0,-100,-100,,-57.53086419753086,-57.53086419753086,
,쿠바,1.0,1.0,0.0,273.0,273.0,0.0,6.0,6.0,0.0,71.0,71.0,0.0,500.0,500.0,,-73.992673992674,-73.992673992674,
,쿠웨이트,91.0,91.0,0.0,1127.0,1127.0,0.0,62.0,62.0,0.0,1412.0,1412.0,0.0,-31.868131868131865,-31.868131868131865,,25.288376220053244,25.288376220053244,
,크로아티아,791.0,791.0,0.0,8577.25,8567.25,10.0,1565.0,1565.0,0.0,13121.75,13061.75,60.0,97.85082174462704,97.85082174462704,,52.983182255384875,52.4614082698649,500.0
,키리바시,1.0,1.0,0.0,42.0,38.0,4.0,7.0,7.0,0.0,90.0,90.0,0.0,600.0,600.0,,114.28571428571428,136.84210526315786,-100
,키프로스,8.0,8.0,0.0,133.0,133.0,0.0,16.0,16.0,0.0,106.0,106.0,0.0,100.0,100.0,,-20.300751879699252,-20.300751879699252,
,탄자니아,56.0,56.0,0.0,2177.0,2177.0,0.0,90.0,90.0,0.0,1485.0,1485.0,0.0,60.71428571428572,60.71428571428572,,-31.786862655029857,-31.786862655029857,
,태국,8062.5,7697.5,365.0,101437.0,87099.0,14338.0,7202.25,6763.25,439.0,96899.25,91040.25,5859.0,-10.669767441860467,-12.137057486196811,20.273972602739732,-4.473466289421024,4.525023249405846,-59.136560189705676
,토고,209.0,209.0,0.0,1979.0,1979.0,0.0,331.0,319.0,12.0,4561.0,2505.0,2056.0,58.37320574162679,52.63157894736843,0,130.46993431025768,26.579080343607874,0
,통가,,,,75.0,29.0,46.0,1.0,1.0,0.0,4.0,4.0,0.0,0,0,,-94.66666666666667,-86.20689655172413,-100
,튀니지,41.0,41.0,0.0,792.0,792.0,0.0,54.0,54.0,0.0,657.0,657.0,0.0,31.70731707317074,31.70731707317074,,-17.04545454545454,-17.04545454545454,
,튀르키예,7696.5,7696.5,0.0,88383.25,88119.25,264.0,8615.0,8615.0,0.0,97455.5,95960.5,1495.0,11.933995972195156,11.933995972195156,,10.264671190525366,8.898452948703039,466.2878787878788
,트리니다드 토바고,82.0,82.0,0.0,627.0,627.0,0.0,44.0,44.0,0.0,467.0,467.0,0.0,-46.34146341463414,-46.34146341463414,,-25.518341307814996,-25.518341307814996,
,파나마,1998.0,1404.0,594.0,26774.5,14825.0,11949.5,1630.0,1204.0,426.0,19191.0,14383.0,4808.0,-18.418418418418415,-14.245014245014243,-28.282828282828287,-28.323591476965028,-2.981450252951101,-59.764006862211815
,파라과이,1.0,1.0,0.0,108.0,108.0,0.0,,,,61.0,61.0,0.0,-100,-100,,-43.518518518518526,-43.518518518518526,
,파키스탄,1861.0,1861.0,0.0,14317.0,14310.0,7.0,1579.25,1579.25,0.0,19748.5,19732.5,16.0,-15.139709833422888,-15.139709833422888,,37.93741705664595,37.8930817610063,128.57142857142856
,파푸아 뉴기니,141.0,119.0,22.0,940.0,846.0,94.0,149.0,119.0,30.0,1429.0,1267.0,162.0,5.673758865248235,0.0,36.36363636363635,52.021276595744666,49.763593380614665,72.34042553191489
,팔라우,4.0,4.0,0.0,92.0,62.0,30.0,5.0,5.0,0.0,113.0,85.0,28.0,25.0,25.0,,22.826086956521728,37.09677419354838,-6.666666666666665
,페루,1743.0,1087.0,656.0,15254.0,11434.0,3820.0,1149.0,1129.0,20.0,16462.0,14850.0,1612.0,-34.07917383820999,3.863845446182146,-96.95121951219512,7.919234299200206,29.875808990729414,-57.80104712041884
,포르투갈,248.0,248.0,0.0,3052.0,3046.0,6.0,311.0,311.0,0.0,1954.0,1954.0,0.0,25.403225806451623,25.403225806451623,,-35.97640891218873,-35.85029546946815,-100
,폴란드,500.0,500.0,0.0,8398.0,8398.0,0.0,424.0,424.0,0.0,5192.75,5190.75,2.0,-15.200000000000003,-15.200000000000003,,-38.16682543462729,-38.19064062872113,0
,푸에르토리코,33.0,33.0,0.0,328.0,328.0,0.0,44.0,44.0,0.0,362.0,362.0,0.0,33.33333333333333,33.33333333333333,,10.365853658536594,10.365853658536594,
,프랑스,1306.0,1295.0,11.0,15623.0,14831.0,792.0,1087.25,1039.25,48.0,16409.75,16163.75,246.0,-16.749617151607964,-19.749034749034745,336.3636363636363,5.0358445881072855,8.986245027307671,-68.93939393939394
,프랑스령 기아나,,,,11.0,11.0,0.0,6.0,6.0,0.0,16.0,16.0,0.0,0,0,,45.45454545454546,45.45454545454546,
,프랑스령 폴리네시아,7.0,7.0,0.0,70.0,70.0,0.0,11.0,11.0,0.0,123.0,81.0,42.0,57.14285714285714,57.14285714285714,,75.71428571428571,15.714285714285726,0
,피지,30.0,30.0,0.0,504.0,439.0,65.0,43.0,43.0,0.0,482.0,472.0,10.0,43.333333333333336,43.333333333333336,,-4.36507936507936,7.51708428246014,-84.61538461538461
,핀란드,40.0,40.0,0.0,479.0,479.0,0.0,42.25,42.25,0.0,605.25,605.25,0.0,5.624999999999991,5.624999999999991,,26.35699373695197,26.35699373695197,
,필리핀,3603.25,3603.25,0.0,43610.0,41632.0,1978.0,3723.0,3723.0,0.0,47394.0,47362.0,32.0,3.323388607507116,3.323388607507116,,8.67690896583353,13.76345119139124,-98.38220424671385
,헝가리,14.0,14.0,0.0,74.0,74.0,0.0,,,,28.0,28.0,0.0,-100,-100,,-62.16216216216216,-62.16216216216216,
,호주,4798.0,4741.0,57.0,64256.0,59858.0,4398.0,4555.0,4369.0,186.0,61421.25,58501.25,2920.0,-5.064610254272617,-7.846445897489984,226.3157894736842,-4.411650273904377,-2.2666143205586575,-33.60618462937699
,홍콩,7349.5,7144.25,205.25,76334.0,73762.75,2571.25,6799.0,6132.0,667.0,82646.5,78092.5,4554.0,-7.490305462956659,-14.168737096266227,224.96954933008527,8.269578431629409,5.869832672995523,77.11229946524065
입항환적소계,,525777.5,503047.75,22729.75,6034501.5,5587413.25,447088.25,490084.25,472556.25,17528.0,6154475.75,5956283.5,198192.25,-6.788660602631347,-6.06135302265044,-22.88520551259913,1.9881385396954387,6.601807195843268,-55.67044090288662
입항환적,가나,5.0,5.0,0.0,545.0,545.0,0.0,14.0,14.0,0.0,366.0,366.0,0.0,179.99999999999997,179.99999999999997,,-32.8440366972477,-32.8440366972477,
,가봉,12.0,12.0,0.0,926.0,926.0,0.0,6.0,6.0,0.0,732.0,732.0,0.0,-50.0,-50.0,,-20.950323974082075,-20.950323974082075,
,가이아나,190.0,190.0,0.0,2249.0,2249.0,0.0,116.0,116.0,0.0,1855.0,1855.0,0.0,-38.94736842105263,-38.94736842105263,,-17.51889728768341,-17.51889728768341,
,감비아,,,,14.0,14.0,0.0,,,,8.0,8.0,0.0,,,,-42.85714285714286,-42.85714285714286,
,과들루프,,,,14.0,14.0,0.0,3.0,3.0,0.0,3.0,3.0,0.0,0,0,,-78.57142857142857,-78.57142857142857,
,과테말라,233.0,233.0,0.0,4807.0,4803.0,4.0,318.0,318.0,0.0,5125.0,5119.0,6.0,36.480686695278976,36.480686695278976,,6.615352610775949,6.579221320008322,50.0
,괌,276.75,274.75,2.0,3349.75,2516.75,833.0,148.0,148.0,0.0,4163.5,2740.5,1423.0,-46.52213188798555,-46.13284804367607,-100,24.292857675945957,8.890434091586364,70.82833133253301
,그리스,308.0,308.0,0.0,4608.0,3436.0,1172.0,272.0,272.0,0.0,5116.75,4175.0,941.75,-11.688311688311693,-11.688311688311693,,11.040581597222232,21.50756693830036,-19.64590443686007
,기니,,,,2.0,2.0,0.0,,,,24.0,24.0,0.0,,,,1100.0,1100.0,
,기니비사우,,,,4.0,4.0,0.0,,,,,,,,,,-100,-100,
,기타국가,,,,15.0,15.0,0.0,,,,,,,,,,-100,-100,
,나미비아,5.0,5.0,0.0,58.0,58.0,0.0,36.0,36.0,0.0,177.0,177.0,0.0,620.0,620.0,,205.17241379310346,205.17241379310346,
,나이지리아,44.0,44.0,0.0,1333.0,1301.0,32.0,71.0,71.0,0.0,1421.0,1421.0,0.0,61.36363636363635,61.36363636363635,,6.601650412603144,9.223674096848589,-100
,남아프리카,391.0,391.0,0.0,7565.0,6983.0,582.0,552.0,552.0,0.0,6153.0,6139.0,14.0,41.176470588235304,41.176470588235304,,-18.664904163912755,-12.086495775454676,-97.59450171821305
,네덜란드,2155.0,2154.0,1.0,31778.5,30601.5,1177.0,2353.0,2344.0,9.0,34454.5,34181.5,273.0,9.187935034802774,8.820798514391836,800.0,8.420787639441762,11.698772935967195,-76.80543755310111
,노르웨이,371.25,371.25,0.0,2047.25,2047.25,0.0,363.0,363.0,0.0,2522.0,2522.0,0.0,-2.2222222222222254,-2.2222222222222254,,23.189644645255836,23.189644645255836,
,뉴질랜드,2433.0,2433.0,0.0,29057.0,25682.0,3375.0,1328.0,1328.0,0.0,20795.0,20543.0,252.0,-45.417180435676116,-45.417180435676116,,-28.433768110954325,-20.01012382213223,-92.53333333333333
,뉴칼레도니아,409.0,409.0,0.0,5716.0,5687.0,29.0,360.0,349.0,11.0,2217.0,2183.0,34.0,-11.980440097799516,-14.66992665036675,0,-61.21413575927222,-61.61420784244769,17.24137931034482
,니카라과,260.0,260.0,0.0,3738.0,3738.0,0.0,518.0,518.0,0.0,3866.0,3864.0,2.0,99.23076923076923,99.23076923076923,,3.4242910647404923,3.370786516853941,0
,대만,6579.5,6505.5,74.0,70992.75,69689.75,1303.0,5535.5,5295.5,240.0,67309.75,66211.75,1098.0,-15.867467132760849,-18.599646453001306,224.32432432432435,-5.187853689285172,-4.990690883523041,-15.73292402148887
,대한민국,9460.5,8719.5,741.0,104171.0,99152.0,5019.0,5828.0,5217.0,611.0,95450.0,90812.0,4638.0,-38.39649067174039,-40.168587648374334,-17.543859649122805,-8.371811732631917,-8.411328061965461,-7.591153616258217
,덴마크,173.0,173.0,0.0,2537.0,2537.0,0.0,405.0,405.0,0.0,3384.0,3360.0,24.0,134.1040462427746,134.1040462427746,,33.38588884509264,32.4398896334253,0
,도미니카 공화국,49.0,49.0,0.0,870.0,870.0,0.0,72.0,72.0,0.0,1925.0,1925.0,0.0,46.93877551020409,46.93877551020409,,121.26436781609193,121.26436781609193,
,도미니카 연방,,,,,,,,,,1.0,1.0,0.0,,,,0,0,
,독일,3022.0,3022.0,0.0,38261.5,35130.5,3131.0,2326.0,2326.0,0.0,30707.75,30679.75,28.0,-23.03110522832561,-23.03110522832561,,-19.742430380408504,-12.669190589373901,-99.10571702331524
,동티모르,,,,38.0,38.0,0.0,1.0,1.0,0.0,90.0,90.0,0.0,0,0,,136.84210526315786,136.84210526315786,
,라이베리아,,,,,,,,,,1.0,1.0,0.0,,,,0,0,
,라트비아,227.0,227.0,0.0,3410.0,3410.0,0.0,282.0,282.0,0.0,3479.0,3479.0,0.0,24.229074889867853,24.229074889867853,,2.0234604105571874,2.0234604105571874,
,러시아,16397.5,15229.0,1168.5,175041.0,165037.0,10004.0,13473.0,13083.0,390.0,189984.0,182917.25,7066.75,-17.835035828632417,-14.091535885481644,-66.62387676508344,8.53685707919858,10.834085689875605,-29.360755697720908
,레바논,16.0,16.0,0.0,157.0,157.0,0.0,,,,89.0,89.0,0.0,-100,-100,,-43.31210191082803,-43.31210191082803,
,레위니옹,,,,6.0,6.0,0.0,,,,6.0,6.0,0.0,,,,0.0,0.0,
,루마니아,463.0,463.0,0.0,8885.0,8865.0,20.0,687.0,687.0,0.0,6777.75,6777.75,0.0,48.38012958963282,48.38012958963282,,-23.716938660664045,-23.54483925549915,-100
,리비아,,,,40.0,40.0,0.0,,,,8.0,8.0,0.0,,,,-80.0,-80.0,
,리투아니아,15.0,15.0,0.0,644.0,644.0,0.0,73.0,73.0,0.0,1194.0,1093.0,101.0,386.66666666666663,386.66666666666663,,85.40372670807453,69.72049689440993,0
,마다가스카르,7.0,7.0,0.0,89.0,89.0,0.0,13.0,13.0,0.0,162.0,162.0,0.0,85.71428571428572,85.71428571428572,,82.02247191011236,82.02247191011236,
,마르티니크,,,,22.0,22.0,0.0,,,,80.0,80.0,0.0,,,,263.6363636363636,263.6363636363636,
,마샬 제도,9.0,9.0,0.0,563.0,539.0,24.0,10.0,10.0,0.0,398.0,396.0,2.0,11.111111111111116,11.111111111111116,,-29.307282415630553,-26.530612244897956,-91.66666666666666
,마카오,2.0,2.0,0.0,2.0,2.0,0.0,,,,,,,-100,-100,,-100,-100,
,말레이시아,6626.5,6621.5,5.0,88014.0,86686.0,1328.0,7781.75,7778.75,3.0,85228.25,84338.25,890.0,17.433788576171438,17.477157743713654,-40.0,-3.165121457949871,-2.7083381399533923,-32.98192771084337
,멕시코,4768.0,3712.0,1056.0,65110.5,57193.0,7917.5,4404.0,4403.0,1.0,50630.75,49324.0,1306.75,-7.634228187919467,18.61530172413792,-99.90530303030303,-22.238732616091106,-13.758676761142096,-83.49542153457531
,모로코,121.0,25.0,96.0,971.0,875.0,96.0,129.0,129.0,0.0,1802.0,1800.0,2.0,6.6115702479338845,416.0,-100,85.58187435633369,105.7142857142857,-97.91666666666666
,모리셔스,23.0,23.0,0.0,313.0,313.0,0.0,51.0,51.0,0.0,340.0,340.0,0.0,121.73913043478262,121.73913043478262,,8.626198083067083,8.626198083067083,
,모리타니,10.0,10.0,0.0,381.0,381.0,0.0,10.0,10.0,0.0,96.0,96.0,0.0,0.0,0.0,,-74.80314960629921,-74.80314960629921,
,모잠비크,13.0,13.0,0.0,527.0,527.0,0.0,122.0,122.0,0.0,1140.0,1140.0,0.0,838.4615384615385,838.4615384615385,,116.31878557874762,116.31878557874762,
,몬테네그로,,,,25.0,25.0,0.0,2.0,2.0,0.0,46.0,46.0,0.0,0,0,,84.00000000000001,84.00000000000001,
,몰디브,,,,7.0,7.0,0.0,,,,3.0,3.0,0.0,,,,-57.14285714285714,-57.14285714285714,
,몰타,150.0,150.0,0.0,391.0,391.0,0.0,11.0,11.0,0.0,535.0,374.0,161.0,-92.66666666666666,-92.66666666666666,,36.82864450127876,-4.347826086956519,0
,미국,47569.5,43995.75,3573.75,646792.25,567998.75,78793.5,43323.0,42215.75,1107.25,577290.5,541575.0,35715.5,-8.926938479487912,-4.04584533733372,-69.01713885974117,-10.745606491110548,-4.652078899821522,-54.672022438399104
,미얀마,153.0,153.0,0.0,3036.0,2453.0,583.0,226.0,226.0,0.0,1656.0,1646.0,10.0,47.7124183006536,47.7124183006536,,-45.45454545454546,-32.89849164288626,-98.28473413379074
,미크로네시아,2.0,2.0,0.0,121.0,113.0,8.0,3.0,1.0,2.0,81.0,74.0,7.0,50.0,-50.0,0,-33.057851239669425,-34.51327433628318,-12.5
,바누아투,3.0,3.0,0.0,541.0,57.0,484.0,21.0,11.0,10.0,362.0,95.0,267.0,600.0,266.66666666666663,0,-33.086876155268016,66.66666666666667,-44.83471074380165
,바레인,48.0,48.0,0.0,716.0,716.0,0.0,67.0,67.0,0.0,432.0,432.0,0.0,39.58333333333333,39.58333333333333,,-39.66480446927374,-39.66480446927374,
,바베이도스,,,,79.0,79.0,0.0,29.0,29.0,0.0,111.0,111.0,0.0,0,0,,40.506329113924046,40.506329113924046,
,바하마,2.0,2.0,0.0,10.0,9.0,1.0,2.0,2.0,0.0,13.0,13.0,0.0,0.0,0.0,,30.000000000000004,44.44444444444444,-100
,방글라데시,511.0,511.0,0.0,5572.75,5563.75,9.0,513.75,513.75,0.0,6970.75,6966.75,4.0,0.5381604696673259,0.5381604696673259,,25.086357722847797,25.216805212311844,-55.55555555555556
,베냉,,,,,,,,,,96.0,96.0,0.0,,,,0,0,
,베네수엘라,48.0,48.0,0.0,966.0,966.0,0.0,34.0,34.0,0.0,1768.0,1768.0,0.0,-29.166666666666664,-29.166666666666664,,83.02277432712215,83.02277432712215,
,베트남,7834.5,7824.5,10.0,109505.75,109308.75,197.0,9637.5,9637.5,0.0,110775.25,110752.25,23.0,23.013593720084245,23.17080963639848,-100,1.1592998541172461,1.320571317483732,-88.3248730964467
,벨기에,2335.25,2335.25,0.0,15038.5,15029.5,9.0,1485.75,1485.75,0.0,26453.5,26333.5,120.0,-36.377261535167534,-36.377261535167534,,75.90517671310305,75.21208290362287,1233.3333333333335
,벨리즈,132.0,132.0,0.0,170.0,170.0,0.0,4.0,4.0,0.0,910.0,910.0,0.0,-96.96969696969697,-96.96969696969697,,435.2941176470588,435.2941176470588,
,북마리아나 제도,100.0,2.0,98.0,644.5,26.5,618.0,38.0,0.0,38.0,631.0,17.0,614.0,-62.0,-100,-61.224489795918366,-2.094647013188522,-35.84905660377359,-0.6472491909385147
,불가리아,37.0,37.0,0.0,1471.0,1471.0,0.0,54.0,54.0,0.0,1309.0,1309.0,0.0,45.945945945945944,45.945945945945944,,-11.012916383412641,-11.012916383412641,
,브라질,6985.0,6960.0,25.0,63502.0,62069.0,1433.0,5902.0,5902.0,0.0,74940.0,73587.0,1353.0,-15.504652827487476,-15.201149425287353,-100,18.012031117130167,18.55676746846251,-5.582693649685977
,브루나이,12.0,12.0,0.0,104.0,104.0,0.0,2.0,2.0,0.0,169.0,169.0,0.0,-83.33333333333334,-83.33333333333334,,62.5,62.5,
,사모아,28.0,28.0,0.0,316.0,250.0,66.0,3.0,3.0,0.0,121.0,121.0,0.0,-89.28571428571429,-89.28571428571429,,-61.70886075949367,-51.6,-100
,사우디아라비아,653.0,653.0,0.0,14622.0,12977.0,1645.0,1258.0,1252.0,6.0,9727.0,9114.0,613.0,92.64931087289435,91.73047473200613,0,-33.47695253727261,-29.768051167450103,-62.73556231003039
,세네갈,1.0,1.0,0.0,1580.0,1580.0,0.0,59.0,59.0,0.0,631.0,631.0,0.0,5800.0,5800.0,,-60.063291139240505,-60.063291139240505,
,세이셸,12.0,12.0,0.0,151.0,151.0,0.0,2.0,2.0,0.0,19.0,19.0,0.0,-83.33333333333334,-83.33333333333334,,-87.41721854304636,-87.41721854304636,
,세인트루시아,,,,78.0,78.0,0.0,4.0,4.0,0.0,32.0,32.0,0.0,0,0,,-58.97435897435898,-58.97435897435898,
,소말리아,2.0,2.0,0.0,4.0,4.0,0.0,,,,1.0,1.0,0.0,-100,-100,,-75.0,-75.0,
,솔로몬제도,,,,29.0,29.0,0.0,,,,33.0,33.0,0.0,,,,13.793103448275868,13.793103448275868,
,수단,26.0,26.0,0.0,4857.0,4857.0,0.0,3.0,3.0,0.0,1848.0,1848.0,0.0,-88.46153846153845,-88.46153846153845,,-61.95182211241508,-61.95182211241508,
,수리남,124.0,124.0,0.0,2092.0,2092.0,0.0,18.0,18.0,0.0,555.0,555.0,0.0,-85.48387096774194,-85.48387096774194,,-73.47036328871893,-73.47036328871893,
,스리랑카,367.0,367.0,0.0,4508.75,4506.75,2.0,183.0,183.0,0.0,3549.0,3511.0,38.0,-50.136239782016354,-50.136239782016354,,-21.286387579706123,-22.09463582404172,1800.0
,스웨덴,536.0,536.0,0.0,10199.0,10171.0,28.0,1290.0,1290.0,0.0,10106.0,10106.0,0.0,140.67164179104478,140.67164179104478,,-0.911854103343468,-0.639071871005803,-100
,스페인,1708.0,1687.0,21.0,23989.0,22746.0,1243.0,2800.0,2746.0,54.0,33848.25,33590.25,258.0,63.934426229508205,62.774155305275634,157.14285714285717,41.09904539580642,47.67541545766289,-79.24376508447305
,슬로베니아,541.0,541.0,0.0,8606.0,8606.0,0.0,1552.75,1549.75,3.0,11032.75,11029.75,3.0,187.01478743068392,186.46025878003698,0,28.1983499883802,28.16349058796188,0
,시리아,16.0,16.0,0.0,24.0,24.0,0.0,,,,6.0,6.0,0.0,-100,-100,,-75.0,-75.0,
,시에라 리온,,,,83.0,83.0,0.0,,,,93.0,93.0,0.0,,,,12.04819277108433,12.04819277108433,
,싱가포르,1859.5,1827.75,31.75,25518.75,24626.75,892.0,1911.5,1860.5,51.0,26105.25,23490.0,2615.25,2.796450658779248,1.791820544385181,60.629921259842526,2.29831006612784,-4.615915620209732,193.18946188340806
,아랍에미리트연합국,896.25,896.25,0.0,27480.5,20811.25,6669.25,2033.0,2032.0,1.0,23557.5,21677.5,1880.0,126.83403068340309,126.72245467224545,0,-14.27557722748858,4.162412156886308,-71.81092326723395
,아루바,,,,,,,,,,88.0,88.0,0.0,,,,0,0,
,아르헨티나,1208.0,1208.0,0.0,11281.0,10833.0,448.0,798.0,796.0,2.0,9931.0,9888.0,43.0,-33.94039735099338,-34.10596026490066,0,-11.967024199982268,-8.72334533370257,-90.40178571428571
,아메리칸사모아,,,,104.0,40.0,64.0,1.0,1.0,0.0,14.0,14.0,0.0,0,0,,-86.53846153846155,-65.0,-100
,아이슬란드,,,,97.0,97.0,0.0,2.0,2.0,0.0,58.0,58.0,0.0,0,0,,-40.20618556701031,-40.20618556701031,
,아이티,1.0,1.0,0.0,182.0,182.0,0.0,10.0,10.0,0.0,74.0,74.0,0.0,900.0,900.0,,-59.34065934065934,-59.34065934065934,
,아일랜드,52.0,52.0,0.0,795.0,793.0,2.0,43.0,43.0,0.0,1118.0,1118.0,0.0,-17.307692307692314,-17.307692307692314,,40.628930817610055,40.98360655737705,-100
,알바니아,1.0,1.0,0.0,546.0,546.0,0.0,31.0,31.0,0.0,900.0,900.0,0.0,3000.0,3000.0,,64.83516483516483,64.83516483516483,
,알제리,,,,24.0,24.0,0.0,88.0,88.0,0.0,164.25,164.25,0.0,0,0,,584.375,584.375,
,앙골라,32.0,32.0,0.0,295.0,33.0,262.0,,,,72.0,72.0,0.0,-100,-100,,-75.59322033898304,118.18181818181816,-100
,앤티가 바부다,,,,,,,,,,6.0,6.0,0.0,,,,0,0,
,앤틸리스제도,,,,1.0,1.0,0.0,,,,27.0,27.0,0.0,,,,2600.0,2600.0,
,에스토니아,42.0,42.0,0.0,743.0,743.0,0.0,133.0,133.0,0.0,1040.0,1040.0,0.0,216.66666666666666,216.66666666666666,,39.973082099596226,39.973082099596226,
,에콰도르,6252.0,6252.0,0.0,64413.25,63223.0,1190.25,4533.0,4521.0,12.0,48437.0,48286.0,151.0,-27.49520153550864,-27.687140115163146,0,-24.80273856698738,-23.625895639245208,-87.31358958202058
,엘살바도르,29.0,29.0,0.0,912.0,912.0,0.0,161.0,161.0,0.0,1352.0,1344.0,8.0,455.1724137931035,455.1724137931035,,48.24561403508771,47.36842105263157,0
,영국,574.0,574.0,0.0,6741.75,6396.75,345.0,641.0,641.0,0.0,9392.0,9212.25,179.75,11.672473867595823,11.672473867595823,,39.31100975266067,44.01453863289952,-47.89855072463768
,예멘,1.0,1.0,0.0,9.0,9.0,0.0,9.0,9.0,0.0,41.0,41.0,0.0,800.0,800.0,,355.55555555555554,355.55555555555554,
,오만,561.0,561.0,0.0,8625.0,8607.0,18.0,766.0,766.0,0.0,7013.0,6256.0,757.0,36.54188948306596,36.54188948306596,,-18.689855072463768,-27.314976182177297,4105.555555555556
,오스트리아,,,,,,,,,,2.0,2.0,0.0,,,,0,0,
,온두라스,38.0,38.0,0.0,643.0,643.0,0.0,111.0,111.0,0.0,843.0,843.0,0.0,192.10526315789474,192.10526315789474,,31.104199066874028,31.104199066874028,
,요르단,39.0,39.0,0.0,2690.0,317.0,2373.0,165.25,165.25,0.0,613.25,612.25,1.0,323.71794871794873,323.71794871794873,,-77.20260223048328,93.13880126182966,-99.95785924989464
,우루과이,682.0,682.0,0.0,4885.0,4859.0,26.0,1026.0,1026.0,0.0,7332.0,7332.0,0.0,50.43988269794721,50.43988269794721,,50.092118730808586,50.895245935377645,-100
,우크라이나,1309.0,1309.0,0.0,9943.5,9909.5,34.0,440.0,440.0,0.0,9312.0,9132.0,180.0,-66.38655462184873,-66.38655462184873,,-6.350882486046161,-7.846006357535695,429.4117647058823
,원양어획지역,133.0,133.0,0.0,890.0,890.0,0.0,,,,718.0,718.0,0.0,-100,-100,,-19.325842696629213,-19.325842696629213,
,이라크,,,,78.0,78.0,0.0,,,,,,,,,,-100,-100,
,이란,,,,,,,,,,2.0,2.0,0.0,,,,0,0,
,이스라엘,180.0,180.0,0.0,3051.0,2065.0,986.0,232.0,232.0,0.0,4030.0,3338.0,692.0,28.888888888888896,28.888888888888896,,32.08784005244183,61.64648910411623,-29.817444219066935
,이집트,253.0,253.0,0.0,7866.0,5557.0,2309.0,1449.0,1449.0,0.0,11720.0,11284.0,436.0,472.72727272727275,472.72727272727275,,48.99567759979659,103.05920460680223,-81.11736682546558
,이탈리아,2525.0,2467.0,58.0,31112.75,29022.5,2090.25,2863.5,2837.5,26.0,37476.5,36896.5,580.0,13.405940594059395,15.018240778273206,-55.172413793103445,20.453833235570617,27.130674476699124,-72.25212295180002
,인도,4707.0,4642.0,65.0,57545.0,56675.0,870.0,5111.0,5029.0,82.0,69242.75,68413.75,829.0,8.582961546632673,8.336923739767332,26.15384615384615,20.32800417064906,20.712395235994705,-4.712643678160921
,인도네시아,11015.25,11015.25,0.0,130855.75,130616.75,239.0,13496.5,13491.5,5.0,153480.25,153409.25,71.0,22.525589523614986,22.480197907446488,0,17.28964909833921,17.449905927072894,-70.2928870292887
,일본,70201.5,63140.5,7061.0,805793.25,663282.0,142511.25,69854.5,61955.5,7899.0,779276.0,714371.5,64904.5,-0.4942914325192449,-1.8767668928817427,11.868007364395972,-3.290825531238939,7.702530748610692,-54.456577989456974
,자메이카,27.0,27.0,0.0,1667.0,142.0,1525.0,12.0,12.0,0.0,260.0,233.0,27.0,-55.55555555555556,-55.55555555555556,,-84.40311937612476,64.08450704225352,-98.22950819672131
,적도 기니,,,,28.0,28.0,0.0,,,,181.0,181.0,0.0,,,,546.4285714285714,546.4285714285714,
,조지아,42.0,42.0,0.0,725.0,725.0,0.0,58.0,58.0,0.0,258.0,258.0,0.0,38.095238095238095,38.095238095238095,,-64.41379310344828,-64.41379310344828,
,중국,239193.75,233532.25,5661.5,2533845.75,2418886.75,114959.0,212701.0,209295.25,3405.75,2719457.25,2671682.75,47774.5,-11.075853779624257,-10.37843809580904,-39.84368100326768,7.325288052755385,10.450923343145346,-58.44214024130342
,지부티,15.0,15.0,0.0,287.0,287.0,0.0,83.0,83.0,0.0,413.0,413.0,0.0,453.3333333333333,453.3333333333333,,43.90243902439024,43.90243902439024,
,지브롤터,,,,,,,4.0,4.0,0.0,4.0,4.0,0.0,0,0,,0,0,
,차드,,,,1.0,1.0,0.0,,,,,,,,,,-100,-100,
,체코,,,,1.0,1.0,0.0,,,,,,,,,,-100,-100,
,칠레,9033.0,9028.0,5.0,75856.0,75290.0,566.0,5777.0,5777.0,0.0,84753.0,84660.0,93.0,-36.04561053913429,-36.01019051838724,-100,11.728801940518885,12.44521184752292,-83.56890459363957
,카메룬,8.0,8.0,0.0,93.0,93.0,0.0,12.0,12.0,0.0,334.0,334.0,0.0,50.0,50.0,,259.13978494623655,259.13978494623655,
,카보 베르데,,,,18.0,18.0,0.0,,,,,,,,,,-100,-100,
,카타르,132.0,132.0,0.0,2947.0,2947.0,0.0,148.0,148.0,0.0,2626.0,2594.0,32.0,12.12121212121211,12.12121212121211,,-10.892432982694267,-11.978282999660673,0
,캄보디아,354.25,354.25,0.0,5242.0,5219.0,23.0,422.0,422.0,0.0,5419.75,5419.75,0.0,19.124911785462253,19.124911785462253,,3.3908813429988527,3.8465223222839517,-100
,캐나다,12167.25,10967.25,1200.0,159669.25,152311.5,7357.75,7549.0,7359.0,190.0,151625.25,150293.75,1331.5,-37.95639935071606,-32.90022567188675,-84.16666666666667,-5.0379143134949285,-1.324752234729487,-81.90343515340967
,케냐,66.0,66.0,0.0,659.0,659.0,0.0,23.0,23.0,0.0,749.0,749.0,0.0,-65.15151515151516,-65.15151515151516,,13.657056145675273,13.657056145675273,
,코모로,,,,2.0,2.0,0.0,,,,,,,,,,-100,-100,
,코스타리카,404.0,404.0,0.0,4778.0,4546.0,232.0,567.0,567.0,0.0,5416.0,5416.0,0.0,40.34653465346534,40.34653465346534,,13.352867308497274,19.137703475582924,-100
,코트디부아르,5.0,5.0,0.0,137.0,137.0,0.0,12.0,12.0,0.0,341.0,341.0,0.0,140.0,140.0,,148.90510948905109,148.90510948905109,
,콜롬비아,383.0,383.0,0.0,9236.75,5358.0,3878.75,481.0,481.0,0.0,7983.25,6296.0,1687.25,25.587467362924276,25.587467362924276,,-13.570790591928983,17.506532288167232,-56.500161134386076
,콩고,1.0,1.0,0.0,3.0,3.0,0.0,5.0,5.0,0.0,60.0,60.0,0.0,400.0,400.0,,1900.0,1900.0,
,콩고 민주 공화국,,,,94.0,94.0,0.0,,,,4.0,4.0,0.0,,,,-95.74468085106383,-95.74468085106383,
,쿠바,6.0,6.0,0.0,867.0,867.0,0.0,62.0,62.0,0.0,612.0,612.0,0.0,933.3333333333334,933.3333333333334,,-29.411764705882348,-29.411764705882348,
,쿠웨이트,,,,473.0,473.0,0.0,88.0,88.0,0.0,409.0,409.0,0.0,0,0,,-13.530655391120504,-13.530655391120504,
,퀴라소,,,,13.0,13.0,0.0,6.0,6.0,0.0,118.0,118.0,0.0,0,0,,807.6923076923076,807.6923076923076,
,크로아티아,236.0,236.0,0.0,1111.0,1111.0,0.0,263.0,243.0,20.0,2208.25,2186.25,22.0,11.440677966101687,2.9661016949152463,0,98.76237623762376,96.78217821782178,0
,키리바시,,,,18.0,2.0,16.0,,,,4.0,4.0,0.0,,,,-77.77777777777779,100.0,-100
,키프로스,37.0,37.0,0.0,199.0,199.0,0.0,36.0,36.0,0.0,449.0,449.0,0.0,-2.7027027027026973,-2.7027027027026973,,125.62814070351757,125.62814070351757,
,탄자니아,14.0,14.0,0.0,211.0,211.0,0.0,113.0,113.0,0.0,382.0,382.0,0.0,707.1428571428571,707.1428571428571,,81.04265402843602,81.04265402843602,
,태국,7697.0,7694.0,3.0,99174.5,98864.5,310.0,9398.0,9390.0,8.0,109876.5,109587.5,289.0,22.09951929323113,22.043150506888477,166.66666666666666,10.791080368441474,10.846158125515215,-6.774193548387098
,토고,1.0,1.0,0.0,50.0,50.0,0.0,3.0,3.0,0.0,163.0,163.0,0.0,200.0,200.0,,225.99999999999997,225.99999999999997,
,통가,,,,46.0,20.0,26.0,4.0,4.0,0.0,14.0,14.0,0.0,0,0,,-69.56521739130434,-30.000000000000004,-100
,튀니지,38.0,38.0,0.0,114.0,114.0,0.0,7.0,7.0,0.0,205.0,205.0,0.0,-81.57894736842105,-81.57894736842105,,79.82456140350878,79.82456140350878,
,튀르키예,2061.0,2059.0,2.0,28640.0,26314.0,2326.0,3012.0,3012.0,0.0,38481.0,38089.0,392.0,46.142649199417754,46.28460417678484,-100,34.36103351955306,44.74804286691496,-83.14703353396389
,트리니다드 토바고,26.0,26.0,0.0,226.0,226.0,0.0,123.0,123.0,0.0,560.0,560.0,0.0,373.0769230769231,373.0769230769231,,147.787610619469,147.787610619469,
,파나마,1357.25,854.0,503.25,24258.75,14313.0,9945.75,2578.0,385.0,2193.0,13862.75,9200.0,4662.75,89.94289924479646,-54.91803278688525,335.7675111773473,-42.85464007832226,-35.72276951023545,-53.118166050825735
,파라과이,3.0,3.0,0.0,301.0,301.0,0.0,4.0,4.0,0.0,349.0,349.0,0.0,33.33333333333333,33.33333333333333,,15.946843853820592,15.946843853820592,
,파키스탄,1615.0,865.0,750.0,12901.5,11760.5,1141.0,830.0,781.0,49.0,13020.75,10963.75,2057.0,-48.60681114551083,-9.710982658959534,-93.46666666666667,0.9243111266131754,-6.7747969899238925,80.28045574057845
,파푸아 뉴기니,13.0,13.0,0.0,161.0,159.0,2.0,18.0,18.0,0.0,101.0,101.0,0.0,38.46153846153846,38.46153846153846,,-37.267080745341616,-36.47798742138365,-100
,팔라우,,,,5.0,5.0,0.0,,,,4.0,4.0,0.0,,,,-19.999999999999996,-19.999999999999996,
,페로 제도,,,,4.0,4.0,0.0,,,,4.0,4.0,0.0,,,,0.0,0.0,
,페루,2452.0,2420.0,32.0,27772.0,27264.0,508.0,3378.0,3378.0,0.0,31800.0,31700.0,100.0,37.76508972267536,39.586776859504134,-100,14.50381679389312,16.270539906103277,-80.31496062992126
,포르투갈,117.0,117.0,0.0,3020.25,3020.25,0.0,235.0,235.0,0.0,2229.0,2229.0,0.0,100.85470085470085,100.85470085470085,,-26.198162403774518,-26.198162403774518,
,폴란드,160.0,160.0,0.0,1972.0,1972.0,0.0,208.0,208.0,0.0,2419.5,2419.5,0.0,30.000000000000004,30.000000000000004,,22.69269776876268,22.69269776876268,
,푸에르토리코,27.0,27.0,0.0,1858.0,1858.0,0.0,72.0,72.0,0.0,1996.0,1996.0,0.0,166.66666666666666,166.66666666666666,,7.427341227125939,7.427341227125939,
,프랑스,1233.0,1228.0,5.0,17877.0,16041.0,1836.0,1825.0,1825.0,0.0,23614.0,23343.0,271.0,48.012976480129765,48.6156351791531,-100,32.09151423616938,45.520852814662426,-85.239651416122
,프랑스령 폴리네시아,8.0,6.0,2.0,63.0,13.0,50.0,6.0,6.0,0.0,231.0,9.0,222.0,-25.0,0.0,-100,266.66666666666663,-30.76923076923077,344.00000000000006
,피지,24.0,24.0,0.0,461.0,300.0,161.0,4.0,4.0,0.0,268.0,264.0,4.0,-83.33333333333334,-83.33333333333334,,-41.86550976138829,-12.0,-97.51552795031056
,핀란드,1175.0,1175.0,0.0,13703.0,13703.0,0.0,1620.0,1620.0,0.0,15891.0,15891.0,0.0,37.87234042553192,37.87234042553192,,15.967306429249062,15.967306429249062,
,필리핀,6750.25,6750.25,0.0,84358.75,76982.0,7376.75,5113.0,4622.0,491.0,69782.75,67504.75,2278.0,-24.25465723491722,-31.528461908818194,0,-17.278586987123447,-12.310994778000051,-69.11919205612227
,헝가리,2.0,2.0,0.0,14.0,14.0,0.0,,,,8.0,8.0,0.0,-100,-100,,-42.85714285714286,-42.85714285714286,
,호주,8008.0,7777.0,231.0,100677.5,89990.0,10687.5,7648.0,7068.0,580.0,92173.0,87040.0,5133.0,-4.495504495504498,-9.116625948309121,151.08225108225105,-8.44726974746095,-3.2781420157795282,-51.9719298245614
,홍콩,3283.0,3035.0,248.0,36836.25,35170.5,1665.75,3478.0,3450.0,28.0,44482.0,43282.0,1200.0,5.939689308559237,13.673805601317968,-88.70967741935483,20.756048729173028,23.06336276140515,-27.960378208014404
출항환적소계,,507653.25,491539.5,16113.75,5985624.0,5558066.0,427558.0,492612.75,475546.25,17066.5,6118196.75,5926261.25,191935.5,-2.962750657067592,-3.253705958524189,5.912652237995508,2.2148526202113494,6.62452101144535,-55.10889750630324
출항환적,가나,80.0,80.0,0.0,1253.5,1253.5,0.0,47.0,47.0,0.0,869.25,869.25,0.0,-41.25,-41.25,,-30.6541683286797,-30.6541683286797,
,가봉,,,,58.0,58.0,0.0,1.0,1.0,0.0,30.0,30.0,0.0,0,0,,-48.275862068965516,-48.275862068965516,
,가이아나,251.0,251.0,0.0,2611.0,2611.0,0.0,158.0,158.0,0.0,2271.0,2271.0,0.0,-37.05179282868526,-37.05179282868526,,-13.02183071620069,-13.02183071620069,
,감비아,,,,120.0,120.0,0.0,5.0,5.0,0.0,15.0,15.0,0.0,0,0,,-87.5,-87.5,
,과들루프,19.0,19.0,0.0,168.0,168.0,0.0,3.0,3.0,0.0,94.0,94.0,0.0,-84.21052631578947,-84.21052631578947,,-44.047619047619044,-44.047619047619044,
,과테말라,1708.0,1708.0,0.0,16396.75,16396.75,0.0,1527.0,1527.0,0.0,19388.0,19382.0,6.0,-10.597189695550346,-10.597189695550346,,18.242944485949963,18.206351868510517,0
,괌,430.0,430.0,0.0,3908.5,3894.5,14.0,349.5,349.5,0.0,4496.75,4496.75,0.0,-18.720930232558143,-18.720930232558143,,15.05053089420494,15.46411606111182,-100
,그레나다,25.0,25.0,0.0,474.0,474.0,0.0,6.0,6.0,0.0,161.25,161.25,0.0,-76.0,-76.0,,-65.98101265822784,-65.98101265822784,
,그리스,739.0,739.0,0.0,11596.25,11306.25,290.0,526.5,526.5,0.0,7663.25,7663.25,0.0,-28.75507442489851,-28.75507442489851,,-33.916136682117056,-32.221116639027095,-100
,기니,,,,225.0,225.0,0.0,5.0,5.0,0.0,96.5,96.5,0.0,0,0,,-57.111111111111114,-57.111111111111114,
,나미비아,64.0,64.0,0.0,682.0,682.0,0.0,42.0,42.0,0.0,583.0,583.0,0.0,-34.375,-34.375,,-14.516129032258062,-14.516129032258062,
,나우루,4.0,4.0,0.0,34.0,34.0,0.0,13.0,13.0,0.0,167.0,167.0,0.0,225.0,225.0,,391.1764705882353,391.1764705882353,
,나이지리아,57.0,57.0,0.0,1494.0,1494.0,0.0,195.0,195.0,0.0,2289.0,2289.0,0.0,242.10526315789474,242.10526315789474,,53.21285140562249,53.21285140562249,
,남아프리카,312.0,312.0,0.0,3289.0,3289.0,0.0,100.0,100.0,0.0,2495.0,2495.0,0.0,-67.94871794871796,-67.94871794871796,,-24.141076314989363,-24.141076314989363,
,네덜란드,2077.5,2077.5,0.0,27419.25,27328.25,91.0,2491.0,2486.0,5.0,26209.25,26137.25,72.0,19.903730445246694,19.663056558363422,0,-4.4129580495454785,-4.358127578604554,-20.879120879120883
,노르웨이,18.0,18.0,0.0,267.0,267.0,0.0,23.0,23.0,0.0,370.0,370.0,0.0,27.777777777777768,27.777777777777768,,38.57677902621723,38.57677902621723,
,뉴질랜드,1848.0,1355.0,493.0,16099.0,14317.0,1782.0,786.0,767.0,19.0,14033.5,13328.5,705.0,-57.467532467532465,-43.39483394833948,-96.14604462474645,-12.829989440337908,-6.904379409094085,-60.43771043771044
,뉴칼레도니아,468.0,468.0,0.0,4769.0,4162.0,607.0,372.0,372.0,0.0,4305.0,4302.0,3.0,-20.512820512820518,-20.512820512820518,,-9.7295030404697,3.3637674195098555,-99.50576606260296
,니카라과,157.5,157.5,0.0,2169.5,2169.5,0.0,446.0,446.0,0.0,3603.0,3603.0,0.0,183.1746031746032,183.1746031746032,,66.07513251901361,66.07513251901361,
,대만,6695.0,6520.0,175.0,93732.75,89628.5,4104.25,7185.25,7177.25,8.0,82430.75,80745.0,1685.75,7.322628827483202,10.080521472392645,-95.42857142857143,-12.057685280758324,-9.91146789246724,-58.92672230005482
,대한민국,16475.0,16304.0,171.0,195619.5,185854.5,9765.0,15602.0,15554.0,48.0,213275.0,210158.0,3117.0,-5.298937784522007,-4.600098135426888,-71.9298245614035,9.025429468943535,13.076627146504393,-68.07987711213518
,덴마크,182.0,182.0,0.0,1932.0,1932.0,0.0,50.0,50.0,0.0,713.0,713.0,0.0,-72.52747252747253,-72.52747252747253,,-63.095238095238095,-63.095238095238095,
,도미니카 공화국,1738.75,1738.75,0.0,18614.0,18614.0,0.0,1195.0,1195.0,0.0,18042.5,17992.5,50.0,-31.272465851905107,-31.272465851905107,,-3.070269689481031,-3.33888471043301,0
,도미니카 연방,4.0,4.0,0.0,83.25,83.25,0.0,2.0,2.0,0.0,112.0,112.0,0.0,-50.0,-50.0,,34.534534534534544,34.534534534534544,
,독일,1814.0,1804.0,10.0,27118.0,27025.0,93.0,1524.25,1496.25,28.0,22642.75,22576.75,66.0,-15.972987872105849,-17.059312638580927,179.99999999999997,-16.502876318312566,-16.459759481961143,-29.032258064516125
,동티모르,,,,6.0,6.0,0.0,4.0,4.0,0.0,53.0,53.0,0.0,0,0,,783.3333333333334,783.3333333333334,
,라이베리아,,,,43.0,43.0,0.0,5.0,5.0,0.0,26.0,26.0,0.0,0,0,,-39.53488372093024,-39.53488372093024,
,라트비아,3.0,3.0,0.0,237.0,237.0,0.0,29.0,29.0,0.0,160.25,160.25,0.0,866.6666666666666,866.6666666666666,,-32.383966244725734,-32.383966244725734,
,러시아,26970.5,26968.5,2.0,231039.75,227872.75,3167.0,22576.0,22576.0,0.0,340406.5,338689.5,1717.0,-16.293728332808065,-16.28752062591542,-100,47.33676780727125,48.63097935141434,-45.78465424692138
,레바논,133.0,133.0,0.0,2028.75,2028.75,0.0,213.0,213.0,0.0,3130.25,3130.25,0.0,60.150375939849624,60.150375939849624,,54.29451632778806,54.29451632778806,
,레위니옹,,,,3.0,3.0,0.0,14.0,14.0,0.0,23.0,23.0,0.0,0,0,,666.6666666666667,666.6666666666667,
,루마니아,260.0,260.0,0.0,3760.75,3760.75,0.0,96.0,96.0,0.0,2585.5,2585.5,0.0,-63.07692307692307,-63.07692307692307,,-31.250415475636505,-31.250415475636505,
,리비아,196.0,196.0,0.0,948.25,948.25,0.0,124.0,124.0,0.0,1393.25,1393.25,0.0,-36.73469387755102,-36.73469387755102,,46.92855259688902,46.92855259688902,
,리투아니아,31.0,31.0,0.0,430.0,430.0,0.0,5.0,5.0,0.0,334.0,334.0,0.0,-83.87096774193549,-83.87096774193549,,-22.325581395348838,-22.325581395348838,
,마다가스카르,,,,196.0,196.0,0.0,65.0,65.0,0.0,209.0,209.0,0.0,0,0,,6.632653061224492,6.632653061224492,
,마르티니크,24.0,24.0,0.0,110.0,110.0,0.0,6.0,6.0,0.0,100.0,100.0,0.0,-75.0,-75.0,,-9.090909090909093,-9.090909090909093,
,마샬 제도,102.0,102.0,0.0,1629.0,1628.0,1.0,74.0,74.0,0.0,1247.0,1247.0,0.0,-27.450980392156865,-27.450980392156865,,-23.449969306322892,-23.402948402948397,-100
,마요트,,,,,,,5.0,5.0,0.0,7.0,7.0,0.0,0,0,,0,0,
,마카오,,,,12.0,12.0,0.0,,,,15.0,15.0,0.0,,,,25.0,25.0,
,말레이시아,3781.25,3779.25,2.0,51257.5,50342.5,915.0,2774.0,2774.0,0.0,37749.0,37589.0,160.0,-26.638016528925622,-26.59919296156645,-100,-26.35419206945325,-25.333465759547103,-82.5136612021858
,멕시코,25290.5,25290.5,0.0,246308.75,242496.75,3812.0,19115.0,19115.0,0.0,298418.25,296686.25,1732.0,-24.41825982088136,-24.41825982088136,,21.156170862789068,22.346485055985287,-54.564533053515206
,모로코,758.25,758.25,0.0,3160.75,3160.75,0.0,142.0,142.0,0.0,8178.0,8178.0,0.0,-81.27266732607978,-81.27266732607978,,158.7360594795539,158.7360594795539,
,모리셔스,58.0,58.0,0.0,212.0,212.0,0.0,8.0,8.0,0.0,137.0,137.0,0.0,-86.20689655172413,-86.20689655172413,,-35.37735849056604,-35.37735849056604,
,모리타니,,,,87.0,87.0,0.0,24.0,24.0,0.0,155.0,155.0,0.0,0,0,,78.16091954022988,78.16091954022988,
,모잠비크,51.0,51.0,0.0,631.0,631.0,0.0,54.0,54.0,0.0,544.0,544.0,0.0,5.882352941176472,5.882352941176472,,-13.787638668779712,-13.787638668779712,
,몬테네그로,17.25,17.25,0.0,93.25,93.25,0.0,5.0,5.0,0.0,85.0,85.0,0.0,-71.01449275362319,-71.01449275362319,,-8.847184986595169,-8.847184986595169,
,몰디브,,,,38.0,38.0,0.0,49.0,49.0,0.0,95.0,95.0,0.0,0,0,,150.0,150.0,
,몰타,29.75,29.75,0.0,417.0,317.0,100.0,11.0,11.0,0.0,202.5,202.5,0.0,-63.02521008403361,-63.02521008403361,,-51.438848920863315,-36.1198738170347,-100
,미국,95343.75,95279.75,64.0,1096340.75,1083505.75,12835.0,94342.0,94331.0,11.0,1072586.25,1071505.25,1081.0,-1.0506719108488993,-0.995751982976445,-82.8125,-2.1667077503048193,-1.1075621887562614,-91.57771717958707
,미국령 버진아일랜드,12.0,12.0,0.0,34.0,34.0,0.0,2.0,2.0,0.0,47.0,47.0,0.0,-83.33333333333334,-83.33333333333334,,38.23529411764706,38.23529411764706,
,미얀마,38.0,38.0,0.0,1235.0,1235.0,0.0,3.0,3.0,0.0,252.0,252.0,0.0,-92.10526315789474,-92.10526315789474,,-79.59514170040485,-79.59514170040485,
,미크로네시아,58.0,58.0,0.0,1723.0,1723.0,0.0,45.0,45.0,0.0,1376.0,1376.0,0.0,-22.413793103448278,-22.413793103448278,,-20.13929193267556,-20.13929193267556,
,바누아투,324.0,324.0,0.0,4476.0,4374.0,102.0,437.0,437.0,0.0,4160.0,4160.0,0.0,34.876543209876544,34.876543209876544,,-7.059874888293116,-4.892546867855508,-100
,바레인,,,,37.0,37.0,0.0,11.0,11.0,0.0,109.0,109.0,0.0,0,0,,194.5945945945946,194.5945945945946,
,바베이도스,90.0,90.0,0.0,1264.0,1264.0,0.0,57.0,57.0,0.0,913.0,913.0,0.0,-36.66666666666667,-36.66666666666667,,-27.768987341772156,-27.768987341772156,
,바하마,6401.75,105.0,6296.75,90444.25,1005.0,89439.25,4452.0,59.0,4393.0,54147.5,846.0,53301.5,-30.456515796461904,-43.80952380952381,-30.23385079604558,-40.1316280471119,-15.820895522388057,-40.4047999060815
,방글라데시,32.0,32.0,0.0,410.0,410.0,0.0,107.0,107.0,0.0,524.0,524.0,0.0,234.375,234.375,,27.80487804878049,27.80487804878049,
,버뮤다,,,,,,,2.0,2.0,0.0,2.0,2.0,0.0,0,0,,0,0,
,베냉,,,,71.0,71.0,0.0,6.0,6.0,0.0,110.0,110.0,0.0,0,0,,54.92957746478873,54.92957746478873,
,베네수엘라,964.0,964.0,0.0,9226.5,9216.5,10.0,625.0,625.0,0.0,10109.0,10109.0,0.0,-35.16597510373444,-35.16597510373444,,9.564840405354147,9.683719416264314,-100
,베트남,8532.75,8514.75,18.0,101706.25,97149.25,4557.0,8999.0,8971.0,28.0,108308.75,106200.5,2108.25,5.464240719580449,5.3583487477612435,55.55555555555556,6.49173477539482,9.31685010434975,-53.73601053324555
,벨기에,927.0,921.0,6.0,11303.25,10693.25,610.0,948.25,948.25,0.0,10112.5,10112.5,0.0,2.2923408845738846,2.958740499457102,-100,-10.534580762170176,-5.430996189184767,-100
,벨리즈,22.0,22.0,0.0,169.0,169.0,0.0,34.0,34.0,0.0,358.0,358.0,0.0,54.54545454545454,54.54545454545454,,111.83431952662724,111.83431952662724,
,볼리비아,,,,6.0,6.0,0.0,,,,,,,,,,-100,-100,
,북마리아나 제도,98.25,98.25,0.0,1087.5,1085.5,2.0,100.0,100.0,0.0,1099.25,1099.25,0.0,1.781170483460559,1.781170483460559,,1.0804597701149499,1.2666973744817955,-100
,불가리아,23.0,23.0,0.0,602.0,602.0,0.0,48.0,48.0,0.0,569.0,569.0,0.0,108.69565217391303,108.69565217391303,,-5.481727574750828,-5.481727574750828,
,브라질,4264.0,4264.0,0.0,47529.0,46726.0,803.0,3421.0,3421.0,0.0,55281.0,55281.0,0.0,-19.77016885553471,-19.77016885553471,,16.310042289970326,18.308864443778617,-100
,브루나이,,,,10.0,10.0,0.0,,,,2.0,2.0,0.0,,,,-80.0,-80.0,
,사모아,240.0,240.0,0.0,2776.0,2776.0,0.0,268.0,268.0,0.0,3062.0,3062.0,0.0,11.66666666666667,11.66666666666667,,10.30259365994237,10.30259365994237,
,사우디아라비아,2038.25,2038.25,0.0,22463.5,22463.5,0.0,1643.25,1643.25,0.0,18554.25,18554.25,0.0,-19.379369557218208,-19.379369557218208,,-17.402675451287642,-17.402675451287642,
,상투메 프린시페,,,,,,,,,,2.0,2.0,0.0,,,,0,0,
,세네갈,18.0,18.0,0.0,314.0,314.0,0.0,16.0,16.0,0.0,243.0,243.0,0.0,-11.111111111111116,-11.111111111111116,,-22.611464968152863,-22.611464968152863,
,세이셸,,,,6.0,6.0,0.0,5.0,5.0,0.0,8.0,8.0,0.0,0,0,,33.33333333333333,33.33333333333333,
,세인트 빈센트 그레나딘,4.0,4.0,0.0,124.0,124.0,0.0,4.0,4.0,0.0,87.0,87.0,0.0,0.0,0.0,,-29.838709677419352,-29.838709677419352,
,세인트루시아,22.0,22.0,0.0,243.0,243.0,0.0,7.0,7.0,0.0,182.0,182.0,0.0,-68.18181818181819,-68.18181818181819,,-25.10288065843621,-25.10288065843621,
,세인트키츠 네비스,3.0,3.0,0.0,40.0,40.0,0.0,1.0,1.0,0.0,86.0,86.0,0.0,-66.66666666666667,-66.66666666666667,,114.99999999999999,114.99999999999999,
,소말리아,4.0,4.0,0.0,42.0,42.0,0.0,7.0,7.0,0.0,68.0,68.0,0.0,75.0,75.0,,61.904761904761905,61.904761904761905,
,솔로몬제도,269.0,269.0,0.0,2839.0,2839.0,0.0,142.0,142.0,0.0,1635.0,1635.0,0.0,-47.21189591078067,-47.21189591078067,,-42.409299048960904,-42.409299048960904,
,수단,112.0,112.0,0.0,979.0,961.0,18.0,,,,307.0,307.0,0.0,-100,-100,,-68.6414708886619,-68.05411030176899,-100
,수리남,435.0,435.0,0.0,4195.0,4195.0,0.0,127.0,127.0,0.0,1844.0,1844.0,0.0,-70.80459770114942,-70.80459770114942,,-56.042908224076285,-56.042908224076285,
,스리랑카,137.0,137.0,0.0,571.0,571.0,0.0,58.0,58.0,0.0,1220.0,1220.0,0.0,-57.664233576642346,-57.664233576642346,,113.66024518388791,113.66024518388791,
,스웨덴,185.0,185.0,0.0,2009.0,2009.0,0.0,80.0,80.0,0.0,1920.0,1920.0,0.0,-56.75675675675676,-56.75675675675676,,-4.430064708810355,-4.430064708810355,
,스페인,1276.0,1276.0,0.0,21080.5,20230.5,850.0,1002.0,1002.0,0.0,22215.0,21695.0,520.0,-21.473354231974916,-21.473354231974916,,5.381750907236538,7.2390697214601785,-38.8235294117647
,슬로베니아,414.0,414.0,0.0,6040.0,6040.0,0.0,381.0,381.0,0.0,6983.75,6983.75,0.0,-7.971014492753625,-7.971014492753625,,15.625,15.625,
,시리아,66.0,66.0,0.0,3728.75,3728.75,0.0,29.0,29.0,0.0,443.0,443.0,0.0,-56.060606060606055,-56.060606060606055,,-88.11934294334563,-88.11934294334563,
,시에라 리온,2.0,2.0,0.0,149.0,149.0,0.0,,,,52.0,52.0,0.0,-100,-100,,-65.1006711409396,-65.1006711409396,
,싱가포르,4828.75,4606.75,222.0,61906.0,48537.0,13369.0,5047.0,4145.0,902.0,67208.25,58832.25,8376.0,4.519803261713684,-10.023335323167093,306.3063063063063,8.565001776887549,21.21113789480191,-37.34759518288578
,아랍에미리트연합국,4107.0,4107.0,0.0,47831.75,47831.75,0.0,3353.5,3353.5,0.0,36328.0,36082.0,246.0,-18.346725103481866,-18.346725103481866,,-24.050447662901732,-24.564750401145684,0
,아루바,7.0,7.0,0.0,79.0,79.0,0.0,24.0,24.0,0.0,137.75,137.75,0.0,242.85714285714283,242.85714285714283,,74.36708860759494,74.36708860759494,
,아르헨티나,812.0,812.0,0.0,8361.0,7995.0,366.0,830.0,830.0,0.0,11969.0,11958.0,11.0,2.2167487684729092,2.2167487684729092,,43.1527329266834,49.56848030018761,-96.99453551912568
,아메리칸사모아,91.0,91.0,0.0,1672.0,1672.0,0.0,200.0,200.0,0.0,1334.0,1334.0,0.0,119.7802197802198,119.7802197802198,,-20.215311004784688,-20.215311004784688,
,아이티,285.0,285.0,0.0,2947.0,2947.0,0.0,214.0,214.0,0.0,1731.0,1731.0,0.0,-24.912280701754387,-24.912280701754387,,-41.262300644723446,-41.262300644723446,
,아일랜드,2.0,2.0,0.0,392.25,392.25,0.0,11.0,11.0,0.0,545.0,545.0,0.0,450.0,450.0,,38.94200127469727,38.94200127469727,
,알바니아,10.0,10.0,0.0,87.0,87.0,0.0,16.0,16.0,0.0,49.0,49.0,0.0,60.00000000000001,60.00000000000001,,-43.67816091954023,-43.67816091954023,
,알제리,357.75,357.75,0.0,2233.0,2233.0,0.0,284.25,284.25,0.0,2376.25,2376.25,0.0,-20.545073375262056,-20.545073375262056,,6.415136587550374,6.415136587550374,
,앙골라,1.0,1.0,0.0,39.0,39.0,0.0,2.0,2.0,0.0,36.0,36.0,0.0,100.0,100.0,,-7.692307692307687,-7.692307692307687,
,앤티가 바부다,31.0,31.0,0.0,167.0,167.0,0.0,13.0,13.0,0.0,164.0,164.0,0.0,-58.06451612903225,-58.06451612903225,,-1.7964071856287456,-1.7964071856287456,
,앤틸리스제도,58.0,58.0,0.0,404.0,404.0,0.0,15.0,15.0,0.0,447.0,447.0,0.0,-74.13793103448276,-74.13793103448276,,10.643564356435654,10.643564356435654,
,앵귈라,4.0,4.0,0.0,9.0,9.0,0.0,2.0,2.0,0.0,6.0,6.0,0.0,-50.0,-50.0,,-33.333333333333336,-33.333333333333336,
,에리트레아,,,,7.0,7.0,0.0,,,,8.0,8.0,0.0,,,,14.28571428571428,14.28571428571428,
,에스토니아,13.0,13.0,0.0,126.0,126.0,0.0,45.0,45.0,0.0,136.0,136.0,0.0,246.15384615384616,246.15384615384616,,7.9365079365079305,7.9365079365079305,
,에콰도르,2787.0,2787.0,0.0,45430.0,29546.0,15884.0,2508.0,2056.0,452.0,36042.25,30172.25,5870.0,-10.010764262648008,-26.228919985647646,0,-20.664208672683248,2.1195762539768515,-63.04457315537648
,엘살바도르,434.0,434.0,0.0,4379.5,4379.5,0.0,580.0,580.0,0.0,6435.5,6435.5,0.0,33.6405529953917,33.6405529953917,,46.94599840164402,46.94599840164402,
,영국,1478.0,1478.0,0.0,14824.75,14808.75,16.0,453.0,453.0,0.0,23237.0,23235.0,2.0,-69.35047361299053,-69.35047361299053,,56.74463313040692,56.90048113446442,-87.5
,영국령 버진아일랜드,3.0,3.0,0.0,28.0,28.0,0.0,,,,13.0,13.0,0.0,-100,-100,,-53.57142857142857,-53.57142857142857,
,예멘,,,,49.0,49.0,0.0,7.0,7.0,0.0,36.0,36.0,0.0,0,0,,-26.530612244897956,-26.530612244897956,
,오만,497.25,497.25,0.0,3491.0,3479.0,12.0,524.0,524.0,0.0,5108.75,5108.75,0.0,5.379587732528912,5.379587732528912,,46.34059008879976,46.84535786145445,-100
,온두라스,434.5,434.5,0.0,4781.75,4781.75,0.0,652.0,652.0,0.0,5584.75,5122.75,462.0,50.05753739930956,50.05753739930956,,16.79301510953104,7.131280388978922,0
,왈리스 푸투나,,,,,,,,,,2.0,2.0,0.0,,,,0,0,
,요르단,390.0,390.0,0.0,3660.0,3660.0,0.0,359.0,359.0,0.0,2680.0,2680.0,0.0,-7.948717948717954,-7.948717948717954,,-26.775956284153,-26.775956284153,
,우루과이,227.0,227.0,0.0,1933.0,1933.0,0.0,189.0,189.0,0.0,2972.0,2972.0,0.0,-16.74008810572687,-16.74008810572687,,53.75064666321781,53.75064666321781,
,우크라이나,194.0,194.0,0.0,5536.0,5536.0,0.0,222.25,222.25,0.0,3637.5,3637.5,0.0,14.561855670103085,14.561855670103085,,-34.29371387283236,-34.29371387283236,
,원양어획지역,4.0,4.0,0.0,27.0,27.0,0.0,4.0,4.0,0.0,179.0,179.0,0.0,0.0,0.0,,562.9629629629629,562.9629629629629,
,이라크,34.0,34.0,0.0,787.25,787.25,0.0,30.0,30.0,0.0,364.0,364.0,0.0,-11.764705882352944,-11.764705882352944,,-53.76309939663385,-53.76309939663385,
,이란,,,,15.0,15.0,0.0,,,,14.0,14.0,0.0,,,,-6.666666666666665,-6.666666666666665,
,이스라엘,830.0,822.0,8.0,11991.25,11630.25,361.0,1139.0,1107.0,32.0,17001.0,16055.0,946.0,37.22891566265061,34.67153284671534,300.0,41.77838006880017,38.045183895445064,162.04986149584485
,이집트,1303.0,1273.0,30.0,19786.75,19024.75,762.0,1187.0,1157.0,30.0,17191.0,16355.0,836.0,-8.902532617037606,-9.112333071484679,0.0,-13.11862736427154,-14.03303591374394,9.711286089238836
,이탈리아,1459.0,1459.0,0.0,18454.0,17998.0,456.0,2444.0,2444.0,0.0,29311.25,29289.25,22.0,67.51199451679233,67.51199451679233,,58.83412810230843,62.73613734859429,-95.17543859649122
,인도,3598.0,3598.0,0.0,32577.25,32535.25,42.0,3849.25,3814.25,35.0,45361.25,45232.25,129.0,6.983046136742632,6.010283490828239,0,39.242109140581235,39.02536479664364,207.14285714285717
,인도네시아,4860.0,4852.0,8.0,54461.5,54437.5,24.0,3400.0,3399.0,1.0,49714.5,49681.5,33.0,-30.04115226337448,-29.946413849958773,-87.5,-8.716249093396256,-8.736624569460394,37.5
,일본,66089.5,65120.5,969.0,906754.0,894007.0,12747.0,77818.0,75921.0,1897.0,937351.0,923782.75,13568.25,17.746389365935578,16.585407053078516,95.76883384932921,3.374344088914971,3.3305947268869263,6.442692398211336
,자메이카,1878.0,1868.0,10.0,15141.25,15112.25,29.0,1354.0,1354.0,0.0,15996.0,15995.0,1.0,-27.902023429179977,-27.516059957173443,-100,5.645174605795433,5.841287697066955,-96.55172413793103
,적도 기니,,,,2.0,2.0,0.0,,,,8.0,8.0,0.0,,,,300.0,300.0,
,조지아,173.0,173.0,0.0,1447.5,1447.5,0.0,178.0,178.0,0.0,1367.25,1367.25,0.0,2.8901734104046284,2.8901734104046284,,-5.544041450777204,-5.544041450777204,
,중국,101331.5,95323.5,6008.0,1297318.0,1083249.75,214068.25,102526.0,93814.5,8711.5,1171796.0,1085741.25,86054.75,1.178804221786911,-1.5830304174731302,44.99833555259654,-9.675499761816297,0.23000236095138682,-59.80032069211572
,지부티,1.0,1.0,0.0,217.0,217.0,0.0,13.0,13.0,0.0,61.0,61.0,0.0,1200.0,1200.0,,-71.88940092165899,-71.88940092165899,
,칠레,17795.0,16883.0,912.0,179192.75,165888.75,13304.0,22369.0,21957.0,412.0,234695.75,230419.75,4276.0,25.703849395897716,30.053900373156427,-54.824561403508774,30.973909379704256,38.90016652726602,-67.85929043896573
,카메룬,15.0,15.0,0.0,245.0,245.0,0.0,8.0,8.0,0.0,260.0,260.0,0.0,-46.666666666666664,-46.666666666666664,,6.1224489795918435,6.1224489795918435,
,카보 베르데,,,,1.0,1.0,0.0,,,,,,,,,,-100,-100,
,카타르,373.0,373.0,0.0,3313.5,3313.5,0.0,313.0,313.0,0.0,2861.5,2861.5,0.0,-16.0857908847185,-16.0857908847185,,-13.641164931341487,-13.641164931341487,
,캄보디아,46.5,46.5,0.0,508.0,508.0,0.0,24.0,24.0,0.0,595.5,595.5,0.0,-48.38709677419355,-48.38709677419355,,17.22440944881889,17.22440944881889,
,캐나다,26542.25,26542.25,0.0,305485.25,304649.25,836.0,23662.75,23662.75,0.0,350186.0,349932.0,254.0,-10.848741157965136,-10.848741157965136,,14.632703215621712,14.863896759962492,-69.61722488038278
,케냐,67.0,67.0,0.0,918.0,918.0,0.0,131.0,131.0,0.0,840.0,840.0,0.0,95.5223880597015,95.5223880597015,,-8.496732026143794,-8.496732026143794,
,케이맨 제도,18.0,18.0,0.0,94.0,94.0,0.0,6.0,6.0,0.0,102.0,102.0,0.0,-66.66666666666667,-66.66666666666667,,8.51063829787233,8.51063829787233,
,코모로,,,,,,,2.0,2.0,0.0,4.0,4.0,0.0,0,0,,0,0,
,코스타리카,903.75,903.75,0.0,9562.75,9562.75,0.0,488.0,488.0,0.0,10302.75,10044.75,258.0,-46.00276625172891,-46.00276625172891,,7.738359781443616,5.0403911008862545,0
,코트디부아르,8.0,8.0,0.0,327.0,327.0,0.0,16.0,16.0,0.0,709.0,709.0,0.0,100.0,100.0,,116.81957186544341,116.81957186544341,
,콜롬비아,6587.25,6585.25,2.0,81353.5,80708.5,645.0,6573.0,6573.0,0.0,88049.75,87945.75,104.0,-0.2163269953318947,-0.18602179112410244,-100,8.231053365866249,8.967147202587089,-83.87596899224806
,콩고,3.0,3.0,0.0,22.0,22.0,0.0,,,,29.0,29.0,0.0,-100,-100,,31.818181818181813,31.818181818181813,
,콩고 민주 공화국,4.0,4.0,0.0,52.0,52.0,0.0,4.0,4.0,0.0,58.0,58.0,0.0,0.0,0.0,,11.538461538461542,11.538461538461542,
,쿠바,146.0,146.0,0.0,2495.0,2495.0,0.0,345.0,345.0,0.0,3422.0,3422.0,0.0,136.3013698630137,136.3013698630137,,37.15430861723448,37.15430861723448,
,쿠웨이트,35.0,35.0,0.0,554.0,554.0,0.0,31.0,31.0,0.0,294.0,294.0,0.0,-11.428571428571432,-11.428571428571432,,-46.931407942238266,-46.931407942238266,
,쿡 제도,,,,1.0,1.0,0.0,2.0,2.0,0.0,6.0,6.0,0.0,0,0,,500.0,500.0,
,퀴라소,,,,13.0,13.0,0.0,,,,62.0,62.0,0.0,,,,376.9230769230769,376.9230769230769,
,크로아티아,38.75,38.75,0.0,1350.5,1350.5,0.0,211.5,211.5,0.0,2274.25,2274.25,0.0,445.80645161290323,445.80645161290323,,68.40059237319511,68.40059237319511,
,키리바시,91.0,91.0,0.0,1957.0,1957.0,0.0,273.0,273.0,0.0,2592.0,2592.0,0.0,200.0,200.0,,32.44762391415432,32.44762391415432,
,키프로스,6.0,6.0,0.0,100.0,100.0,0.0,4.0,4.0,0.0,91.0,91.0,0.0,-33.333333333333336,-33.333333333333336,,-8.999999999999996,-8.999999999999996,
,탄자니아,80.0,80.0,0.0,497.0,497.0,0.0,191.0,191.0,0.0,471.0,471.0,0.0,138.75000000000003,138.75000000000003,,-5.231388329979881,-5.231388329979881,
,태국,6755.25,6609.25,146.0,86984.25,85270.25,1714.0,7168.5,7168.5,0.0,77737.25,77203.25,534.0,6.117464194515376,8.46162575178726,-100,-10.63066014824523,-9.46050938046974,-68.84480746791132
,토고,8.0,8.0,0.0,132.5,132.5,0.0,,,,186.0,186.0,0.0,-100,-100,,40.37735849056603,40.37735849056603,
,통가,59.0,59.0,0.0,1014.0,1014.0,0.0,174.0,174.0,0.0,1444.0,1444.0,0.0,194.91525423728814,194.91525423728814,,42.40631163708086,42.40631163708086,
,투발루,2.0,2.0,0.0,2.0,2.0,0.0,,,,,,,-100,-100,,-100,-100,
,튀니지,286.0,286.0,0.0,1622.5,1622.5,0.0,138.0,138.0,0.0,1405.5,1405.5,0.0,-51.74825174825175,-51.74825174825175,,-13.374422187981505,-13.374422187981505,
,튀르키예,3370.25,3370.25,0.0,37092.75,36942.75,150.0,3363.25,3363.25,0.0,38218.25,38218.25,0.0,-0.2076997255396451,-0.2076997255396451,,3.034285675772219,3.452639557152626,-100
,트리니다드 토바고,461.25,461.25,0.0,5614.0,5414.0,200.0,388.0,388.0,0.0,4585.0,4585.0,0.0,-15.88075880758808,-15.88075880758808,,-18.329177057356606,-15.312153675655704,-100
,파나마,3267.25,2997.25,270.0,51707.0,40018.5,11688.5,3769.0,3743.0,26.0,42952.0,42657.0,295.0,15.356951564771592,24.8811410459588,-90.37037037037037,-16.93194345059663,6.593200644701835,-97.47615177311032
,파라과이,,,,207.0,207.0,0.0,34.0,34.0,0.0,297.0,297.0,0.0,0,0,,43.47826086956521,43.47826086956521,
,파키스탄,640.25,634.25,6.0,6212.75,6206.75,6.0,797.0,797.0,0.0,6356.25,6356.25,0.0,24.482623975009755,25.660228616476143,-100,2.3097662065912905,2.408667982438484,-100
,파푸아 뉴기니,946.0,946.0,0.0,5367.0,5366.0,1.0,371.0,371.0,0.0,4483.0,4482.0,1.0,-60.782241014799155,-60.782241014799155,,-16.471026644307805,-16.474096161013797,0.0
,팔라우,15.0,15.0,0.0,169.0,169.0,0.0,3.0,3.0,0.0,117.0,117.0,0.0,-80.0,-80.0,,-30.76923076923077,-30.76923076923077,
,페루,9017.0,9007.0,10.0,61891.0,60455.0,1436.0,5504.0,5504.0,0.0,72938.25,71756.25,1182.0,-38.95974270821782,-38.891972909958916,-100,17.849525779192454,18.6936564386734,-17.68802228412256
,포르투갈,19.0,19.0,0.0,372.0,372.0,0.0,20.0,20.0,0.0,278.0,278.0,0.0,5.263157894736836,5.263157894736836,,-25.268817204301076,-25.268817204301076,
,폴란드,416.0,416.0,0.0,2155.0,2153.0,2.0,134.0,134.0,0.0,2174.0,2174.0,0.0,-67.78846153846155,-67.78846153846155,,0.8816705336426978,0.9753831862517437,-100
,푸에르토리코,1410.0,1410.0,0.0,7597.0,7597.0,0.0,962.0,962.0,0.0,6691.0,6691.0,0.0,-31.773049645390074,-31.773049645390074,,-11.925760168487564,-11.925760168487564,
,프랑스,1037.25,1033.25,4.0,11960.5,11919.5,41.0,1004.25,1004.25,0.0,21038.75,21013.75,25.0,-3.18148951554591,-2.806677957899828,-100,75.9019271769575,76.29724401191325,-39.02439024390244
,프랑스령 기아나,10.0,10.0,0.0,38.0,38.0,0.0,4.0,4.0,0.0,59.0,59.0,0.0,-60.0,-60.0,,55.263157894736835,55.263157894736835,
,프랑스령 폴리네시아,51.0,51.0,0.0,828.0,824.0,4.0,292.0,292.0,0.0,1738.0,1738.0,0.0,472.54901960784315,472.54901960784315,,109.90338164251207,110.92233009708737,-100
,피지,462.0,462.0,0.0,5096.0,5081.0,15.0,491.0,491.0,0.0,6179.0,6174.0,5.0,6.277056277056281,6.277056277056281,,21.251962323390906,21.511513481598122,-66.66666666666667
,핀란드,27.0,27.0,0.0,429.0,429.0,0.0,15.0,15.0,0.0,303.0,303.0,0.0,-44.44444444444444,-44.44444444444444,,-29.370629370629374,-29.370629370629374,
,필리핀,5328.25,5328.25,0.0,56663.0,54119.0,2544.0,5628.25,5628.25,0.0,69737.5,69737.5,0.0,5.630366443015999,5.630366443015999,,23.074140091417682,28.859550250374166,-100
,호주,2140.0,2029.0,111.0,25313.25,23761.25,1552.0,835.0,823.0,12.0,21096.0,19658.0,1438.0,-60.981308411214954,-59.43814687037949,-89.1891891891892,-16.660247103789516,-17.268662212636123,-7.345360824742264
,홍콩,5324.75,5164.75,160.0,51704.25,50388.5,1315.75,1908.0,1892.0,16.0,45750.75,45068.75,682.0,-64.167331799615,-63.36705552059635,-90.0,-11.514527335760604,-10.557468469988196,-48.1664449933498
